id,top1_accuracy.true,top1_accuracy.pred,top1_accuracy.confidence,top1_accuracy.correct,top1_accuracy.in_top3,calibration.confidence,calibration.brier,gradcam_faithfulness.faithfulness,gradcam_faithfulness.random_control,skin_tone_ita.ita,skin_tone_ita.bin,skin_tone_ita.true,skin_tone_ita.pred,skin_tone_ita.correct
ISIC_0024342,melanocytic_Nevi,melanocytic_Nevi,0.9381,true,true,0.9381,0.0057,0.138,0.061,71.4,light (I–II),melanocytic_Nevi,melanocytic_Nevi,true
ISIC_0024348,melanocytic_Nevi,melanocytic_Nevi,0.9504,true,true,0.9504,0.0046,0.058,0.015,26.7,medium (III–IV),melanocytic_Nevi,melanocytic_Nevi,true
ISIC_0024353,melanocytic_Nevi,melanocytic_Nevi,1.0,true,true,1.0,0.0,0.014,0.0,58.2,light (I–II),melanocytic_Nevi,melanocytic_Nevi,true
ISIC_0024354,melanocytic_Nevi,melanocytic_Nevi,0.9791,true,true,0.9791,0.0008,0.566,0.108,76.0,light (I–II),melanocytic_Nevi,melanocytic_Nevi,true
ISIC_0024359,melanocytic_Nevi,melanocytic_Nevi,0.9998,true,true,0.9998,0.0,0.017,0.011,25.0,medium (III–IV),melanocytic_Nevi,melanocytic_Nevi,true
ISIC_0024360,basal_cell_carcinoma,basal_cell_carcinoma,0.9945,true,true,0.9945,0.0,0.968,0.033,90.0,light (I–II),basal_cell_carcinoma,basal_cell_carcinoma,true
ISIC_0024362,melanocytic_Nevi,melanocytic_Nevi,0.9999,true,true,0.9999,0.0,0.34,0.023,42.1,light (I–II),melanocytic_Nevi,melanocytic_Nevi,true
ISIC_0024364,melanocytic_Nevi,melanocytic_Nevi,0.6484,true,true,0.6484,0.2136,0.005,0.0,45.0,light (I–II),melanocytic_Nevi,melanocytic_Nevi,true
ISIC_0024371,benign_keratosis-like_lesions,benign_keratosis-like_lesions,0.7921,true,true,0.7921,0.0644,0.413,0.022,68.9,light (I–II),benign_keratosis-like_lesions,benign_keratosis-like_lesions,true
ISIC_0024374,melanocytic_Nevi,melanocytic_Nevi,0.9524,true,true,0.9524,0.0044,0.181,0.0,66.9,light (I–II),melanocytic_Nevi,melanocytic_Nevi,true
ISIC_0024388,melanocytic_Nevi,melanocytic_Nevi,0.4072,true,true,0.4072,0.4683,0.32,0.0,35.5,medium (III–IV),melanocytic_Nevi,melanocytic_Nevi,true
ISIC_0024395,melanocytic_Nevi,melanocytic_Nevi,0.8602,true,true,0.8602,0.039,0.0,0.0,87.6,light (I–II),melanocytic_Nevi,melanocytic_Nevi,true
ISIC_0024406,melanocytic_Nevi,melanocytic_Nevi,0.9811,true,true,0.9811,0.0007,0.159,0.0,61.6,light (I–II),melanocytic_Nevi,melanocytic_Nevi,true
ISIC_0024414,melanocytic_Nevi,melanocytic_Nevi,0.9998,true,true,0.9998,0.0,0.019,0.188,71.1,light (I–II),melanocytic_Nevi,melanocytic_Nevi,true
ISIC_0024427,melanocytic_Nevi,melanocytic_Nevi,0.999,true,true,0.999,0.0,0.087,0.004,79.8,light (I–II),melanocytic_Nevi,melanocytic_Nevi,true
ISIC_0024428,melanocytic_Nevi,melanocytic_Nevi,0.9989,true,true,0.9989,0.0,0.381,0.003,60.1,light (I–II),melanocytic_Nevi,melanocytic_Nevi,true
ISIC_0024432,basal_cell_carcinoma,melanocytic_Nevi,0.6386,false,true,0.6386,1.3972,0.266,0.0,56.4,light (I–II),basal_cell_carcinoma,melanocytic_Nevi,false
ISIC_0024437,melanocytic_Nevi,melanocytic_Nevi,0.8911,true,true,0.8911,0.0199,0.373,0.458,112.0,light (I–II),melanocytic_Nevi,melanocytic_Nevi,true
ISIC_0024441,melanocytic_Nevi,melanocytic_Nevi,0.7035,true,true,0.7035,0.1716,0.0,0.0,99.0,light (I–II),melanocytic_Nevi,melanocytic_Nevi,true
ISIC_0024451,melanocytic_Nevi,melanocytic_Nevi,0.9687,true,true,0.9687,0.002,0.065,0.019,74.0,light (I–II),melanocytic_Nevi,melanocytic_Nevi,true
ISIC_0024454,basal_cell_carcinoma,basal_cell_carcinoma,0.9719,true,true,0.9719,0.0012,0.851,0.508,68.9,light (I–II),basal_cell_carcinoma,basal_cell_carcinoma,true
ISIC_0024465,melanocytic_Nevi,melanocytic_Nevi,0.9995,true,true,0.9995,0.0,0.059,0.004,29.9,medium (III–IV),melanocytic_Nevi,melanocytic_Nevi,true
ISIC_0024469,melanocytic_Nevi,melanocytic_Nevi,0.9997,true,true,0.9997,0.0,0.084,0.031,70.5,light (I–II),melanocytic_Nevi,melanocytic_Nevi,true
ISIC_0024482,melanoma,melanoma,0.9566,true,true,0.9566,0.0027,0.866,0.715,75.8,light (I–II),melanoma,melanoma,true
ISIC_0024483,melanocytic_Nevi,melanocytic_Nevi,0.999,true,true,0.999,0.0,0.05,0.082,35.6,medium (III–IV),melanocytic_Nevi,melanocytic_Nevi,true
ISIC_0024487,melanocytic_Nevi,melanocytic_Nevi,0.9967,true,true,0.9967,0.0,0.673,0.105,76.0,light (I–II),melanocytic_Nevi,melanocytic_Nevi,true
ISIC_0024488,melanocytic_Nevi,melanocytic_Nevi,0.9815,true,true,0.9815,0.0005,0.246,0.023,47.2,light (I–II),melanocytic_Nevi,melanocytic_Nevi,true
ISIC_0024492,melanocytic_Nevi,melanocytic_Nevi,0.984,true,true,0.984,0.0004,0.382,0.044,12.1,dark (V–VI),melanocytic_Nevi,melanocytic_Nevi,true
ISIC_0024501,melanocytic_Nevi,melanocytic_Nevi,0.9998,true,true,0.9998,0.0,0.052,0.004,64.4,light (I–II),melanocytic_Nevi,melanocytic_Nevi,true
ISIC_0024519,melanocytic_Nevi,melanocytic_Nevi,0.5449,true,true,0.5449,0.4121,0.365,0.0,82.6,light (I–II),melanocytic_Nevi,melanocytic_Nevi,true
ISIC_0024524,melanocytic_Nevi,melanocytic_Nevi,0.9358,true,true,0.9358,0.0078,0.282,0.217,95.8,light (I–II),melanocytic_Nevi,melanocytic_Nevi,true
ISIC_0024557,melanocytic_Nevi,melanocytic_Nevi,1.0,true,true,1.0,0.0,0.253,0.014,62.6,light (I–II),melanocytic_Nevi,melanocytic_Nevi,true
ISIC_0024559,melanocytic_Nevi,melanocytic_Nevi,0.6366,true,true,0.6366,0.2638,0.0,0.0,75.7,light (I–II),melanocytic_Nevi,melanocytic_Nevi,true
ISIC_0024560,melanocytic_Nevi,melanocytic_Nevi,0.7792,true,true,0.7792,0.0973,0.569,0.0,75.9,light (I–II),melanocytic_Nevi,melanocytic_Nevi,true
ISIC_0024565,melanocytic_Nevi,melanocytic_Nevi,0.999,true,true,0.999,0.0,0.057,0.0,102.4,light (I–II),melanocytic_Nevi,melanocytic_Nevi,true
ISIC_0024578,melanocytic_Nevi,melanocytic_Nevi,0.9423,true,true,0.9423,0.0063,0.807,0.364,104.8,light (I–II),melanocytic_Nevi,melanocytic_Nevi,true
ISIC_0024582,basal_cell_carcinoma,dermatofibroma,0.6092,false,true,0.6092,1.1246,0.584,0.491,66.3,light (I–II),basal_cell_carcinoma,dermatofibroma,false
ISIC_0024587,melanocytic_Nevi,melanocytic_Nevi,0.8699,true,true,0.8699,0.0338,0.58,0.319,72.1,light (I–II),melanocytic_Nevi,melanocytic_Nevi,true
ISIC_0024592,benign_keratosis-like_lesions,benign_keratosis-like_lesions,0.6432,true,true,0.6432,0.198,0.0,0.0,79.1,light (I–II),benign_keratosis-like_lesions,benign_keratosis-like_lesions,true
ISIC_0024593,melanocytic_Nevi,melanocytic_Nevi,0.9683,true,true,0.9683,0.002,0.128,0.193,35.2,medium (III–IV),melanocytic_Nevi,melanocytic_Nevi,true
ISIC_0024599,melanocytic_Nevi,melanocytic_Nevi,0.7366,true,true,0.7366,0.0993,0.535,0.012,58.7,light (I–II),melanocytic_Nevi,melanocytic_Nevi,true
ISIC_0024613,melanocytic_Nevi,melanocytic_Nevi,0.9997,true,true,0.9997,0.0,0.004,0.003,49.1,light (I–II),melanocytic_Nevi,melanocytic_Nevi,true
ISIC_0024616,melanocytic_Nevi,melanocytic_Nevi,0.7647,true,true,0.7647,0.0804,0.0,0.0,11.6,dark (V–VI),melanocytic_Nevi,melanocytic_Nevi,true
ISIC_0024622,melanocytic_Nevi,melanocytic_Nevi,0.9975,true,true,0.9975,0.0,0.166,0.013,61.1,light (I–II),melanocytic_Nevi,melanocytic_Nevi,true
ISIC_0024636,melanocytic_Nevi,melanocytic_Nevi,0.9995,true,true,0.9995,0.0,0.004,0.003,55.4,light (I–II),melanocytic_Nevi,melanocytic_Nevi,true
ISIC_0024641,melanocytic_Nevi,melanocytic_Nevi,0.9993,true,true,0.9993,0.0,0.075,0.006,82.6,light (I–II),melanocytic_Nevi,melanocytic_Nevi,true
ISIC_0024644,melanoma,benign_keratosis-like_lesions,0.5585,false,true,0.5585,0.7641,0.108,0.173,1.9,dark (V–VI),melanoma,benign_keratosis-like_lesions,false
ISIC_0024647,melanoma,benign_keratosis-like_lesions,0.8428,false,true,0.8428,1.4693,0.581,0.033,-84.5,dark (V–VI),melanoma,benign_keratosis-like_lesions,false
ISIC_0024658,melanocytic_Nevi,melanocytic_Nevi,0.9983,true,true,0.9983,0.0,0.068,0.032,95.6,light (I–II),melanocytic_Nevi,melanocytic_Nevi,true
ISIC_0024661,melanocytic_Nevi,melanocytic_Nevi,0.9947,true,true,0.9947,0.0,0.139,0.195,31.4,medium (III–IV),melanocytic_Nevi,melanocytic_Nevi,true
ISIC_0024673,basal_cell_carcinoma,basal_cell_carcinoma,0.4519,true,true,0.4519,0.4077,0.447,0.196,93.4,light (I–II),basal_cell_carcinoma,basal_cell_carcinoma,true
ISIC_0024686,melanocytic_Nevi,melanocytic_Nevi,0.9998,true,true,0.9998,0.0,0.14,0.005,59.3,light (I–II),melanocytic_Nevi,melanocytic_Nevi,true
ISIC_0024688,melanoma,melanoma,0.5488,true,true,0.5488,0.4071,0.53,0.484,99.6,light (I–II),melanoma,melanoma,true
ISIC_0024695,melanocytic_Nevi,melanocytic_Nevi,0.8716,true,true,0.8716,0.0328,0.488,0.056,64.1,light (I–II),melanocytic_Nevi,melanocytic_Nevi,true
ISIC_0024697,melanocytic_Nevi,melanoma,0.8976,false,true,0.8976,1.6137,0.377,0.0,96.1,light (I–II),melanocytic_Nevi,melanoma,false
ISIC_0024710,actinic_keratoses,basal_cell_carcinoma,0.7484,false,false,0.7484,1.564,0.133,0.005,96.4,light (I–II),actinic_keratoses,basal_cell_carcinoma,false
ISIC_0024722,melanocytic_Nevi,melanocytic_Nevi,0.9972,true,true,0.9972,0.0,0.164,0.039,40.9,medium (III–IV),melanocytic_Nevi,melanocytic_Nevi,true
ISIC_0024725,melanocytic_Nevi,melanocytic_Nevi,0.8326,true,true,0.8326,0.0536,0.043,0.0,109.2,light (I–II),melanocytic_Nevi,melanocytic_Nevi,true
ISIC_0024747,vascular_lesions,vascular_lesions,0.9951,true,true,0.9951,0.0,0.994,0.988,92.7,light (I–II),vascular_lesions,vascular_lesions,true
ISIC_0024750,melanocytic_Nevi,melanocytic_Nevi,0.9806,true,true,0.9806,0.0006,0.153,0.194,17.8,dark (V–VI),melanocytic_Nevi,melanocytic_Nevi,true
ISIC_0024752,melanocytic_Nevi,melanocytic_Nevi,0.866,true,true,0.866,0.0359,0.129,0.026,93.6,light (I–II),melanocytic_Nevi,melanocytic_Nevi,true
ISIC_0024754,melanocytic_Nevi,melanocytic_Nevi,0.9761,true,true,0.9761,0.0009,0.461,0.031,62.3,light (I–II),melanocytic_Nevi,melanocytic_Nevi,true
ISIC_0024755,melanocytic_Nevi,melanocytic_Nevi,1.0,true,true,1.0,0.0,0.007,0.0,81.1,light (I–II),melanocytic_Nevi,melanocytic_Nevi,true
ISIC_0024756,melanoma,melanocytic_Nevi,0.7371,false,true,0.7371,1.2566,0.427,0.414,103.8,light (I–II),melanoma,melanocytic_Nevi,false
ISIC_0024760,benign_keratosis-like_lesions,benign_keratosis-like_lesions,0.5558,true,true,0.5558,0.3062,0.387,0.0,76.9,light (I–II),benign_keratosis-like_lesions,benign_keratosis-like_lesions,true
ISIC_0024772,benign_keratosis-like_lesions,melanocytic_Nevi,0.4868,false,true,0.4868,0.8093,0.415,0.16,80.0,light (I–II),benign_keratosis-like_lesions,melanocytic_Nevi,false
ISIC_0024777,melanocytic_Nevi,melanocytic_Nevi,0.8365,true,true,0.8365,0.0511,0.177,0.0,60.9,light (I–II),melanocytic_Nevi,melanocytic_Nevi,true
ISIC_0024787,basal_cell_carcinoma,basal_cell_carcinoma,0.9917,true,true,0.9917,0.0001,0.61,0.099,69.5,light (I–II),basal_cell_carcinoma,basal_cell_carcinoma,true
ISIC_0024794,melanocytic_Nevi,melanocytic_Nevi,0.9638,true,true,0.9638,0.0021,0.014,0.144,21.4,medium (III–IV),melanocytic_Nevi,melanocytic_Nevi,true
ISIC_0024797,melanocytic_Nevi,melanocytic_Nevi,0.9997,true,true,0.9997,0.0,0.06,0.06,43.8,light (I–II),melanocytic_Nevi,melanocytic_Nevi,true
ISIC_0024808,melanocytic_Nevi,melanocytic_Nevi,0.8806,true,true,0.8806,0.0285,0.623,0.0,70.7,light (I–II),melanocytic_Nevi,melanocytic_Nevi,true
ISIC_0024810,melanocytic_Nevi,melanocytic_Nevi,0.9826,true,true,0.9826,0.0006,0.319,0.21,57.4,light (I–II),melanocytic_Nevi,melanocytic_Nevi,true
ISIC_0024818,melanocytic_Nevi,melanoma,0.4653,false,true,0.4653,0.6633,0.458,0.454,138.4,light (I–II),melanocytic_Nevi,melanoma,false
ISIC_0024829,basal_cell_carcinoma,basal_cell_carcinoma,0.9974,true,true,0.9974,0.0,0.722,0.403,84.4,light (I–II),basal_cell_carcinoma,basal_cell_carcinoma,true
ISIC_0024830,melanocytic_Nevi,melanocytic_Nevi,0.9098,true,true,0.9098,0.0132,0.1,0.011,114.9,light (I–II),melanocytic_Nevi,melanocytic_Nevi,true
ISIC_0024833,basal_cell_carcinoma,basal_cell_carcinoma,0.9368,true,true,0.9368,0.0067,0.71,0.0,75.5,light (I–II),basal_cell_carcinoma,basal_cell_carcinoma,true
ISIC_0024835,melanocytic_Nevi,melanocytic_Nevi,0.9967,true,true,0.9967,0.0,0.479,0.014,73.6,light (I–II),melanocytic_Nevi,melanocytic_Nevi,true
ISIC_0024848,basal_cell_carcinoma,basal_cell_carcinoma,0.9718,true,true,0.9718,0.0014,0.753,0.381,53.8,light (I–II),basal_cell_carcinoma,basal_cell_carcinoma,true
ISIC_0024849,melanocytic_Nevi,melanocytic_Nevi,0.9593,true,true,0.9593,0.0025,0.023,0.0,51.3,light (I–II),melanocytic_Nevi,melanocytic_Nevi,true
ISIC_0024857,melanocytic_Nevi,melanocytic_Nevi,0.8326,true,true,0.8326,0.0463,0.027,0.183,109.4,light (I–II),melanocytic_Nevi,melanocytic_Nevi,true
ISIC_0024873,melanocytic_Nevi,melanocytic_Nevi,0.9999,true,true,0.9999,0.0,0.037,0.003,71.6,light (I–II),melanocytic_Nevi,melanocytic_Nevi,true
ISIC_0024875,melanoma,melanoma,0.5408,true,true,0.5408,0.3237,0.528,0.0,62.8,light (I–II),melanoma,melanoma,true
ISIC_0024898,melanoma,melanocytic_Nevi,0.5134,false,true,0.5134,0.5273,0.198,0.319,99.4,light (I–II),melanoma,melanocytic_Nevi,false
ISIC_0024900,melanoma,melanoma,0.8919,true,true,0.8919,0.0158,0.889,0.107,69.1,light (I–II),melanoma,melanoma,true
ISIC_0024916,melanocytic_Nevi,melanocytic_Nevi,0.9605,true,true,0.9605,0.0026,0.344,0.062,99.1,light (I–II),melanocytic_Nevi,melanocytic_Nevi,true
ISIC_0024923,actinic_keratoses,basal_cell_carcinoma,0.4884,false,true,0.4884,0.6734,0.382,0.0,66.8,light (I–II),actinic_keratoses,basal_cell_carcinoma,false
ISIC_0024926,melanocytic_Nevi,dermatofibroma,0.5509,false,true,0.5509,0.6301,0.548,0.551,62.2,light (I–II),melanocytic_Nevi,dermatofibroma,false
ISIC_0024931,basal_cell_carcinoma,basal_cell_carcinoma,0.7141,true,true,0.7141,0.1257,0.595,0.589,49.0,light (I–II),basal_cell_carcinoma,basal_cell_carcinoma,true
ISIC_0024935,melanocytic_Nevi,melanocytic_Nevi,0.7416,true,true,0.7416,0.0893,0.38,0.153,26.5,medium (III–IV),melanocytic_Nevi,melanocytic_Nevi,true
ISIC_0024943,benign_keratosis-like_lesions,benign_keratosis-like_lesions,0.9298,true,true,0.9298,0.009,0.216,0.153,34.7,medium (III–IV),benign_keratosis-like_lesions,benign_keratosis-like_lesions,true
ISIC_0024955,melanocytic_Nevi,melanoma,0.5231,false,true,0.5231,0.5498,0.492,0.499,97.6,light (I–II),melanocytic_Nevi,melanoma,false
ISIC_0024960,melanocytic_Nevi,melanocytic_Nevi,0.9994,true,true,0.9994,0.0,0.217,0.031,36.6,medium (III–IV),melanocytic_Nevi,melanocytic_Nevi,true
ISIC_0024971,benign_keratosis-like_lesions,benign_keratosis-like_lesions,0.9179,true,true,0.9179,0.0095,0.368,0.018,99.4,light (I–II),benign_keratosis-like_lesions,benign_keratosis-like_lesions,true
ISIC_0024974,melanocytic_Nevi,melanocytic_Nevi,0.9997,true,true,0.9997,0.0,0.31,0.003,66.6,light (I–II),melanocytic_Nevi,melanocytic_Nevi,true
ISIC_0024976,melanocytic_Nevi,melanocytic_Nevi,0.9993,true,true,0.9993,0.0,0.132,0.054,66.0,light (I–II),melanocytic_Nevi,melanocytic_Nevi,true
ISIC_0024977,melanocytic_Nevi,melanocytic_Nevi,0.9994,true,true,0.9994,0.0,0.019,0.046,27.9,medium (III–IV),melanocytic_Nevi,melanocytic_Nevi,true
ISIC_0024978,melanocytic_Nevi,melanocytic_Nevi,0.9982,true,true,0.9982,0.0,0.837,0.01,26.7,medium (III–IV),melanocytic_Nevi,melanocytic_Nevi,true
ISIC_0024979,melanocytic_Nevi,melanocytic_Nevi,0.998,true,true,0.998,0.0,0.001,0.02,72.3,light (I–II),melanocytic_Nevi,melanocytic_Nevi,true
ISIC_0024981,benign_keratosis-like_lesions,melanocytic_Nevi,0.7242,false,true,0.7242,1.3081,0.075,0.129,89.5,light (I–II),benign_keratosis-like_lesions,melanocytic_Nevi,false
ISIC_0024988,melanocytic_Nevi,melanocytic_Nevi,0.999,true,true,0.999,0.0,0.037,0.002,65.1,light (I–II),melanocytic_Nevi,melanocytic_Nevi,true
ISIC_0024990,melanocytic_Nevi,melanocytic_Nevi,0.9998,true,true,0.9998,0.0,0.041,0.028,46.6,light (I–II),melanocytic_Nevi,melanocytic_Nevi,true
ISIC_0024997,benign_keratosis-like_lesions,benign_keratosis-like_lesions,0.962,true,true,0.962,0.0022,0.161,0.014,102.0,light (I–II),benign_keratosis-like_lesions,benign_keratosis-like_lesions,true
ISIC_0024998,melanocytic_Nevi,melanocytic_Nevi,0.8095,true,true,0.8095,0.0723,0.0,0.0,96.2,light (I–II),melanocytic_Nevi,melanocytic_Nevi,true
ISIC_0025006,melanocytic_Nevi,melanocytic_Nevi,0.9999,true,true,0.9999,0.0,0.08,0.006,63.9,light (I–II),melanocytic_Nevi,melanocytic_Nevi,true
ISIC_0025009,melanocytic_Nevi,melanocytic_Nevi,0.9925,true,true,0.9925,0.0001,0.563,0.002,102.9,light (I–II),melanocytic_Nevi,melanocytic_Nevi,true
ISIC_0025011,melanocytic_Nevi,melanocytic_Nevi,0.9998,true,true,0.9998,0.0,0.016,0.013,42.0,light (I–II),melanocytic_Nevi,melanocytic_Nevi,true
ISIC_0025012,melanocytic_Nevi,melanocytic_Nevi,0.9995,true,true,0.9995,0.0,0.091,0.0,77.4,light (I–II),melanocytic_Nevi,melanocytic_Nevi,true
ISIC_0025015,melanocytic_Nevi,melanocytic_Nevi,0.9999,true,true,0.9999,0.0,0.055,0.0,70.0,light (I–II),melanocytic_Nevi,melanocytic_Nevi,true
ISIC_0025019,basal_cell_carcinoma,basal_cell_carcinoma,0.9239,true,true,0.9239,0.0087,0.393,0.085,96.8,light (I–II),basal_cell_carcinoma,basal_cell_carcinoma,true
ISIC_0025022,melanocytic_Nevi,melanocytic_Nevi,0.9996,true,true,0.9996,0.0,0.01,0.0,71.0,light (I–II),melanocytic_Nevi,melanocytic_Nevi,true
ISIC_0025026,melanocytic_Nevi,melanocytic_Nevi,0.9984,true,true,0.9984,0.0,0.24,0.0,64.9,light (I–II),melanocytic_Nevi,melanocytic_Nevi,true
ISIC_0025043,melanocytic_Nevi,melanocytic_Nevi,0.3063,true,true,0.3063,0.6172,0.123,0.117,81.9,light (I–II),melanocytic_Nevi,melanocytic_Nevi,true
ISIC_0025058,melanocytic_Nevi,melanocytic_Nevi,0.9517,true,true,0.9517,0.0046,0.001,0.042,64.6,light (I–II),melanocytic_Nevi,melanocytic_Nevi,true
ISIC_0025060,melanocytic_Nevi,melanocytic_Nevi,0.9996,true,true,0.9996,0.0,0.242,0.029,68.1,light (I–II),melanocytic_Nevi,melanocytic_Nevi,true
ISIC_0025066,benign_keratosis-like_lesions,benign_keratosis-like_lesions,0.9453,true,true,0.9453,0.0038,0.394,0.162,107.8,light (I–II),benign_keratosis-like_lesions,benign_keratosis-like_lesions,true
ISIC_0025067,melanocytic_Nevi,melanocytic_Nevi,0.9995,true,true,0.9995,0.0,0.007,0.0,52.2,light (I–II),melanocytic_Nevi,melanocytic_Nevi,true
ISIC_0025078,melanocytic_Nevi,melanocytic_Nevi,0.9012,true,true,0.9012,0.0195,0.562,0.086,104.5,light (I–II),melanocytic_Nevi,melanocytic_Nevi,true
ISIC_0025079,melanocytic_Nevi,melanocytic_Nevi,0.9987,true,true,0.9987,0.0,0.012,0.0,69.9,light (I–II),melanocytic_Nevi,melanocytic_Nevi,true
ISIC_0025086,benign_keratosis-like_lesions,benign_keratosis-like_lesions,0.9675,true,true,0.9675,0.0017,0.045,0.012,120.0,light (I–II),benign_keratosis-like_lesions,benign_keratosis-like_lesions,true
ISIC_0025092,melanocytic_Nevi,melanocytic_Nevi,0.9997,true,true,0.9997,0.0,0.269,0.299,59.8,light (I–II),melanocytic_Nevi,melanocytic_Nevi,true
ISIC_0025099,benign_keratosis-like_lesions,benign_keratosis-like_lesions,0.9897,true,true,0.9897,0.0002,0.877,0.085,127.8,light (I–II),benign_keratosis-like_lesions,benign_keratosis-like_lesions,true
ISIC_0025102,basal_cell_carcinoma,basal_cell_carcinoma,0.9973,true,true,0.9973,0.0,0.652,0.019,85.4,light (I–II),basal_cell_carcinoma,basal_cell_carcinoma,true
ISIC_0025109,melanocytic_Nevi,melanocytic_Nevi,0.9949,true,true,0.9949,0.0,0.021,0.002,62.8,light (I–II),melanocytic_Nevi,melanocytic_Nevi,true
ISIC_0025120,melanocytic_Nevi,melanocytic_Nevi,0.9777,true,true,0.9777,0.001,0.016,0.0,82.2,light (I–II),melanocytic_Nevi,melanocytic_Nevi,true
ISIC_0025122,melanocytic_Nevi,melanocytic_Nevi,0.9401,true,true,0.9401,0.0062,0.047,0.068,98.3,light (I–II),melanocytic_Nevi,melanocytic_Nevi,true
ISIC_0025132,melanoma,melanoma,0.8258,true,true,0.8258,0.0604,0.816,0.007,89.8,light (I–II),melanoma,melanoma,true
ISIC_0025145,melanoma,melanoma,0.6052,true,true,0.6052,0.3118,0.0,0.0,65.1,light (I–II),melanoma,melanoma,true
ISIC_0025157,benign_keratosis-like_lesions,benign_keratosis-like_lesions,0.5643,true,true,0.5643,0.3162,0.232,0.455,76.0,light (I–II),benign_keratosis-like_lesions,benign_keratosis-like_lesions,true
ISIC_0025160,melanocytic_Nevi,melanocytic_Nevi,0.7953,true,true,0.7953,0.0641,0.389,0.103,101.0,light (I–II),melanocytic_Nevi,melanocytic_Nevi,true
ISIC_0025163,melanocytic_Nevi,melanocytic_Nevi,0.9881,true,true,0.9881,0.0003,0.006,0.0,78.0,light (I–II),melanocytic_Nevi,melanocytic_Nevi,true
ISIC_0025167,melanocytic_Nevi,melanocytic_Nevi,0.9998,true,true,0.9998,0.0,0.049,0.013,54.8,light (I–II),melanocytic_Nevi,melanocytic_Nevi,true
ISIC_0025179,melanocytic_Nevi,melanocytic_Nevi,0.3654,true,true,0.3654,0.5418,0.213,0.234,97.0,light (I–II),melanocytic_Nevi,melanocytic_Nevi,true
ISIC_0025182,actinic_keratoses,actinic_keratoses,0.7037,true,true,0.7037,0.1441,0.507,0.0,89.9,light (I–II),actinic_keratoses,actinic_keratoses,true
ISIC_0025190,melanocytic_Nevi,melanocytic_Nevi,1.0,true,true,1.0,0.0,0.008,0.0,70.3,light (I–II),melanocytic_Nevi,melanocytic_Nevi,true
ISIC_0025196,actinic_keratoses,actinic_keratoses,0.3881,true,true,0.3881,0.4986,0.0,0.0,102.0,light (I–II),actinic_keratoses,actinic_keratoses,true
ISIC_0025204,melanocytic_Nevi,melanocytic_Nevi,1.0,true,true,1.0,0.0,0.043,0.002,70.0,light (I–II),melanocytic_Nevi,melanocytic_Nevi,true
ISIC_0025215,melanocytic_Nevi,melanocytic_Nevi,0.9999,true,true,0.9999,0.0,0.117,0.02,44.1,light (I–II),melanocytic_Nevi,melanocytic_Nevi,true
ISIC_0025247,actinic_keratoses,benign_keratosis-like_lesions,0.9845,false,false,0.9845,1.9686,0.376,0.01,91.7,light (I–II),actinic_keratoses,benign_keratosis-like_lesions,false
ISIC_0025248,melanoma,melanoma,0.4378,true,true,0.4378,0.4676,0.412,0.115,70.2,light (I–II),melanoma,melanoma,true
ISIC_0025254,melanocytic_Nevi,melanoma,0.9865,false,true,0.9865,1.9464,0.968,0.868,93.7,light (I–II),melanocytic_Nevi,melanoma,false
ISIC_0025257,melanocytic_Nevi,melanoma,0.6402,false,true,0.6402,0.8691,0.631,0.168,96.3,light (I–II),melanocytic_Nevi,melanoma,false
ISIC_0025259,melanocytic_Nevi,melanocytic_Nevi,0.9873,true,true,0.9873,0.0003,0.026,0.0,83.3,light (I–II),melanocytic_Nevi,melanocytic_Nevi,true
ISIC_0025271,melanocytic_Nevi,melanocytic_Nevi,0.5336,true,true,0.5336,0.3347,0.304,0.0,89.6,light (I–II),melanocytic_Nevi,melanocytic_Nevi,true
ISIC_0025277,melanoma,benign_keratosis-like_lesions,0.5436,false,true,0.5436,0.6145,0.516,0.417,-164.0,dark (V–VI),melanoma,benign_keratosis-like_lesions,false
ISIC_0025279,melanocytic_Nevi,melanocytic_Nevi,0.9999,true,true,0.9999,0.0,0.125,0.0,70.5,light (I–II),melanocytic_Nevi,melanocytic_Nevi,true
ISIC_0025294,melanocytic_Nevi,melanocytic_Nevi,0.9996,true,true,0.9996,0.0,0.036,0.001,42.5,light (I–II),melanocytic_Nevi,melanocytic_Nevi,true
ISIC_0025298,melanocytic_Nevi,melanocytic_Nevi,0.9926,true,true,0.9926,0.0001,0.05,0.011,85.7,light (I–II),melanocytic_Nevi,melanocytic_Nevi,true
ISIC_0025304,melanocytic_Nevi,melanocytic_Nevi,0.9997,true,true,0.9997,0.0,0.095,0.001,90.8,light (I–II),melanocytic_Nevi,melanocytic_Nevi,true
ISIC_0025305,melanocytic_Nevi,melanocytic_Nevi,0.5317,true,true,0.5317,0.4385,0.0,0.172,86.9,light (I–II),melanocytic_Nevi,melanocytic_Nevi,true
ISIC_0025306,melanocytic_Nevi,melanocytic_Nevi,1.0,true,true,1.0,0.0,0.476,0.0,78.2,light (I–II),melanocytic_Nevi,melanocytic_Nevi,true
ISIC_0025308,melanocytic_Nevi,melanocytic_Nevi,0.9999,true,true,0.9999,0.0,0.195,0.001,49.8,light (I–II),melanocytic_Nevi,melanocytic_Nevi,true
ISIC_0025313,melanoma,melanocytic_Nevi,0.8829,false,true,0.8829,1.5591,0.0,0.0,99.4,light (I–II),melanoma,melanocytic_Nevi,false
ISIC_0025317,melanoma,melanoma,0.6482,true,true,0.6482,0.2294,0.627,0.48,67.8,light (I–II),melanoma,melanoma,true
ISIC_0025318,melanocytic_Nevi,melanocytic_Nevi,0.8795,true,true,0.8795,0.0239,0.113,0.0,49.4,light (I–II),melanocytic_Nevi,melanocytic_Nevi,true
ISIC_0025326,benign_keratosis-like_lesions,benign_keratosis-like_lesions,0.62,true,true,0.62,0.2215,0.0,0.134,81.0,light (I–II),benign_keratosis-like_lesions,benign_keratosis-like_lesions,true
ISIC_0025328,melanocytic_Nevi,melanocytic_Nevi,0.9967,true,true,0.9967,0.0,0.797,0.045,87.1,light (I–II),melanocytic_Nevi,melanocytic_Nevi,true
ISIC_0025333,melanocytic_Nevi,melanocytic_Nevi,0.9989,true,true,0.9989,0.0,0.04,0.014,39.9,medium (III–IV),melanocytic_Nevi,melanocytic_Nevi,true
ISIC_0025347,melanocytic_Nevi,melanocytic_Nevi,1.0,true,true,1.0,0.0,0.0,0.0,55.7,light (I–II),melanocytic_Nevi,melanocytic_Nevi,true
ISIC_0025358,actinic_keratoses,dermatofibroma,0.8549,false,true,0.8549,1.5059,0.805,0.805,55.7,light (I–II),actinic_keratoses,dermatofibroma,false
ISIC_0025373,dermatofibroma,dermatofibroma,1.0,true,true,1.0,0.0,0.763,0.939,96.2,light (I–II),dermatofibroma,dermatofibroma,true
ISIC_0025376,benign_keratosis-like_lesions,benign_keratosis-like_lesions,0.8263,true,true,0.8263,0.0412,0.155,0.0,120.6,light (I–II),benign_keratosis-like_lesions,benign_keratosis-like_lesions,true
ISIC_0025377,melanocytic_Nevi,melanocytic_Nevi,0.9957,true,true,0.9957,0.0,0.012,0.439,40.1,medium (III–IV),melanocytic_Nevi,melanocytic_Nevi,true
ISIC_0025387,benign_keratosis-like_lesions,benign_keratosis-like_lesions,0.9988,true,true,0.9988,0.0,0.911,0.249,107.0,light (I–II),benign_keratosis-like_lesions,benign_keratosis-like_lesions,true
ISIC_0025409,melanoma,basal_cell_carcinoma,0.4861,false,true,0.4861,1.0466,0.476,0.415,159.3,light (I–II),melanoma,basal_cell_carcinoma,false
ISIC_0025413,melanoma,melanoma,0.9968,true,true,0.9968,0.0,0.965,0.007,87.3,light (I–II),melanoma,melanoma,true
ISIC_0025424,melanocytic_Nevi,melanocytic_Nevi,0.9512,true,true,0.9512,0.0047,0.368,0.0,84.3,light (I–II),melanocytic_Nevi,melanocytic_Nevi,true
ISIC_0025428,melanocytic_Nevi,melanocytic_Nevi,0.9452,true,true,0.9452,0.0037,0.851,0.102,126.6,light (I–II),melanocytic_Nevi,melanocytic_Nevi,true
ISIC_0025430,melanocytic_Nevi,melanocytic_Nevi,0.9894,true,true,0.9894,0.0002,0.244,0.0,62.5,light (I–II),melanocytic_Nevi,melanocytic_Nevi,true
ISIC_0025432,melanocytic_Nevi,melanocytic_Nevi,0.885,true,true,0.885,0.0249,0.201,0.276,61.5,light (I–II),melanocytic_Nevi,melanocytic_Nevi,true
ISIC_0025436,melanocytic_Nevi,melanoma,0.5462,false,true,0.5462,0.6208,0.48,0.298,90.7,light (I–II),melanocytic_Nevi,melanoma,false
ISIC_0025444,melanocytic_Nevi,melanocytic_Nevi,0.987,true,true,0.987,0.0003,0.184,0.0,64.2,light (I–II),melanocytic_Nevi,melanocytic_Nevi,true
ISIC_0025453,melanocytic_Nevi,melanoma,0.4922,false,true,0.4922,0.7425,0.425,0.302,70.9,light (I–II),melanocytic_Nevi,melanoma,false
ISIC_0025473,melanocytic_Nevi,melanocytic_Nevi,0.9961,true,true,0.9961,0.0,0.022,0.022,164.4,light (I–II),melanocytic_Nevi,melanocytic_Nevi,true
ISIC_0025474,melanocytic_Nevi,melanocytic_Nevi,0.9976,true,true,0.9976,0.0,0.346,0.154,46.3,light (I–II),melanocytic_Nevi,melanocytic_Nevi,true
ISIC_0025479,melanocytic_Nevi,melanocytic_Nevi,0.9988,true,true,0.9988,0.0,0.045,0.013,72.9,light (I–II),melanocytic_Nevi,melanocytic_Nevi,true
ISIC_0025480,melanocytic_Nevi,melanocytic_Nevi,0.987,true,true,0.987,0.0003,0.459,0.002,100.4,light (I–II),melanocytic_Nevi,melanocytic_Nevi,true
ISIC_0025486,melanocytic_Nevi,melanocytic_Nevi,0.9999,true,true,0.9999,0.0,0.158,0.006,51.4,light (I–II),melanocytic_Nevi,melanocytic_Nevi,true
ISIC_0025487,melanocytic_Nevi,melanocytic_Nevi,0.9998,true,true,0.9998,0.0,0.003,0.004,40.0,medium (III–IV),melanocytic_Nevi,melanocytic_Nevi,true
ISIC_0025495,melanocytic_Nevi,melanocytic_Nevi,0.9978,true,true,0.9978,0.0,0.008,0.029,44.4,light (I–II),melanocytic_Nevi,melanocytic_Nevi,true
ISIC_0025516,melanocytic_Nevi,melanocytic_Nevi,0.9559,true,true,0.9559,0.0039,0.0,0.066,108.1,light (I–II),melanocytic_Nevi,melanocytic_Nevi,true
ISIC_0025542,melanocytic_Nevi,melanocytic_Nevi,0.9973,true,true,0.9973,0.0,0.103,0.043,79.1,light (I–II),melanocytic_Nevi,melanocytic_Nevi,true
ISIC_0025546,melanoma,benign_keratosis-like_lesions,0.8051,false,true,0.8051,1.5078,0.057,0.288,99.6,light (I–II),melanoma,benign_keratosis-like_lesions,false
ISIC_0025547,melanocytic_Nevi,melanocytic_Nevi,0.9949,true,true,0.9949,0.0,0.076,0.009,119.0,light (I–II),melanocytic_Nevi,melanocytic_Nevi,true
ISIC_0025564,basal_cell_carcinoma,melanoma,0.3958,false,true,0.3958,0.9698,0.179,0.0,99.0,light (I–II),basal_cell_carcinoma,melanoma,false
ISIC_0025573,melanoma,melanoma,0.8384,true,true,0.8384,0.0501,0.822,0.671,97.8,light (I–II),melanoma,melanoma,true
ISIC_0025576,basal_cell_carcinoma,basal_cell_carcinoma,0.9505,true,true,0.9505,0.0032,0.514,0.279,87.7,light (I–II),basal_cell_carcinoma,basal_cell_carcinoma,true
ISIC_0025578,vascular_lesions,vascular_lesions,0.999,true,true,0.999,0.0,0.908,0.001,102.8,light (I–II),vascular_lesions,vascular_lesions,true
ISIC_0025579,melanocytic_Nevi,melanocytic_Nevi,0.9576,true,true,0.9576,0.0036,0.216,0.084,89.6,light (I–II),melanocytic_Nevi,melanocytic_Nevi,true
ISIC_0025604,melanocytic_Nevi,melanocytic_Nevi,0.9999,true,true,0.9999,0.0,0.003,0.144,43.9,light (I–II),melanocytic_Nevi,melanocytic_Nevi,true
ISIC_0025605,actinic_keratoses,melanoma,0.5803,false,false,0.5803,1.3973,0.578,0.0,106.4,light (I–II),actinic_keratoses,melanoma,false
ISIC_0025607,melanocytic_Nevi,melanocytic_Nevi,0.9887,true,true,0.9887,0.0002,0.113,0.122,34.4,medium (III–IV),melanocytic_Nevi,melanocytic_Nevi,true
ISIC_0025608,melanocytic_Nevi,melanocytic_Nevi,0.9999,true,true,0.9999,0.0,0.65,0.016,60.1,light (I–II),melanocytic_Nevi,melanocytic_Nevi,true
ISIC_0025624,melanocytic_Nevi,melanocytic_Nevi,0.9991,true,true,0.9991,0.0,0.169,0.06,47.1,light (I–II),melanocytic_Nevi,melanocytic_Nevi,true
ISIC_0025632,melanocytic_Nevi,melanocytic_Nevi,0.9994,true,true,0.9994,0.0,0.204,0.022,63.7,light (I–II),melanocytic_Nevi,melanocytic_Nevi,true
ISIC_0025635,melanocytic_Nevi,melanocytic_Nevi,0.9991,true,true,0.9991,0.0,0.041,0.006,32.7,medium (III–IV),melanocytic_Nevi,melanocytic_Nevi,true
ISIC_0025650,basal_cell_carcinoma,basal_cell_carcinoma,0.699,true,true,0.699,0.1794,0.064,0.188,100.6,light (I–II),basal_cell_carcinoma,basal_cell_carcinoma,true
ISIC_0025651,melanoma,melanoma,0.7285,true,true,0.7285,0.1075,0.703,0.036,78.7,light (I–II),melanoma,melanoma,true
ISIC_0025654,benign_keratosis-like_lesions,benign_keratosis-like_lesions,0.996,true,true,0.996,0.0,0.788,0.093,41.8,light (I–II),benign_keratosis-like_lesions,benign_keratosis-like_lesions,true
ISIC_0025669,melanocytic_Nevi,melanocytic_Nevi,0.9895,true,true,0.9895,0.0002,0.014,0.002,34.4,medium (III–IV),melanocytic_Nevi,melanocytic_Nevi,true
ISIC_0025679,melanocytic_Nevi,melanocytic_Nevi,0.8745,true,true,0.8745,0.0309,0.0,0.0,78.4,light (I–II),melanocytic_Nevi,melanocytic_Nevi,true
ISIC_0025684,melanocytic_Nevi,melanocytic_Nevi,0.599,true,true,0.599,0.3192,0.421,0.0,28.3,medium (III–IV),melanocytic_Nevi,melanocytic_Nevi,true
ISIC_0025686,melanocytic_Nevi,melanocytic_Nevi,0.9943,true,true,0.9943,0.0,0.238,0.008,39.8,medium (III–IV),melanocytic_Nevi,melanocytic_Nevi,true
ISIC_0025695,melanocytic_Nevi,melanocytic_Nevi,0.7212,true,true,0.7212,0.133,0.174,0.0,99.9,light (I–II),melanocytic_Nevi,melanocytic_Nevi,true
ISIC_0025720,melanocytic_Nevi,melanocytic_Nevi,0.9982,true,true,0.9982,0.0,0.008,0.003,73.0,light (I–II),melanocytic_Nevi,melanocytic_Nevi,true
ISIC_0025721,melanocytic_Nevi,melanocytic_Nevi,1.0,true,true,1.0,0.0,0.005,0.01,100.3,light (I–II),melanocytic_Nevi,melanocytic_Nevi,true
ISIC_0025737,melanocytic_Nevi,melanocytic_Nevi,0.9881,true,true,0.9881,0.0003,0.554,0.03,56.5,light (I–II),melanocytic_Nevi,melanocytic_Nevi,true
ISIC_0025749,melanocytic_Nevi,melanocytic_Nevi,0.9991,true,true,0.9991,0.0,0.03,0.006,57.1,light (I–II),melanocytic_Nevi,melanocytic_Nevi,true
ISIC_0025750,melanocytic_Nevi,melanocytic_Nevi,0.998,true,true,0.998,0.0,0.522,0.012,68.2,light (I–II),melanocytic_Nevi,melanocytic_Nevi,true
ISIC_0025753,benign_keratosis-like_lesions,benign_keratosis-like_lesions,0.9567,true,true,0.9567,0.0028,0.239,0.165,59.9,light (I–II),benign_keratosis-like_lesions,benign_keratosis-like_lesions,true
ISIC_0025764,melanocytic_Nevi,melanocytic_Nevi,0.9999,true,true,0.9999,0.0,0.001,0.001,74.9,light (I–II),melanocytic_Nevi,melanocytic_Nevi,true
ISIC_0025766,melanoma,melanocytic_Nevi,0.4436,false,true,0.4436,0.9583,0.315,0.0,86.9,light (I–II),melanoma,melanocytic_Nevi,false
ISIC_0025770,melanocytic_Nevi,melanocytic_Nevi,0.9994,true,true,0.9994,0.0,0.114,0.0,45.3,light (I–II),melanocytic_Nevi,melanocytic_Nevi,true
ISIC_0025776,melanocytic_Nevi,melanocytic_Nevi,0.521,true,true,0.521,0.4185,0.468,0.0,70.6,light (I–II),melanocytic_Nevi,melanocytic_Nevi,true
ISIC_0025779,melanocytic_Nevi,melanocytic_Nevi,0.9948,true,true,0.9948,0.0001,0.041,0.004,63.8,light (I–II),melanocytic_Nevi,melanocytic_Nevi,true
ISIC_0025783,melanoma,melanocytic_Nevi,0.935,false,true,0.935,1.7486,0.08,0.029,119.6,light (I–II),melanoma,melanocytic_Nevi,false
ISIC_0025790,actinic_keratoses,basal_cell_carcinoma,0.3718,false,false,0.3718,1.2692,0.171,0.307,91.0,light (I–II),actinic_keratoses,basal_cell_carcinoma,false
ISIC_0025802,melanocytic_Nevi,melanocytic_Nevi,0.9999,true,true,0.9999,0.0,0.373,0.143,66.0,light (I–II),melanocytic_Nevi,melanocytic_Nevi,true
ISIC_0025803,actinic_keratoses,actinic_keratoses,0.6507,true,true,0.6507,0.1757,0.244,0.057,79.4,light (I–II),actinic_keratoses,actinic_keratoses,true
ISIC_0025814,melanoma,melanoma,0.7663,true,true,0.7663,0.0835,0.561,0.472,87.8,light (I–II),melanoma,melanoma,true
ISIC_0025817,melanocytic_Nevi,melanocytic_Nevi,0.9991,true,true,0.9991,0.0,0.27,0.004,70.7,light (I–II),melanocytic_Nevi,melanocytic_Nevi,true
ISIC_0025819,benign_keratosis-like_lesions,benign_keratosis-like_lesions,0.9954,true,true,0.9954,0.0,0.455,0.034,132.2,light (I–II),benign_keratosis-like_lesions,benign_keratosis-like_lesions,true
ISIC_0025822,melanocytic_Nevi,melanocytic_Nevi,0.9964,true,true,0.9964,0.0,0.172,0.032,70.0,light (I–II),melanocytic_Nevi,melanocytic_Nevi,true
ISIC_0025825,actinic_keratoses,actinic_keratoses,0.9805,true,true,0.9805,0.0006,0.054,0.0,70.1,light (I–II),actinic_keratoses,actinic_keratoses,true
ISIC_0025828,melanocytic_Nevi,melanocytic_Nevi,0.9969,true,true,0.9969,0.0,0.367,0.002,68.6,light (I–II),melanocytic_Nevi,melanocytic_Nevi,true
ISIC_0025833,melanocytic_Nevi,melanocytic_Nevi,0.9986,true,true,0.9986,0.0,0.491,0.0,67.1,light (I–II),melanocytic_Nevi,melanocytic_Nevi,true
ISIC_0025838,benign_keratosis-like_lesions,melanoma,0.5127,false,true,0.5127,1.4303,0.288,0.179,84.1,light (I–II),benign_keratosis-like_lesions,melanoma,false
ISIC_0025844,melanocytic_Nevi,melanocytic_Nevi,0.9993,true,true,0.9993,0.0,0.03,0.001,49.0,light (I–II),melanocytic_Nevi,melanocytic_Nevi,true
ISIC_0025855,melanocytic_Nevi,dermatofibroma,0.8245,false,true,0.8245,1.5291,0.783,0.219,72.5,light (I–II),melanocytic_Nevi,dermatofibroma,false
ISIC_0025860,melanocytic_Nevi,melanocytic_Nevi,0.9368,true,true,0.9368,0.0057,0.074,0.209,135.8,light (I–II),melanocytic_Nevi,melanocytic_Nevi,true
ISIC_0025861,melanocytic_Nevi,melanocytic_Nevi,0.8443,true,true,0.8443,0.0481,0.0,0.055,46.3,light (I–II),melanocytic_Nevi,melanocytic_Nevi,true
ISIC_0025862,melanocytic_Nevi,melanocytic_Nevi,0.9996,true,true,0.9996,0.0,0.142,0.017,113.9,light (I–II),melanocytic_Nevi,melanocytic_Nevi,true
ISIC_0025865,melanocytic_Nevi,melanocytic_Nevi,0.4133,true,true,0.4133,0.4479,0.146,0.0,48.8,light (I–II),melanocytic_Nevi,melanocytic_Nevi,true
ISIC_0025866,melanocytic_Nevi,melanocytic_Nevi,0.9758,true,true,0.9758,0.0011,0.088,0.104,63.6,light (I–II),melanocytic_Nevi,melanocytic_Nevi,true
ISIC_0025868,melanocytic_Nevi,melanocytic_Nevi,0.9878,true,true,0.9878,0.0003,0.107,0.0,55.3,light (I–II),melanocytic_Nevi,melanocytic_Nevi,true
ISIC_0025873,vascular_lesions,vascular_lesions,0.9837,true,true,0.9837,0.0005,0.943,0.729,86.8,light (I–II),vascular_lesions,vascular_lesions,true
ISIC_0025875,melanocytic_Nevi,melanocytic_Nevi,0.9889,true,true,0.9889,0.0002,0.174,0.044,58.9,light (I–II),melanocytic_Nevi,melanocytic_Nevi,true
ISIC_0025894,melanocytic_Nevi,melanocytic_Nevi,0.9999,true,true,0.9999,0.0,0.055,0.001,76.8,light (I–II),melanocytic_Nevi,melanocytic_Nevi,true
ISIC_0025908,melanocytic_Nevi,melanocytic_Nevi,0.5517,true,true,0.5517,0.3115,0.394,0.089,68.0,light (I–II),melanocytic_Nevi,melanocytic_Nevi,true
ISIC_0025910,melanocytic_Nevi,melanocytic_Nevi,0.9971,true,true,0.9971,0.0,0.183,0.343,48.3,light (I–II),melanocytic_Nevi,melanocytic_Nevi,true
ISIC_0025913,melanocytic_Nevi,melanocytic_Nevi,0.9872,true,true,0.9872,0.0003,0.0,0.023,60.2,light (I–II),melanocytic_Nevi,melanocytic_Nevi,true
ISIC_0025921,melanocytic_Nevi,melanocytic_Nevi,0.9919,true,true,0.9919,0.0001,0.289,0.054,35.4,medium (III–IV),melanocytic_Nevi,melanocytic_Nevi,true
ISIC_0025924,vascular_lesions,vascular_lesions,1.0,true,true,1.0,0.0,0.655,0.0,88.7,light (I–II),vascular_lesions,vascular_lesions,true
ISIC_0025925,melanocytic_Nevi,melanocytic_Nevi,0.9979,true,true,0.9979,0.0,0.052,0.067,51.6,light (I–II),melanocytic_Nevi,melanocytic_Nevi,true
ISIC_0025926,melanocytic_Nevi,melanocytic_Nevi,0.7004,true,true,0.7004,0.1146,0.576,0.0,81.0,light (I–II),melanocytic_Nevi,melanocytic_Nevi,true
ISIC_0025928,benign_keratosis-like_lesions,benign_keratosis-like_lesions,0.5135,true,true,0.5135,0.2862,0.0,0.0,123.8,light (I–II),benign_keratosis-like_lesions,benign_keratosis-like_lesions,true
ISIC_0025945,melanocytic_Nevi,melanocytic_Nevi,0.9845,true,true,0.9845,0.0005,0.245,0.043,86.7,light (I–II),melanocytic_Nevi,melanocytic_Nevi,true
ISIC_0025946,melanocytic_Nevi,benign_keratosis-like_lesions,0.8981,false,false,0.8981,1.7878,0.145,0.089,71.3,light (I–II),melanocytic_Nevi,benign_keratosis-like_lesions,false
ISIC_0025957,actinic_keratoses,melanoma,0.5453,false,false,0.5453,1.2669,0.542,0.0,77.9,light (I–II),actinic_keratoses,melanoma,false
ISIC_0025967,melanocytic_Nevi,melanocytic_Nevi,0.725,true,true,0.725,0.1291,0.596,0.271,131.1,light (I–II),melanocytic_Nevi,melanocytic_Nevi,true
ISIC_0025984,benign_keratosis-like_lesions,melanocytic_Nevi,0.4337,false,true,0.4337,1.0012,0.277,0.0,80.0,light (I–II),benign_keratosis-like_lesions,melanocytic_Nevi,false
ISIC_0025985,benign_keratosis-like_lesions,basal_cell_carcinoma,0.6703,false,true,0.6703,0.9406,0.215,0.024,83.9,light (I–II),benign_keratosis-like_lesions,basal_cell_carcinoma,false
ISIC_0026010,melanocytic_Nevi,melanocytic_Nevi,0.9996,true,true,0.9996,0.0,0.008,0.003,59.2,light (I–II),melanocytic_Nevi,melanocytic_Nevi,true
ISIC_0026031,melanocytic_Nevi,melanocytic_Nevi,0.9982,true,true,0.9982,0.0,0.282,0.0,59.9,light (I–II),melanocytic_Nevi,melanocytic_Nevi,true
ISIC_0026036,melanocytic_Nevi,melanocytic_Nevi,0.9959,true,true,0.9959,0.0,0.022,0.346,21.5,medium (III–IV),melanocytic_Nevi,melanocytic_Nevi,true
ISIC_0026044,benign_keratosis-like_lesions,melanocytic_Nevi,0.982,false,true,0.982,1.957,0.422,0.036,84.8,light (I–II),benign_keratosis-like_lesions,melanocytic_Nevi,false
ISIC_0026046,benign_keratosis-like_lesions,benign_keratosis-like_lesions,0.9885,true,true,0.9885,0.0003,0.91,0.068,88.7,light (I–II),benign_keratosis-like_lesions,benign_keratosis-like_lesions,true
ISIC_0026047,melanocytic_Nevi,melanocytic_Nevi,0.9785,true,true,0.9785,0.0008,0.399,0.193,76.6,light (I–II),melanocytic_Nevi,melanocytic_Nevi,true
ISIC_0026048,melanocytic_Nevi,melanocytic_Nevi,0.4589,true,true,0.4589,0.4645,0.365,0.294,74.9,light (I–II),melanocytic_Nevi,melanocytic_Nevi,true
ISIC_0026052,melanocytic_Nevi,melanocytic_Nevi,0.9511,true,true,0.9511,0.0048,0.35,0.019,62.6,light (I–II),melanocytic_Nevi,melanocytic_Nevi,true
ISIC_0026059,melanocytic_Nevi,melanocytic_Nevi,0.9994,true,true,0.9994,0.0,0.011,0.01,43.4,light (I–II),melanocytic_Nevi,melanocytic_Nevi,true
ISIC_0026061,melanocytic_Nevi,melanocytic_Nevi,0.9974,true,true,0.9974,0.0,0.098,0.03,35.0,medium (III–IV),melanocytic_Nevi,melanocytic_Nevi,true
ISIC_0026075,melanocytic_Nevi,melanocytic_Nevi,0.9203,true,true,0.9203,0.0112,0.0,0.0,44.9,light (I–II),melanocytic_Nevi,melanocytic_Nevi,true
ISIC_0026100,actinic_keratoses,dermatofibroma,0.6372,false,true,0.6372,1.308,0.606,0.369,99.1,light (I–II),actinic_keratoses,dermatofibroma,false
ISIC_0026108,melanocytic_Nevi,melanocytic_Nevi,0.984,true,true,0.984,0.0005,0.152,0.007,79.2,light (I–II),melanocytic_Nevi,melanocytic_Nevi,true
ISIC_0026118,basal_cell_carcinoma,basal_cell_carcinoma,0.7562,true,true,0.7562,0.0907,0.703,0.648,41.4,light (I–II),basal_cell_carcinoma,basal_cell_carcinoma,true
ISIC_0026130,melanocytic_Nevi,melanocytic_Nevi,1.0,true,true,1.0,0.0,0.011,0.0,64.9,light (I–II),melanocytic_Nevi,melanocytic_Nevi,true
ISIC_0026133,melanocytic_Nevi,melanocytic_Nevi,0.6451,true,true,0.6451,0.2515,0.0,0.0,98.1,light (I–II),melanocytic_Nevi,melanocytic_Nevi,true
ISIC_0026138,actinic_keratoses,actinic_keratoses,0.4353,true,true,0.4353,0.4093,0.251,0.0,82.5,light (I–II),actinic_keratoses,actinic_keratoses,true
ISIC_0026142,benign_keratosis-like_lesions,melanocytic_Nevi,0.9909,false,true,0.9909,1.9812,0.176,0.185,85.2,light (I–II),benign_keratosis-like_lesions,melanocytic_Nevi,false
ISIC_0026151,melanocytic_Nevi,melanoma,0.5951,false,true,0.5951,0.8159,0.593,0.0,51.3,light (I–II),melanocytic_Nevi,melanoma,false
ISIC_0026159,benign_keratosis-like_lesions,benign_keratosis-like_lesions,0.9193,true,true,0.9193,0.0113,0.833,0.81,68.4,light (I–II),benign_keratosis-like_lesions,benign_keratosis-like_lesions,true
ISIC_0026162,melanocytic_Nevi,melanocytic_Nevi,0.9974,true,true,0.9974,0.0,0.057,0.018,66.4,light (I–II),melanocytic_Nevi,melanocytic_Nevi,true
ISIC_0026165,melanocytic_Nevi,melanocytic_Nevi,0.9985,true,true,0.9985,0.0,0.089,0.057,31.4,medium (III–IV),melanocytic_Nevi,melanocytic_Nevi,true
ISIC_0026172,melanocytic_Nevi,melanocytic_Nevi,0.9908,true,true,0.9908,0.0001,0.003,0.0,63.3,light (I–II),melanocytic_Nevi,melanocytic_Nevi,true
ISIC_0026179,melanocytic_Nevi,melanocytic_Nevi,0.9933,true,true,0.9933,0.0001,0.169,0.012,94.1,light (I–II),melanocytic_Nevi,melanocytic_Nevi,true
ISIC_0026181,melanocytic_Nevi,melanocytic_Nevi,0.9997,true,true,0.9997,0.0,0.059,0.003,55.9,light (I–II),melanocytic_Nevi,melanocytic_Nevi,true
ISIC_0026206,actinic_keratoses,melanocytic_Nevi,0.839,false,false,0.839,1.7273,0.0,0.056,77.4,light (I–II),actinic_keratoses,melanocytic_Nevi,false
ISIC_0026208,melanocytic_Nevi,melanocytic_Nevi,0.9994,true,true,0.9994,0.0,0.193,0.0,89.7,light (I–II),melanocytic_Nevi,melanocytic_Nevi,true
ISIC_0026209,melanocytic_Nevi,melanoma,0.9611,false,true,0.9611,1.8703,0.951,0.711,66.6,light (I–II),melanocytic_Nevi,melanoma,false
ISIC_0026216,melanocytic_Nevi,melanocytic_Nevi,0.8872,true,true,0.8872,0.0206,0.569,0.108,109.5,light (I–II),melanocytic_Nevi,melanocytic_Nevi,true
ISIC_0026220,melanocytic_Nevi,melanocytic_Nevi,0.9999,true,true,0.9999,0.0,0.075,0.0,54.4,light (I–II),melanocytic_Nevi,melanocytic_Nevi,true
ISIC_0026224,melanocytic_Nevi,melanocytic_Nevi,1.0,true,true,1.0,0.0,0.011,0.0,75.9,light (I–II),melanocytic_Nevi,melanocytic_Nevi,true
ISIC_0026232,melanocytic_Nevi,melanocytic_Nevi,0.9991,true,true,0.9991,0.0,0.01,0.011,74.6,light (I–II),melanocytic_Nevi,melanocytic_Nevi,true
ISIC_0026237,melanocytic_Nevi,melanocytic_Nevi,0.9076,true,true,0.9076,0.0128,0.046,0.021,162.2,light (I–II),melanocytic_Nevi,melanocytic_Nevi,true
ISIC_0026238,melanocytic_Nevi,melanocytic_Nevi,0.964,true,true,0.964,0.0019,0.062,0.095,44.8,light (I–II),melanocytic_Nevi,melanocytic_Nevi,true
ISIC_0026242,melanocytic_Nevi,melanocytic_Nevi,0.9454,true,true,0.9454,0.0056,0.014,0.126,30.1,medium (III–IV),melanocytic_Nevi,melanocytic_Nevi,true
ISIC_0026249,benign_keratosis-like_lesions,benign_keratosis-like_lesions,0.456,true,true,0.456,0.4286,0.304,0.35,140.4,light (I–II),benign_keratosis-like_lesions,benign_keratosis-like_lesions,true
ISIC_0026252,melanocytic_Nevi,melanocytic_Nevi,0.9988,true,true,0.9988,0.0,0.306,0.077,63.9,light (I–II),melanocytic_Nevi,melanocytic_Nevi,true
ISIC_0026261,melanocytic_Nevi,melanocytic_Nevi,0.9996,true,true,0.9996,0.0,0.02,0.01,28.4,medium (III–IV),melanocytic_Nevi,melanocytic_Nevi,true
ISIC_0026264,melanocytic_Nevi,melanocytic_Nevi,0.9828,true,true,0.9828,0.0005,0.259,0.159,37.5,medium (III–IV),melanocytic_Nevi,melanocytic_Nevi,true
ISIC_0026267,melanocytic_Nevi,melanocytic_Nevi,0.9889,true,true,0.9889,0.0002,0.207,0.09,85.7,light (I–II),melanocytic_Nevi,melanocytic_Nevi,true
ISIC_0026272,melanocytic_Nevi,melanocytic_Nevi,0.9966,true,true,0.9966,0.0,0.154,0.014,96.5,light (I–II),melanocytic_Nevi,melanocytic_Nevi,true
ISIC_0026277,benign_keratosis-like_lesions,benign_keratosis-like_lesions,0.7003,true,true,0.7003,0.1719,0.568,0.552,154.8,light (I–II),benign_keratosis-like_lesions,benign_keratosis-like_lesions,true
ISIC_0026279,melanocytic_Nevi,melanocytic_Nevi,0.9351,true,true,0.9351,0.0063,0.071,0.0,83.0,light (I–II),melanocytic_Nevi,melanocytic_Nevi,true
ISIC_0026288,melanocytic_Nevi,melanocytic_Nevi,0.9971,true,true,0.9971,0.0,0.131,0.006,72.8,light (I–II),melanocytic_Nevi,melanocytic_Nevi,true
ISIC_0026292,melanocytic_Nevi,melanocytic_Nevi,0.9991,true,true,0.9991,0.0,0.179,0.024,63.0,light (I–II),melanocytic_Nevi,melanocytic_Nevi,true
ISIC_0026295,melanocytic_Nevi,melanocytic_Nevi,0.9467,true,true,0.9467,0.0053,0.352,0.0,41.5,light (I–II),melanocytic_Nevi,melanocytic_Nevi,true
ISIC_0026297,melanocytic_Nevi,benign_keratosis-like_lesions,0.4972,false,true,0.4972,0.9239,0.212,0.256,102.0,light (I–II),melanocytic_Nevi,benign_keratosis-like_lesions,false
ISIC_0026301,benign_keratosis-like_lesions,melanoma,0.9006,false,true,0.9006,1.7676,0.893,0.063,77.0,light (I–II),benign_keratosis-like_lesions,melanoma,false
ISIC_0026304,melanocytic_Nevi,melanocytic_Nevi,0.9991,true,true,0.9991,0.0,0.059,0.191,7.6,dark (V–VI),melanocytic_Nevi,melanocytic_Nevi,true
ISIC_0026314,melanoma,melanocytic_Nevi,0.7683,false,true,0.7683,1.4215,0.0,0.0,91.8,light (I–II),melanoma,melanocytic_Nevi,false
ISIC_0026316,benign_keratosis-like_lesions,melanocytic_Nevi,0.4545,false,true,0.4545,0.814,0.299,0.083,86.3,light (I–II),benign_keratosis-like_lesions,melanocytic_Nevi,false
ISIC_0026317,melanocytic_Nevi,melanocytic_Nevi,0.9999,true,true,0.9999,0.0,0.153,0.0,67.4,light (I–II),melanocytic_Nevi,melanocytic_Nevi,true
ISIC_0026325,melanocytic_Nevi,melanocytic_Nevi,0.994,true,true,0.994,0.0001,0.047,0.079,39.3,medium (III–IV),melanocytic_Nevi,melanocytic_Nevi,true
ISIC_0026334,melanocytic_Nevi,melanocytic_Nevi,0.9998,true,true,0.9998,0.0,0.007,0.007,76.4,light (I–II),melanocytic_Nevi,melanocytic_Nevi,true
ISIC_0026335,benign_keratosis-like_lesions,actinic_keratoses,0.351,false,true,0.351,0.6233,0.261,0.264,69.7,light (I–II),benign_keratosis-like_lesions,actinic_keratoses,false
ISIC_0026344,melanocytic_Nevi,melanocytic_Nevi,0.9994,true,true,0.9994,0.0,0.139,0.0,76.9,light (I–II),melanocytic_Nevi,melanocytic_Nevi,true
ISIC_0026350,basal_cell_carcinoma,basal_cell_carcinoma,0.7342,true,true,0.7342,0.102,0.331,0.0,67.6,light (I–II),basal_cell_carcinoma,basal_cell_carcinoma,true
ISIC_0026352,melanoma,melanocytic_Nevi,0.7466,false,true,0.7466,1.1148,0.0,0.066,100.7,light (I–II),melanoma,melanocytic_Nevi,false
ISIC_0026359,melanocytic_Nevi,melanocytic_Nevi,0.6418,true,true,0.6418,0.2379,0.544,0.417,58.1,light (I–II),melanocytic_Nevi,melanocytic_Nevi,true
ISIC_0026361,melanocytic_Nevi,melanocytic_Nevi,0.9663,true,true,0.9663,0.0017,0.087,0.0,53.8,light (I–II),melanocytic_Nevi,melanocytic_Nevi,true
ISIC_0026371,melanocytic_Nevi,melanocytic_Nevi,0.6579,true,true,0.6579,0.2088,0.111,0.0,73.1,light (I–II),melanocytic_Nevi,melanocytic_Nevi,true
ISIC_0026378,benign_keratosis-like_lesions,benign_keratosis-like_lesions,0.9457,true,true,0.9457,0.0042,0.136,0.0,45.2,light (I–II),benign_keratosis-like_lesions,benign_keratosis-like_lesions,true
ISIC_0026384,melanocytic_Nevi,melanoma,0.5733,false,true,0.5733,0.6934,0.568,0.484,107.8,light (I–II),melanocytic_Nevi,melanoma,false
ISIC_0026391,melanocytic_Nevi,melanocytic_Nevi,0.9157,true,true,0.9157,0.0136,0.468,0.0,97.8,light (I–II),melanocytic_Nevi,melanocytic_Nevi,true
ISIC_0026404,melanocytic_Nevi,benign_keratosis-like_lesions,0.3162,false,false,0.3162,0.8729,0.136,0.152,81.2,light (I–II),melanocytic_Nevi,benign_keratosis-like_lesions,false
ISIC_0026405,melanocytic_Nevi,melanocytic_Nevi,0.9998,true,true,0.9998,0.0,0.082,0.0,48.1,light (I–II),melanocytic_Nevi,melanocytic_Nevi,true
ISIC_0026414,melanocytic_Nevi,melanoma,0.9149,false,true,0.9149,1.7084,0.911,0.215,72.0,light (I–II),melanocytic_Nevi,melanoma,false
ISIC_0026420,melanoma,melanoma,0.9694,true,true,0.9694,0.0014,0.832,0.035,76.5,light (I–II),melanoma,melanoma,true
ISIC_0026427,melanocytic_Nevi,melanocytic_Nevi,0.4972,true,true,0.4972,0.4605,0.0,0.09,93.6,light (I–II),melanocytic_Nevi,melanocytic_Nevi,true
ISIC_0026441,benign_keratosis-like_lesions,melanocytic_Nevi,0.6093,false,true,0.6093,0.7455,0.0,0.0,88.7,light (I–II),benign_keratosis-like_lesions,melanocytic_Nevi,false
ISIC_0026449,melanocytic_Nevi,melanocytic_Nevi,0.9774,true,true,0.9774,0.001,0.11,0.011,102.1,light (I–II),melanocytic_Nevi,melanocytic_Nevi,true
ISIC_0026464,melanocytic_Nevi,melanocytic_Nevi,0.9998,true,true,0.9998,0.0,0.373,0.0,79.0,light (I–II),melanocytic_Nevi,melanocytic_Nevi,true
ISIC_0026466,actinic_keratoses,benign_keratosis-like_lesions,0.6335,false,false,0.6335,1.4524,0.489,0.084,63.6,light (I–II),actinic_keratoses,benign_keratosis-like_lesions,false
ISIC_0026471,dermatofibroma,dermatofibroma,0.9699,true,true,0.9699,0.0011,0.884,0.965,58.7,light (I–II),dermatofibroma,dermatofibroma,true
ISIC_0026474,melanocytic_Nevi,melanocytic_Nevi,0.9999,true,true,0.9999,0.0,0.001,0.001,68.6,light (I–II),melanocytic_Nevi,melanocytic_Nevi,true
ISIC_0026476,melanocytic_Nevi,melanocytic_Nevi,0.999,true,true,0.999,0.0,0.352,0.002,75.3,light (I–II),melanocytic_Nevi,melanocytic_Nevi,true
ISIC_0026489,melanoma,melanoma,0.8625,true,true,0.8625,0.0331,0.725,0.04,132.9,light (I–II),melanoma,melanoma,true
ISIC_0026508,melanocytic_Nevi,melanocytic_Nevi,0.9946,true,true,0.9946,0.0,0.057,0.034,80.5,light (I–II),melanocytic_Nevi,melanocytic_Nevi,true
ISIC_0026511,benign_keratosis-like_lesions,benign_keratosis-like_lesions,0.9995,true,true,0.9995,0.0,0.968,0.011,76.4,light (I–II),benign_keratosis-like_lesions,benign_keratosis-like_lesions,true
ISIC_0026533,melanocytic_Nevi,melanocytic_Nevi,0.9991,true,true,0.9991,0.0,0.032,0.015,53.3,light (I–II),melanocytic_Nevi,melanocytic_Nevi,true
ISIC_0026550,melanocytic_Nevi,melanocytic_Nevi,0.9992,true,true,0.9992,0.0,0.177,0.019,67.5,light (I–II),melanocytic_Nevi,melanocytic_Nevi,true
ISIC_0026558,melanoma,melanoma,0.7388,true,true,0.7388,0.0967,0.727,0.113,68.5,light (I–II),melanoma,melanoma,true
ISIC_0026561,melanocytic_Nevi,melanocytic_Nevi,0.7941,true,true,0.7941,0.0599,0.426,0.0,40.3,medium (III–IV),melanocytic_Nevi,melanocytic_Nevi,true
ISIC_0026570,melanocytic_Nevi,melanocytic_Nevi,0.9999,true,true,0.9999,0.0,0.127,0.045,64.0,light (I–II),melanocytic_Nevi,melanocytic_Nevi,true
ISIC_0026574,basal_cell_carcinoma,basal_cell_carcinoma,0.6336,true,true,0.6336,0.198,0.111,0.174,76.1,light (I–II),basal_cell_carcinoma,basal_cell_carcinoma,true
ISIC_0026579,melanocytic_Nevi,melanocytic_Nevi,0.9996,true,true,0.9996,0.0,0.091,0.01,49.4,light (I–II),melanocytic_Nevi,melanocytic_Nevi,true
ISIC_0026580,melanocytic_Nevi,melanoma,0.4425,false,true,0.4425,0.518,0.436,0.0,69.4,light (I–II),melanocytic_Nevi,melanoma,false
ISIC_0026588,melanocytic_Nevi,melanoma,0.5228,false,true,0.5228,0.5694,0.456,0.0,62.4,light (I–II),melanocytic_Nevi,melanoma,false
ISIC_0026591,melanocytic_Nevi,melanocytic_Nevi,0.9291,true,true,0.9291,0.0098,0.109,0.0,49.3,light (I–II),melanocytic_Nevi,melanocytic_Nevi,true
ISIC_0026595,melanocytic_Nevi,melanocytic_Nevi,0.9975,true,true,0.9975,0.0,0.001,0.1,83.0,light (I–II),melanocytic_Nevi,melanocytic_Nevi,true
ISIC_0026601,melanocytic_Nevi,melanoma,0.7115,false,true,0.7115,1.0203,0.709,0.71,82.9,light (I–II),melanocytic_Nevi,melanoma,false
ISIC_0026614,benign_keratosis-like_lesions,benign_keratosis-like_lesions,0.9667,true,true,0.9667,0.0016,0.0,0.023,101.1,light (I–II),benign_keratosis-like_lesions,benign_keratosis-like_lesions,true
ISIC_0026619,melanocytic_Nevi,melanocytic_Nevi,0.9974,true,true,0.9974,0.0,0.256,0.009,69.3,light (I–II),melanocytic_Nevi,melanocytic_Nevi,true
ISIC_0026622,melanoma,melanoma,0.8838,true,true,0.8838,0.0252,0.839,0.064,108.4,light (I–II),melanoma,melanoma,true
ISIC_0026627,melanocytic_Nevi,melanocytic_Nevi,1.0,true,true,1.0,0.0,0.01,0.032,83.4,light (I–II),melanocytic_Nevi,melanocytic_Nevi,true
ISIC_0026635,melanocytic_Nevi,melanocytic_Nevi,0.9981,true,true,0.9981,0.0,0.168,0.175,78.9,light (I–II),melanocytic_Nevi,melanocytic_Nevi,true
ISIC_0026638,melanocytic_Nevi,melanocytic_Nevi,0.9706,true,true,0.9706,0.0012,0.872,0.418,81.2,light (I–II),melanocytic_Nevi,melanocytic_Nevi,true
ISIC_0026654,melanocytic_Nevi,melanocytic_Nevi,0.837,true,true,0.837,0.0462,0.463,0.3,90.2,light (I–II),melanocytic_Nevi,melanocytic_Nevi,true
ISIC_0026655,melanocytic_Nevi,melanocytic_Nevi,0.5736,true,true,0.5736,0.3506,0.502,0.467,32.8,medium (III–IV),melanocytic_Nevi,melanocytic_Nevi,true
ISIC_0026659,melanocytic_Nevi,melanocytic_Nevi,0.9853,true,true,0.9853,0.0004,0.018,0.0,21.1,medium (III–IV),melanocytic_Nevi,melanocytic_Nevi,true
ISIC_0026676,melanocytic_Nevi,melanoma,0.9007,false,true,0.9007,1.6483,0.896,0.558,88.1,light (I–II),melanocytic_Nevi,melanoma,false
ISIC_0026678,melanocytic_Nevi,melanocytic_Nevi,0.9883,true,true,0.9883,0.0002,0.642,0.128,75.6,light (I–II),melanocytic_Nevi,melanocytic_Nevi,true
ISIC_0026680,melanocytic_Nevi,melanocytic_Nevi,0.9996,true,true,0.9996,0.0,0.014,0.001,53.9,light (I–II),melanocytic_Nevi,melanocytic_Nevi,true
ISIC_0026687,basal_cell_carcinoma,basal_cell_carcinoma,0.7883,true,true,0.7883,0.0772,0.649,0.237,82.0,light (I–II),basal_cell_carcinoma,basal_cell_carcinoma,true
ISIC_0026693,vascular_lesions,vascular_lesions,1.0,true,true,1.0,0.0,0.941,0.0,114.6,light (I–II),vascular_lesions,vascular_lesions,true
ISIC_0026700,melanocytic_Nevi,melanocytic_Nevi,0.9998,true,true,0.9998,0.0,0.021,0.007,64.6,light (I–II),melanocytic_Nevi,melanocytic_Nevi,true
ISIC_0026711,melanocytic_Nevi,melanocytic_Nevi,0.9619,true,true,0.9619,0.0029,0.248,0.308,88.6,light (I–II),melanocytic_Nevi,melanocytic_Nevi,true
ISIC_0026725,melanocytic_Nevi,melanocytic_Nevi,0.9998,true,true,0.9998,0.0,0.054,0.002,73.8,light (I–II),melanocytic_Nevi,melanocytic_Nevi,true
ISIC_0026730,melanocytic_Nevi,benign_keratosis-like_lesions,0.5214,false,true,0.5214,0.5854,0.308,0.28,87.0,light (I–II),melanocytic_Nevi,benign_keratosis-like_lesions,false
ISIC_0026736,melanocytic_Nevi,melanocytic_Nevi,0.9853,true,true,0.9853,0.0004,0.158,0.019,64.4,light (I–II),melanocytic_Nevi,melanocytic_Nevi,true
ISIC_0026746,melanoma,melanoma,0.9803,true,true,0.9803,0.0006,0.972,0.928,72.6,light (I–II),melanoma,melanoma,true
ISIC_0026762,melanocytic_Nevi,melanocytic_Nevi,0.9426,true,true,0.9426,0.0045,0.211,0.522,61.5,light (I–II),melanocytic_Nevi,melanocytic_Nevi,true
ISIC_0026774,melanoma,melanoma,0.5459,true,true,0.5459,0.4071,0.543,0.435,77.2,light (I–II),melanoma,melanoma,true
ISIC_0026779,melanocytic_Nevi,melanocytic_Nevi,0.9877,true,true,0.9877,0.0003,0.099,0.087,25.3,medium (III–IV),melanocytic_Nevi,melanocytic_Nevi,true
ISIC_0026780,melanocytic_Nevi,melanocytic_Nevi,0.993,true,true,0.993,0.0001,0.455,0.0,81.9,light (I–II),melanocytic_Nevi,melanocytic_Nevi,true
ISIC_0026783,benign_keratosis-like_lesions,benign_keratosis-like_lesions,0.783,true,true,0.783,0.0705,0.755,0.546,23.1,medium (III–IV),benign_keratosis-like_lesions,benign_keratosis-like_lesions,true
ISIC_0026793,melanocytic_Nevi,melanocytic_Nevi,0.9896,true,true,0.9896,0.0002,0.032,0.137,64.9,light (I–II),melanocytic_Nevi,melanocytic_Nevi,true
ISIC_0026800,melanocytic_Nevi,melanocytic_Nevi,1.0,true,true,1.0,0.0,0.384,0.0,65.0,light (I–II),melanocytic_Nevi,melanocytic_Nevi,true
ISIC_0026813,melanocytic_Nevi,melanocytic_Nevi,0.9979,true,true,0.9979,0.0,0.016,0.008,20.8,medium (III–IV),melanocytic_Nevi,melanocytic_Nevi,true
ISIC_0026821,melanocytic_Nevi,melanocytic_Nevi,0.9997,true,true,0.9997,0.0,0.02,0.002,60.6,light (I–II),melanocytic_Nevi,melanocytic_Nevi,true
ISIC_0026831,basal_cell_carcinoma,basal_cell_carcinoma,0.4726,true,true,0.4726,0.4101,0.398,0.359,109.6,light (I–II),basal_cell_carcinoma,basal_cell_carcinoma,true
ISIC_0026832,melanocytic_Nevi,melanocytic_Nevi,0.9921,true,true,0.9921,0.0001,0.602,0.034,71.1,light (I–II),melanocytic_Nevi,melanocytic_Nevi,true
ISIC_0026833,melanocytic_Nevi,melanocytic_Nevi,0.9997,true,true,0.9997,0.0,0.292,0.002,79.3,light (I–II),melanocytic_Nevi,melanocytic_Nevi,true
ISIC_0026841,melanocytic_Nevi,melanocytic_Nevi,0.9909,true,true,0.9909,0.0002,0.127,0.168,85.1,light (I–II),melanocytic_Nevi,melanocytic_Nevi,true
ISIC_0026845,basal_cell_carcinoma,benign_keratosis-like_lesions,0.4219,false,true,0.4219,0.5537,0.012,0.0,111.0,light (I–II),basal_cell_carcinoma,benign_keratosis-like_lesions,false
ISIC_0026849,benign_keratosis-like_lesions,basal_cell_carcinoma,0.5189,false,true,0.5189,0.5754,0.068,0.171,74.1,light (I–II),benign_keratosis-like_lesions,basal_cell_carcinoma,false
ISIC_0026852,melanocytic_Nevi,melanoma,0.5992,false,true,0.5992,0.7186,0.594,0.386,72.0,light (I–II),melanocytic_Nevi,melanoma,false
ISIC_0026853,melanoma,melanoma,0.7106,true,true,0.7106,0.1445,0.586,0.272,157.5,light (I–II),melanoma,melanoma,true
ISIC_0026870,melanoma,benign_keratosis-like_lesions,0.7449,false,true,0.7449,1.1226,0.0,0.0,84.0,light (I–II),melanoma,benign_keratosis-like_lesions,false
ISIC_0026874,melanocytic_Nevi,benign_keratosis-like_lesions,0.8967,false,true,0.8967,1.6476,0.0,0.04,39.3,medium (III–IV),melanocytic_Nevi,benign_keratosis-like_lesions,false
ISIC_0026879,melanocytic_Nevi,melanocytic_Nevi,0.9998,true,true,0.9998,0.0,0.018,0.006,68.1,light (I–II),melanocytic_Nevi,melanocytic_Nevi,true
ISIC_0026890,melanocytic_Nevi,melanocytic_Nevi,0.9445,true,true,0.9445,0.0047,0.503,0.0,84.8,light (I–II),melanocytic_Nevi,melanocytic_Nevi,true
ISIC_0026900,melanocytic_Nevi,melanocytic_Nevi,1.0,true,true,1.0,0.0,0.09,0.0,69.2,light (I–II),melanocytic_Nevi,melanocytic_Nevi,true
ISIC_0026905,actinic_keratoses,benign_keratosis-like_lesions,0.9228,false,true,0.9228,1.8301,0.114,0.233,88.8,light (I–II),actinic_keratoses,benign_keratosis-like_lesions,false
ISIC_0026923,benign_keratosis-like_lesions,benign_keratosis-like_lesions,0.8957,true,true,0.8957,0.0189,0.546,0.355,102.8,light (I–II),benign_keratosis-like_lesions,benign_keratosis-like_lesions,true
ISIC_0026927,actinic_keratoses,actinic_keratoses,0.9303,true,true,0.9303,0.0072,0.838,0.088,99.7,light (I–II),actinic_keratoses,actinic_keratoses,true
ISIC_0026928,melanocytic_Nevi,melanocytic_Nevi,0.9999,true,true,0.9999,0.0,0.481,0.04,76.7,light (I–II),melanocytic_Nevi,melanocytic_Nevi,true
ISIC_0026929,melanocytic_Nevi,melanocytic_Nevi,0.9793,true,true,0.9793,0.0009,0.126,0.54,20.9,medium (III–IV),melanocytic_Nevi,melanocytic_Nevi,true
ISIC_0026942,melanocytic_Nevi,benign_keratosis-like_lesions,0.889,false,true,0.889,1.5832,0.692,0.047,135.5,light (I–II),melanocytic_Nevi,benign_keratosis-like_lesions,false
ISIC_0026950,melanoma,melanoma,0.9177,true,true,0.9177,0.0099,0.914,0.324,88.9,light (I–II),melanoma,melanoma,true
ISIC_0026963,melanoma,benign_keratosis-like_lesions,0.8778,false,true,0.8778,1.5544,0.243,0.316,108.1,light (I–II),melanoma,benign_keratosis-like_lesions,false
ISIC_0026973,melanocytic_Nevi,melanocytic_Nevi,0.9983,true,true,0.9983,0.0,0.175,0.055,67.9,light (I–II),melanocytic_Nevi,melanocytic_Nevi,true
ISIC_0026975,melanocytic_Nevi,melanocytic_Nevi,0.9973,true,true,0.9973,0.0,0.648,0.007,83.6,light (I–II),melanocytic_Nevi,melanocytic_Nevi,true
ISIC_0026979,melanocytic_Nevi,melanocytic_Nevi,0.9617,true,true,0.9617,0.0021,0.371,0.0,87.1,light (I–II),melanocytic_Nevi,melanocytic_Nevi,true
ISIC_0026985,melanocytic_Nevi,melanocytic_Nevi,0.9983,true,true,0.9983,0.0,0.195,0.0,74.1,light (I–II),melanocytic_Nevi,melanocytic_Nevi,true
ISIC_0026987,melanocytic_Nevi,melanocytic_Nevi,0.9108,true,true,0.9108,0.0151,0.0,0.0,79.1,light (I–II),melanocytic_Nevi,melanocytic_Nevi,true
ISIC_0026988,basal_cell_carcinoma,basal_cell_carcinoma,0.9638,true,true,0.9638,0.0019,0.416,0.338,27.1,medium (III–IV),basal_cell_carcinoma,basal_cell_carcinoma,true
ISIC_0027010,melanocytic_Nevi,melanoma,0.6318,false,true,0.6318,0.9336,0.63,0.292,44.2,light (I–II),melanocytic_Nevi,melanoma,false
ISIC_0027017,benign_keratosis-like_lesions,benign_keratosis-like_lesions,0.9542,true,true,0.9542,0.0039,0.176,0.165,61.3,light (I–II),benign_keratosis-like_lesions,benign_keratosis-like_lesions,true
ISIC_0027020,melanocytic_Nevi,melanocytic_Nevi,0.9941,true,true,0.9941,0.0001,0.051,0.009,105.7,light (I–II),melanocytic_Nevi,melanocytic_Nevi,true
ISIC_0027024,melanocytic_Nevi,melanocytic_Nevi,0.9791,true,true,0.9791,0.0009,0.057,0.02,131.5,light (I–II),melanocytic_Nevi,melanocytic_Nevi,true
ISIC_0027029,melanocytic_Nevi,melanocytic_Nevi,0.9582,true,true,0.9582,0.0031,0.478,0.672,37.3,medium (III–IV),melanocytic_Nevi,melanocytic_Nevi,true
ISIC_0027077,melanocytic_Nevi,melanoma,0.7064,false,true,0.7064,1.1909,0.689,0.243,75.8,light (I–II),melanocytic_Nevi,melanoma,false
ISIC_0027079,melanocytic_Nevi,melanocytic_Nevi,0.9989,true,true,0.9989,0.0,0.129,0.004,37.7,medium (III–IV),melanocytic_Nevi,melanocytic_Nevi,true
ISIC_0027088,melanocytic_Nevi,melanocytic_Nevi,0.9999,true,true,0.9999,0.0,0.001,0.004,76.6,light (I–II),melanocytic_Nevi,melanocytic_Nevi,true
ISIC_0027090,basal_cell_carcinoma,melanocytic_Nevi,0.8935,false,true,0.8935,1.6523,0.695,0.0,89.8,light (I–II),basal_cell_carcinoma,melanocytic_Nevi,false
ISIC_0027103,melanocytic_Nevi,melanoma,0.623,false,true,0.623,0.8322,0.517,0.379,106.1,light (I–II),melanocytic_Nevi,melanoma,false
ISIC_0027104,melanocytic_Nevi,melanocytic_Nevi,1.0,true,true,1.0,0.0,0.602,0.2,85.2,light (I–II),melanocytic_Nevi,melanocytic_Nevi,true
ISIC_0027108,melanocytic_Nevi,melanocytic_Nevi,0.9999,true,true,0.9999,0.0,0.004,0.001,61.9,light (I–II),melanocytic_Nevi,melanocytic_Nevi,true
ISIC_0027109,melanocytic_Nevi,melanocytic_Nevi,0.9995,true,true,0.9995,0.0,0.163,0.02,83.7,light (I–II),melanocytic_Nevi,melanocytic_Nevi,true
ISIC_0027111,melanocytic_Nevi,melanocytic_Nevi,0.9949,true,true,0.9949,0.0,0.298,0.001,74.5,light (I–II),melanocytic_Nevi,melanocytic_Nevi,true
ISIC_0027115,melanocytic_Nevi,melanocytic_Nevi,0.9393,true,true,0.9393,0.0059,0.186,0.064,66.3,light (I–II),melanocytic_Nevi,melanocytic_Nevi,true
ISIC_0027130,melanoma,melanoma,0.7622,true,true,0.7622,0.1091,0.751,0.232,37.0,medium (III–IV),melanoma,melanoma,true
ISIC_0027131,melanocytic_Nevi,melanocytic_Nevi,0.9996,true,true,0.9996,0.0,0.005,0.049,52.3,light (I–II),melanocytic_Nevi,melanocytic_Nevi,true
ISIC_0027135,basal_cell_carcinoma,basal_cell_carcinoma,0.9922,true,true,0.9922,0.0001,0.672,0.087,52.3,light (I–II),basal_cell_carcinoma,basal_cell_carcinoma,true
ISIC_0027140,melanocytic_Nevi,melanocytic_Nevi,0.9649,true,true,0.9649,0.0024,0.148,0.0,99.9,light (I–II),melanocytic_Nevi,melanocytic_Nevi,true
ISIC_0027142,benign_keratosis-like_lesions,melanocytic_Nevi,0.8436,false,true,0.8436,1.4402,0.0,0.174,75.6,light (I–II),benign_keratosis-like_lesions,melanocytic_Nevi,false
ISIC_0027168,melanocytic_Nevi,melanocytic_Nevi,0.9973,true,true,0.9973,0.0,0.012,0.015,60.7,light (I–II),melanocytic_Nevi,melanocytic_Nevi,true
ISIC_0027198,melanocytic_Nevi,melanocytic_Nevi,0.9455,true,true,0.9455,0.0051,0.28,0.15,35.2,medium (III–IV),melanocytic_Nevi,melanocytic_Nevi,true
ISIC_0027202,benign_keratosis-like_lesions,benign_keratosis-like_lesions,0.9752,true,true,0.9752,0.0009,0.699,0.246,65.5,light (I–II),benign_keratosis-like_lesions,benign_keratosis-like_lesions,true
ISIC_0027210,vascular_lesions,vascular_lesions,1.0,true,true,1.0,0.0,0.771,0.701,98.5,light (I–II),vascular_lesions,vascular_lesions,true
ISIC_0027213,melanocytic_Nevi,benign_keratosis-like_lesions,0.5468,false,true,0.5468,1.0487,0.437,0.434,111.9,light (I–II),melanocytic_Nevi,benign_keratosis-like_lesions,false
ISIC_0027214,melanocytic_Nevi,melanocytic_Nevi,0.9999,true,true,0.9999,0.0,0.018,0.025,30.3,medium (III–IV),melanocytic_Nevi,melanocytic_Nevi,true
ISIC_0027217,melanocytic_Nevi,melanocytic_Nevi,0.9951,true,true,0.9951,0.0,0.089,0.0,57.2,light (I–II),melanocytic_Nevi,melanocytic_Nevi,true
ISIC_0027220,melanocytic_Nevi,melanocytic_Nevi,0.9999,true,true,0.9999,0.0,0.016,0.013,44.5,light (I–II),melanocytic_Nevi,melanocytic_Nevi,true
ISIC_0027221,melanocytic_Nevi,melanocytic_Nevi,0.9926,true,true,0.9926,0.0001,0.35,0.183,66.2,light (I–II),melanocytic_Nevi,melanocytic_Nevi,true
ISIC_0027238,melanoma,melanoma,0.9693,true,true,0.9693,0.0019,0.904,0.179,110.4,light (I–II),melanoma,melanoma,true
ISIC_0027262,melanocytic_Nevi,melanocytic_Nevi,0.9749,true,true,0.9749,0.0009,0.313,0.129,101.9,light (I–II),melanocytic_Nevi,melanocytic_Nevi,true
ISIC_0027266,melanocytic_Nevi,melanocytic_Nevi,0.9002,true,true,0.9002,0.0152,0.729,0.331,101.4,light (I–II),melanocytic_Nevi,melanocytic_Nevi,true
ISIC_0027268,melanocytic_Nevi,melanocytic_Nevi,0.8629,true,true,0.8629,0.0358,0.051,0.013,23.2,medium (III–IV),melanocytic_Nevi,melanocytic_Nevi,true
ISIC_0027281,basal_cell_carcinoma,basal_cell_carcinoma,0.6732,true,true,0.6732,0.1832,0.669,0.532,101.2,light (I–II),basal_cell_carcinoma,basal_cell_carcinoma,true
ISIC_0027284,melanocytic_Nevi,melanocytic_Nevi,0.9585,true,true,0.9585,0.003,0.129,0.036,96.2,light (I–II),melanocytic_Nevi,melanocytic_Nevi,true
ISIC_0027291,basal_cell_carcinoma,basal_cell_carcinoma,0.7333,true,true,0.7333,0.1241,0.717,0.681,101.2,light (I–II),basal_cell_carcinoma,basal_cell_carcinoma,true
ISIC_0027293,melanocytic_Nevi,melanocytic_Nevi,0.9779,true,true,0.9779,0.0008,0.562,0.0,76.4,light (I–II),melanocytic_Nevi,melanocytic_Nevi,true
ISIC_0027303,actinic_keratoses,melanoma,0.8836,false,false,0.8836,1.7881,0.745,0.4,84.7,light (I–II),actinic_keratoses,melanoma,false
ISIC_0027333,melanocytic_Nevi,melanocytic_Nevi,0.9915,true,true,0.9915,0.0001,0.004,0.14,26.3,medium (III–IV),melanocytic_Nevi,melanocytic_Nevi,true
ISIC_0027335,benign_keratosis-like_lesions,melanoma,0.4525,false,true,0.4525,0.7064,0.447,0.213,84.1,light (I–II),benign_keratosis-like_lesions,melanoma,false
ISIC_0027345,melanocytic_Nevi,melanocytic_Nevi,0.4802,true,true,0.4802,0.4255,0.021,0.0,114.7,light (I–II),melanocytic_Nevi,melanocytic_Nevi,true
ISIC_0027348,melanocytic_Nevi,benign_keratosis-like_lesions,0.5352,false,true,0.5352,0.6558,0.225,0.369,79.5,light (I–II),melanocytic_Nevi,benign_keratosis-like_lesions,false
ISIC_0027352,melanoma,melanoma,0.9404,true,true,0.9404,0.0054,0.918,0.859,5.3,dark (V–VI),melanoma,melanoma,true
ISIC_0027362,melanocytic_Nevi,melanocytic_Nevi,0.9999,true,true,0.9999,0.0,0.382,0.0,56.7,light (I–II),melanocytic_Nevi,melanocytic_Nevi,true
ISIC_0027380,melanocytic_Nevi,melanocytic_Nevi,0.9956,true,true,0.9956,0.0,0.162,0.007,85.1,light (I–II),melanocytic_Nevi,melanocytic_Nevi,true
ISIC_0027389,melanocytic_Nevi,melanocytic_Nevi,0.9807,true,true,0.9807,0.0005,0.084,0.175,29.5,medium (III–IV),melanocytic_Nevi,melanocytic_Nevi,true
ISIC_0027410,melanocytic_Nevi,benign_keratosis-like_lesions,0.5946,false,true,0.5946,1.3106,0.019,0.24,-10.2,dark (V–VI),melanocytic_Nevi,benign_keratosis-like_lesions,false
ISIC_0027423,melanocytic_Nevi,melanocytic_Nevi,0.8209,true,true,0.8209,0.0502,0.768,0.696,60.6,light (I–II),melanocytic_Nevi,melanocytic_Nevi,true
ISIC_0027435,benign_keratosis-like_lesions,benign_keratosis-like_lesions,0.9728,true,true,0.9728,0.001,0.423,0.489,115.1,light (I–II),benign_keratosis-like_lesions,benign_keratosis-like_lesions,true
ISIC_0027437,benign_keratosis-like_lesions,melanocytic_Nevi,0.5144,false,true,0.5144,1.239,0.442,0.013,11.2,dark (V–VI),benign_keratosis-like_lesions,melanocytic_Nevi,false
ISIC_0027439,melanocytic_Nevi,melanocytic_Nevi,0.9952,true,true,0.9952,0.0,0.016,0.013,59.9,light (I–II),melanocytic_Nevi,melanocytic_Nevi,true
ISIC_0027441,melanocytic_Nevi,melanocytic_Nevi,0.9993,true,true,0.9993,0.0,0.013,0.001,38.2,medium (III–IV),melanocytic_Nevi,melanocytic_Nevi,true
ISIC_0027447,actinic_keratoses,actinic_keratoses,0.9303,true,true,0.9303,0.0073,0.787,0.785,46.1,light (I–II),actinic_keratoses,actinic_keratoses,true
ISIC_0027454,benign_keratosis-like_lesions,benign_keratosis-like_lesions,0.9802,true,true,0.9802,0.0005,0.041,0.022,86.6,light (I–II),benign_keratosis-like_lesions,benign_keratosis-like_lesions,true
ISIC_0027455,benign_keratosis-like_lesions,melanocytic_Nevi,0.6832,false,true,0.6832,1.544,0.0,0.0,107.0,light (I–II),benign_keratosis-like_lesions,melanocytic_Nevi,false
ISIC_0027456,melanocytic_Nevi,melanocytic_Nevi,0.9421,true,true,0.9421,0.0058,0.168,0.075,57.7,light (I–II),melanocytic_Nevi,melanocytic_Nevi,true
ISIC_0027462,melanocytic_Nevi,melanocytic_Nevi,0.6749,true,true,0.6749,0.2105,0.528,0.393,71.8,light (I–II),melanocytic_Nevi,melanocytic_Nevi,true
ISIC_0027483,melanocytic_Nevi,melanocytic_Nevi,1.0,true,true,1.0,0.0,0.314,0.003,77.4,light (I–II),melanocytic_Nevi,melanocytic_Nevi,true
ISIC_0027487,melanoma,melanoma,0.8863,true,true,0.8863,0.0254,0.87,0.0,59.9,light (I–II),melanoma,melanoma,true
ISIC_0027489,melanocytic_Nevi,melanocytic_Nevi,0.9991,true,true,0.9991,0.0,0.301,0.001,80.3,light (I–II),melanocytic_Nevi,melanocytic_Nevi,true
ISIC_0027496,melanocytic_Nevi,melanocytic_Nevi,0.9999,true,true,0.9999,0.0,0.087,0.01,70.0,light (I–II),melanocytic_Nevi,melanocytic_Nevi,true
ISIC_0027497,melanocytic_Nevi,melanocytic_Nevi,0.8379,true,true,0.8379,0.0411,0.326,0.0,106.6,light (I–II),melanocytic_Nevi,melanocytic_Nevi,true
ISIC_0027503,melanocytic_Nevi,melanocytic_Nevi,0.9849,true,true,0.9849,0.0005,0.288,0.0,91.5,light (I–II),melanocytic_Nevi,melanocytic_Nevi,true
ISIC_0027505,melanocytic_Nevi,melanocytic_Nevi,0.9278,true,true,0.9278,0.0073,0.28,0.047,97.2,light (I–II),melanocytic_Nevi,melanocytic_Nevi,true
ISIC_0027515,melanocytic_Nevi,melanocytic_Nevi,0.9914,true,true,0.9914,0.0001,0.202,0.002,70.8,light (I–II),melanocytic_Nevi,melanocytic_Nevi,true
ISIC_0027516,melanocytic_Nevi,melanocytic_Nevi,0.9954,true,true,0.9954,0.0,0.233,0.011,35.5,medium (III–IV),melanocytic_Nevi,melanocytic_Nevi,true
ISIC_0027536,actinic_keratoses,actinic_keratoses,0.9266,true,true,0.9266,0.0098,0.507,0.0,48.7,light (I–II),actinic_keratoses,actinic_keratoses,true
ISIC_0027546,basal_cell_carcinoma,basal_cell_carcinoma,0.8743,true,true,0.8743,0.0259,0.638,0.004,89.6,light (I–II),basal_cell_carcinoma,basal_cell_carcinoma,true
ISIC_0027552,melanoma,melanocytic_Nevi,0.6754,false,true,0.6754,0.935,0.46,0.049,74.6,light (I–II),melanoma,melanocytic_Nevi,false
ISIC_0027560,melanoma,melanoma,0.9052,true,true,0.9052,0.0146,0.902,0.0,89.5,light (I–II),melanoma,melanoma,true
ISIC_0027563,vascular_lesions,vascular_lesions,0.9894,true,true,0.9894,0.0002,0.753,0.063,95.7,light (I–II),vascular_lesions,vascular_lesions,true
ISIC_0027569,melanocytic_Nevi,melanocytic_Nevi,0.9538,true,true,0.9538,0.0035,0.916,0.0,107.9,light (I–II),melanocytic_Nevi,melanocytic_Nevi,true
ISIC_0027570,melanocytic_Nevi,melanocytic_Nevi,0.9772,true,true,0.9772,0.001,0.228,0.004,79.3,light (I–II),melanocytic_Nevi,melanocytic_Nevi,true
ISIC_0027584,benign_keratosis-like_lesions,benign_keratosis-like_lesions,0.8249,true,true,0.8249,0.0464,0.305,0.0,14.5,dark (V–VI),benign_keratosis-like_lesions,benign_keratosis-like_lesions,true
ISIC_0027586,melanocytic_Nevi,melanocytic_Nevi,0.9995,true,true,0.9995,0.0,0.167,0.058,62.7,light (I–II),melanocytic_Nevi,melanocytic_Nevi,true
ISIC_0027588,actinic_keratoses,melanoma,0.9884,false,false,0.9884,1.9769,0.923,0.44,71.8,light (I–II),actinic_keratoses,melanoma,false
ISIC_0027590,melanoma,melanoma,0.9395,true,true,0.9395,0.0055,0.775,0.341,90.2,light (I–II),melanoma,melanoma,true
ISIC_0027603,melanocytic_Nevi,melanocytic_Nevi,0.9896,true,true,0.9896,0.0002,0.735,0.046,80.1,light (I–II),melanocytic_Nevi,melanocytic_Nevi,true
ISIC_0027615,actinic_keratoses,benign_keratosis-like_lesions,0.862,false,false,0.862,1.7519,0.319,0.0,78.4,light (I–II),actinic_keratoses,benign_keratosis-like_lesions,false
ISIC_0027620,melanoma,melanocytic_Nevi,0.957,false,true,0.957,1.8317,0.008,0.0,73.5,light (I–II),melanoma,melanocytic_Nevi,false
ISIC_0027624,melanocytic_Nevi,melanocytic_Nevi,0.9999,true,true,0.9999,0.0,0.177,0.001,73.2,light (I–II),melanocytic_Nevi,melanocytic_Nevi,true
ISIC_0027646,melanocytic_Nevi,melanocytic_Nevi,1.0,true,true,1.0,0.0,0.273,0.006,64.7,light (I–II),melanocytic_Nevi,melanocytic_Nevi,true
ISIC_0027647,melanocytic_Nevi,melanocytic_Nevi,0.9992,true,true,0.9992,0.0,0.073,0.0,82.4,light (I–II),melanocytic_Nevi,melanocytic_Nevi,true
ISIC_0027655,melanocytic_Nevi,melanocytic_Nevi,0.9966,true,true,0.9966,0.0,0.119,0.048,74.7,light (I–II),melanocytic_Nevi,melanocytic_Nevi,true
ISIC_0027663,melanoma,melanocytic_Nevi,0.9092,false,true,0.9092,1.7256,0.671,0.104,47.1,light (I–II),melanoma,melanocytic_Nevi,false
ISIC_0027674,melanocytic_Nevi,melanocytic_Nevi,0.9808,true,true,0.9808,0.0007,0.079,0.005,75.7,light (I–II),melanocytic_Nevi,melanocytic_Nevi,true
ISIC_0027677,basal_cell_carcinoma,basal_cell_carcinoma,0.9439,true,true,0.9439,0.0041,0.871,0.699,75.4,light (I–II),basal_cell_carcinoma,basal_cell_carcinoma,true
ISIC_0027683,melanocytic_Nevi,melanocytic_Nevi,0.73,true,true,0.73,0.1208,0.406,0.0,39.2,medium (III–IV),melanocytic_Nevi,melanocytic_Nevi,true
ISIC_0027686,melanocytic_Nevi,melanocytic_Nevi,0.927,true,true,0.927,0.0089,0.219,0.0,63.3,light (I–II),melanocytic_Nevi,melanocytic_Nevi,true
ISIC_0027690,melanocytic_Nevi,melanocytic_Nevi,0.999,true,true,0.999,0.0,0.037,0.076,36.8,medium (III–IV),melanocytic_Nevi,melanocytic_Nevi,true
ISIC_0027692,melanocytic_Nevi,melanocytic_Nevi,0.9991,true,true,0.9991,0.0,0.028,0.004,22.3,medium (III–IV),melanocytic_Nevi,melanocytic_Nevi,true
ISIC_0027698,melanocytic_Nevi,melanocytic_Nevi,0.798,true,true,0.798,0.0808,0.699,0.596,68.1,light (I–II),melanocytic_Nevi,melanocytic_Nevi,true
ISIC_0027711,melanocytic_Nevi,melanocytic_Nevi,0.7761,true,true,0.7761,0.1001,0.0,0.005,100.9,light (I–II),melanocytic_Nevi,melanocytic_Nevi,true
ISIC_0027720,melanocytic_Nevi,melanocytic_Nevi,0.9957,true,true,0.9957,0.0,0.159,0.0,77.4,light (I–II),melanocytic_Nevi,melanocytic_Nevi,true
ISIC_0027725,melanocytic_Nevi,melanocytic_Nevi,0.5433,true,true,0.5433,0.4167,0.247,0.0,68.3,light (I–II),melanocytic_Nevi,melanocytic_Nevi,true
ISIC_0027726,melanocytic_Nevi,melanocytic_Nevi,0.9762,true,true,0.9762,0.0011,0.44,0.006,63.5,light (I–II),melanocytic_Nevi,melanocytic_Nevi,true
ISIC_0027739,benign_keratosis-like_lesions,benign_keratosis-like_lesions,0.7638,true,true,0.7638,0.1076,0.0,0.0,124.6,light (I–II),benign_keratosis-like_lesions,benign_keratosis-like_lesions,true
ISIC_0027741,melanocytic_Nevi,melanocytic_Nevi,0.9995,true,true,0.9995,0.0,0.019,0.004,22.8,medium (III–IV),melanocytic_Nevi,melanocytic_Nevi,true
ISIC_0027748,melanocytic_Nevi,melanocytic_Nevi,0.9995,true,true,0.9995,0.0,0.074,0.002,94.9,light (I–II),melanocytic_Nevi,melanocytic_Nevi,true
ISIC_0027754,benign_keratosis-like_lesions,benign_keratosis-like_lesions,0.9925,true,true,0.9925,0.0001,0.009,0.046,120.4,light (I–II),benign_keratosis-like_lesions,benign_keratosis-like_lesions,true
ISIC_0027764,melanocytic_Nevi,melanocytic_Nevi,0.9942,true,true,0.9942,0.0001,0.03,0.027,88.4,light (I–II),melanocytic_Nevi,melanocytic_Nevi,true
ISIC_0027767,actinic_keratoses,melanocytic_Nevi,0.7591,false,false,0.7591,1.5765,0.619,0.303,75.9,light (I–II),actinic_keratoses,melanocytic_Nevi,false
ISIC_0027768,melanocytic_Nevi,melanoma,0.4685,false,true,0.4685,0.5645,0.434,0.343,25.0,medium (III–IV),melanocytic_Nevi,melanoma,false
ISIC_0027776,melanoma,benign_keratosis-like_lesions,0.6407,false,true,0.6407,1.1449,0.397,0.363,90.0,light (I–II),melanoma,benign_keratosis-like_lesions,false
ISIC_0027777,melanocytic_Nevi,melanocytic_Nevi,1.0,true,true,1.0,0.0,0.011,0.006,66.7,light (I–II),melanocytic_Nevi,melanocytic_Nevi,true
ISIC_0027781,benign_keratosis-like_lesions,benign_keratosis-like_lesions,0.9682,true,true,0.9682,0.0014,0.188,0.003,65.4,light (I–II),benign_keratosis-like_lesions,benign_keratosis-like_lesions,true
ISIC_0027783,melanocytic_Nevi,melanocytic_Nevi,0.7961,true,true,0.7961,0.0712,0.674,0.26,120.7,light (I–II),melanocytic_Nevi,melanocytic_Nevi,true
ISIC_0027795,actinic_keratoses,actinic_keratoses,0.8882,true,true,0.8882,0.0241,0.824,0.137,120.0,light (I–II),actinic_keratoses,actinic_keratoses,true
ISIC_0027800,melanocytic_Nevi,melanocytic_Nevi,0.9711,true,true,0.9711,0.0017,0.164,0.0,109.8,light (I–II),melanocytic_Nevi,melanocytic_Nevi,true
ISIC_0027812,melanocytic_Nevi,melanocytic_Nevi,0.9727,true,true,0.9727,0.0011,0.469,0.07,55.8,light (I–II),melanocytic_Nevi,melanocytic_Nevi,true
ISIC_0027814,basal_cell_carcinoma,basal_cell_carcinoma,0.9107,true,true,0.9107,0.0127,0.509,0.239,78.2,light (I–II),basal_cell_carcinoma,basal_cell_carcinoma,true
ISIC_0027817,melanocytic_Nevi,melanocytic_Nevi,1.0,true,true,1.0,0.0,0.003,0.008,65.9,light (I–II),melanocytic_Nevi,melanocytic_Nevi,true
ISIC_0027824,melanocytic_Nevi,melanocytic_Nevi,0.9996,true,true,0.9996,0.0,0.128,0.075,76.0,light (I–II),melanocytic_Nevi,melanocytic_Nevi,true
ISIC_0027832,melanoma,benign_keratosis-like_lesions,0.6837,false,true,0.6837,1.4103,0.312,0.0,97.6,light (I–II),melanoma,benign_keratosis-like_lesions,false
ISIC_0027833,melanocytic_Nevi,melanocytic_Nevi,0.9993,true,true,0.9993,0.0,0.263,0.012,73.3,light (I–II),melanocytic_Nevi,melanocytic_Nevi,true
ISIC_0027840,melanocytic_Nevi,melanocytic_Nevi,0.7442,true,true,0.7442,0.1083,0.466,0.0,85.5,light (I–II),melanocytic_Nevi,melanocytic_Nevi,true
ISIC_0027853,melanocytic_Nevi,melanocytic_Nevi,0.5634,true,true,0.5634,0.358,0.0,0.057,72.2,light (I–II),melanocytic_Nevi,melanocytic_Nevi,true
ISIC_0027867,melanocytic_Nevi,benign_keratosis-like_lesions,0.5065,false,true,0.5065,0.5787,0.18,0.207,99.3,light (I–II),melanocytic_Nevi,benign_keratosis-like_lesions,false
ISIC_0027870,melanocytic_Nevi,melanocytic_Nevi,0.9995,true,true,0.9995,0.0,0.144,0.03,64.4,light (I–II),melanocytic_Nevi,melanocytic_Nevi,true
ISIC_0027876,dermatofibroma,actinic_keratoses,0.7866,false,false,0.7866,1.6241,0.741,0.428,108.0,light (I–II),dermatofibroma,actinic_keratoses,false
ISIC_0027879,melanocytic_Nevi,melanocytic_Nevi,0.9973,true,true,0.9973,0.0,0.097,0.023,55.2,light (I–II),melanocytic_Nevi,melanocytic_Nevi,true
ISIC_0027882,melanocytic_Nevi,melanocytic_Nevi,0.9987,true,true,0.9987,0.0,0.066,0.026,61.3,light (I–II),melanocytic_Nevi,melanocytic_Nevi,true
ISIC_0027883,melanocytic_Nevi,melanocytic_Nevi,0.6344,true,true,0.6344,0.2081,0.227,0.085,87.0,light (I–II),melanocytic_Nevi,melanocytic_Nevi,true
ISIC_0027896,actinic_keratoses,actinic_keratoses,0.9603,true,true,0.9603,0.0023,0.86,0.016,90.7,light (I–II),actinic_keratoses,actinic_keratoses,true
ISIC_0027933,melanocytic_Nevi,melanocytic_Nevi,0.9729,true,true,0.9729,0.0013,0.073,0.0,85.4,light (I–II),melanocytic_Nevi,melanocytic_Nevi,true
ISIC_0027934,melanocytic_Nevi,melanocytic_Nevi,0.967,true,true,0.967,0.0018,0.148,0.134,68.5,light (I–II),melanocytic_Nevi,melanocytic_Nevi,true
ISIC_0027935,melanocytic_Nevi,melanocytic_Nevi,0.9963,true,true,0.9963,0.0,0.303,0.032,60.3,light (I–II),melanocytic_Nevi,melanocytic_Nevi,true
ISIC_0027936,melanocytic_Nevi,melanocytic_Nevi,0.9997,true,true,0.9997,0.0,0.011,0.002,74.9,light (I–II),melanocytic_Nevi,melanocytic_Nevi,true
ISIC_0027937,vascular_lesions,vascular_lesions,0.9999,true,true,0.9999,0.0,0.937,0.002,59.9,light (I–II),vascular_lesions,vascular_lesions,true
ISIC_0027958,actinic_keratoses,actinic_keratoses,0.9912,true,true,0.9912,0.0001,0.76,0.541,88.6,light (I–II),actinic_keratoses,actinic_keratoses,true
ISIC_0027968,melanocytic_Nevi,melanocytic_Nevi,0.999,true,true,0.999,0.0,0.02,0.003,29.0,medium (III–IV),melanocytic_Nevi,melanocytic_Nevi,true
ISIC_0027969,benign_keratosis-like_lesions,melanocytic_Nevi,0.6805,false,true,0.6805,0.9665,0.256,0.0,85.9,light (I–II),benign_keratosis-like_lesions,melanocytic_Nevi,false
ISIC_0027972,melanocytic_Nevi,melanocytic_Nevi,0.9988,true,true,0.9988,0.0,0.03,0.0,71.1,light (I–II),melanocytic_Nevi,melanocytic_Nevi,true
ISIC_0027973,benign_keratosis-like_lesions,benign_keratosis-like_lesions,0.8414,true,true,0.8414,0.0425,0.787,0.369,-150.6,dark (V–VI),benign_keratosis-like_lesions,benign_keratosis-like_lesions,true
ISIC_0027974,melanocytic_Nevi,melanocytic_Nevi,0.9938,true,true,0.9938,0.0001,0.464,0.0,91.0,light (I–II),melanocytic_Nevi,melanocytic_Nevi,true
ISIC_0027983,vascular_lesions,vascular_lesions,0.9936,true,true,0.9936,0.0001,0.985,0.013,117.1,light (I–II),vascular_lesions,vascular_lesions,true
ISIC_0027984,melanocytic_Nevi,melanoma,0.791,false,true,0.791,1.2516,0.785,0.098,84.1,light (I–II),melanocytic_Nevi,melanoma,false
ISIC_0027986,melanocytic_Nevi,melanocytic_Nevi,0.9766,true,true,0.9766,0.001,0.3,0.0,67.5,light (I–II),melanocytic_Nevi,melanocytic_Nevi,true
ISIC_0027988,melanocytic_Nevi,melanocytic_Nevi,0.9917,true,true,0.9917,0.0001,0.25,0.0,94.0,light (I–II),melanocytic_Nevi,melanocytic_Nevi,true
ISIC_0027997,melanocytic_Nevi,melanocytic_Nevi,0.3658,true,true,0.3658,0.5034,0.292,0.0,60.5,light (I–II),melanocytic_Nevi,melanocytic_Nevi,true
ISIC_0028004,melanocytic_Nevi,melanocytic_Nevi,1.0,true,true,1.0,0.0,0.01,0.001,65.4,light (I–II),melanocytic_Nevi,melanocytic_Nevi,true
ISIC_0028007,melanocytic_Nevi,melanocytic_Nevi,0.9997,true,true,0.9997,0.0,0.136,0.002,56.9,light (I–II),melanocytic_Nevi,melanocytic_Nevi,true
ISIC_0028009,melanocytic_Nevi,melanocytic_Nevi,0.6839,true,true,0.6839,0.1945,0.066,0.046,130.1,light (I–II),melanocytic_Nevi,melanocytic_Nevi,true
ISIC_0028034,melanocytic_Nevi,melanocytic_Nevi,0.9907,true,true,0.9907,0.0002,0.034,0.015,80.0,light (I–II),melanocytic_Nevi,melanocytic_Nevi,true
ISIC_0028053,melanocytic_Nevi,melanocytic_Nevi,0.9566,true,true,0.9566,0.0037,0.049,0.0,27.6,medium (III–IV),melanocytic_Nevi,melanocytic_Nevi,true
ISIC_0028060,melanocytic_Nevi,melanocytic_Nevi,0.4782,true,true,0.4782,0.4082,0.338,0.187,50.9,light (I–II),melanocytic_Nevi,melanocytic_Nevi,true
ISIC_0028061,melanocytic_Nevi,melanocytic_Nevi,0.9984,true,true,0.9984,0.0,0.057,0.0,63.5,light (I–II),melanocytic_Nevi,melanocytic_Nevi,true
ISIC_0028090,melanocytic_Nevi,melanocytic_Nevi,0.9898,true,true,0.9898,0.0002,0.187,0.0,75.3,light (I–II),melanocytic_Nevi,melanocytic_Nevi,true
ISIC_0028098,melanocytic_Nevi,benign_keratosis-like_lesions,0.9657,false,true,0.9657,1.9044,0.206,0.148,36.7,medium (III–IV),melanocytic_Nevi,benign_keratosis-like_lesions,false
ISIC_0028101,melanocytic_Nevi,melanocytic_Nevi,0.9264,true,true,0.9264,0.0108,0.0,0.275,113.3,light (I–II),melanocytic_Nevi,melanocytic_Nevi,true
ISIC_0028125,melanocytic_Nevi,melanocytic_Nevi,0.9995,true,true,0.9995,0.0,0.011,0.018,31.2,medium (III–IV),melanocytic_Nevi,melanocytic_Nevi,true
ISIC_0028127,melanoma,melanoma,0.9978,true,true,0.9978,0.0,0.765,0.004,76.1,light (I–II),melanoma,melanoma,true
ISIC_0028132,actinic_keratoses,basal_cell_carcinoma,0.924,false,true,0.924,1.7414,0.682,0.201,85.7,light (I–II),actinic_keratoses,basal_cell_carcinoma,false
ISIC_0028140,melanocytic_Nevi,melanocytic_Nevi,0.9987,true,true,0.9987,0.0,0.401,0.207,73.7,light (I–II),melanocytic_Nevi,melanocytic_Nevi,true
ISIC_0028142,melanocytic_Nevi,melanocytic_Nevi,0.9992,true,true,0.9992,0.0,0.013,0.001,89.0,light (I–II),melanocytic_Nevi,melanocytic_Nevi,true
ISIC_0028147,basal_cell_carcinoma,basal_cell_carcinoma,0.9832,true,true,0.9832,0.0005,0.958,0.335,38.6,medium (III–IV),basal_cell_carcinoma,basal_cell_carcinoma,true
ISIC_0028156,melanoma,melanoma,0.8596,true,true,0.8596,0.0296,0.854,0.851,79.7,light (I–II),melanoma,melanoma,true
ISIC_0028157,melanocytic_Nevi,melanocytic_Nevi,0.9958,true,true,0.9958,0.0,0.131,0.002,79.2,light (I–II),melanocytic_Nevi,melanocytic_Nevi,true
ISIC_0028159,melanocytic_Nevi,vascular_lesions,0.6702,false,false,0.6702,1.3167,0.668,0.582,63.2,light (I–II),melanocytic_Nevi,vascular_lesions,false
ISIC_0028173,melanoma,dermatofibroma,0.4793,false,true,0.4793,1.1347,0.46,0.479,61.1,light (I–II),melanoma,dermatofibroma,false
ISIC_0028175,melanocytic_Nevi,melanocytic_Nevi,0.9993,true,true,0.9993,0.0,0.133,0.009,91.3,light (I–II),melanocytic_Nevi,melanocytic_Nevi,true
ISIC_0028176,melanocytic_Nevi,melanocytic_Nevi,1.0,true,true,1.0,0.0,0.033,0.001,41.7,light (I–II),melanocytic_Nevi,melanocytic_Nevi,true
ISIC_0028177,melanocytic_Nevi,melanocytic_Nevi,0.9995,true,true,0.9995,0.0,0.095,0.211,63.0,light (I–II),melanocytic_Nevi,melanocytic_Nevi,true
ISIC_0028180,benign_keratosis-like_lesions,benign_keratosis-like_lesions,0.9885,true,true,0.9885,0.0002,0.753,0.051,119.1,light (I–II),benign_keratosis-like_lesions,benign_keratosis-like_lesions,true
ISIC_0028183,melanocytic_Nevi,melanocytic_Nevi,0.9911,true,true,0.9911,0.0002,0.0,0.01,67.9,light (I–II),melanocytic_Nevi,melanocytic_Nevi,true
ISIC_0028191,melanocytic_Nevi,melanocytic_Nevi,0.998,true,true,0.998,0.0,0.061,0.049,45.2,light (I–II),melanocytic_Nevi,melanocytic_Nevi,true
ISIC_0028192,melanocytic_Nevi,melanocytic_Nevi,0.9999,true,true,0.9999,0.0,0.007,0.079,73.8,light (I–II),melanocytic_Nevi,melanocytic_Nevi,true
ISIC_0028193,melanocytic_Nevi,melanocytic_Nevi,0.9936,true,true,0.9936,0.0001,0.038,0.053,45.6,light (I–II),melanocytic_Nevi,melanocytic_Nevi,true
ISIC_0028201,benign_keratosis-like_lesions,benign_keratosis-like_lesions,0.9287,true,true,0.9287,0.0085,0.111,0.023,113.0,light (I–II),benign_keratosis-like_lesions,benign_keratosis-like_lesions,true
ISIC_0028207,melanocytic_Nevi,melanocytic_Nevi,0.9988,true,true,0.9988,0.0,0.4,0.006,76.9,light (I–II),melanocytic_Nevi,melanocytic_Nevi,true
ISIC_0028208,melanocytic_Nevi,melanocytic_Nevi,1.0,true,true,1.0,0.0,0.161,0.006,89.4,light (I–II),melanocytic_Nevi,melanocytic_Nevi,true
ISIC_0028209,benign_keratosis-like_lesions,actinic_keratoses,0.4938,false,true,0.4938,0.727,0.0,0.0,-85.4,dark (V–VI),benign_keratosis-like_lesions,actinic_keratoses,false
ISIC_0028211,melanoma,benign_keratosis-like_lesions,0.9255,false,true,0.9255,1.752,0.636,0.132,110.0,light (I–II),melanoma,benign_keratosis-like_lesions,false
ISIC_0028214,melanocytic_Nevi,benign_keratosis-like_lesions,0.4644,false,true,0.4644,1.2411,0.0,0.0,5.4,dark (V–VI),melanocytic_Nevi,benign_keratosis-like_lesions,false
ISIC_0028219,melanoma,melanocytic_Nevi,0.974,false,true,0.974,1.9104,0.351,0.0,99.4,light (I–II),melanoma,melanocytic_Nevi,false
ISIC_0028224,actinic_keratoses,actinic_keratoses,0.653,true,true,0.653,0.1563,0.636,0.0,71.7,light (I–II),actinic_keratoses,actinic_keratoses,true
ISIC_0028240,melanocytic_Nevi,melanocytic_Nevi,0.9974,true,true,0.9974,0.0,0.051,0.027,8.6,dark (V–VI),melanocytic_Nevi,melanocytic_Nevi,true
ISIC_0028243,melanocytic_Nevi,melanoma,0.4049,false,true,0.4049,0.9097,0.394,0.0,98.9,light (I–II),melanocytic_Nevi,melanoma,false
ISIC_0028246,melanocytic_Nevi,melanocytic_Nevi,0.998,true,true,0.998,0.0,0.089,0.025,88.3,light (I–II),melanocytic_Nevi,melanocytic_Nevi,true
ISIC_0028255,melanocytic_Nevi,melanoma,0.8905,false,true,0.8905,1.6143,0.721,0.094,103.9,light (I–II),melanocytic_Nevi,melanoma,false
ISIC_0028260,melanocytic_Nevi,melanocytic_Nevi,0.9967,true,true,0.9967,0.0,0.084,0.024,22.1,medium (III–IV),melanocytic_Nevi,melanocytic_Nevi,true
ISIC_0028277,melanocytic_Nevi,melanocytic_Nevi,0.9998,true,true,0.9998,0.0,0.344,0.001,85.8,light (I–II),melanocytic_Nevi,melanocytic_Nevi,true
ISIC_0028279,melanocytic_Nevi,melanocytic_Nevi,0.9973,true,true,0.9973,0.0,0.003,0.015,25.4,medium (III–IV),melanocytic_Nevi,melanocytic_Nevi,true
ISIC_0028288,melanoma,melanoma,0.9611,true,true,0.9611,0.0024,0.944,0.118,77.2,light (I–II),melanoma,melanoma,true
ISIC_0028302,melanocytic_Nevi,melanocytic_Nevi,0.8951,true,true,0.8951,0.0138,0.216,0.013,96.2,light (I–II),melanocytic_Nevi,melanocytic_Nevi,true
ISIC_0028304,melanocytic_Nevi,melanoma,0.6615,false,true,0.6615,0.8756,0.648,0.029,52.5,light (I–II),melanocytic_Nevi,melanoma,false
ISIC_0028311,melanocytic_Nevi,melanocytic_Nevi,0.9995,true,true,0.9995,0.0,0.067,0.037,111.1,light (I–II),melanocytic_Nevi,melanocytic_Nevi,true
ISIC_0028313,melanocytic_Nevi,melanocytic_Nevi,0.996,true,true,0.996,0.0,0.053,0.029,63.6,light (I–II),melanocytic_Nevi,melanocytic_Nevi,true
ISIC_0028316,basal_cell_carcinoma,basal_cell_carcinoma,0.9924,true,true,0.9924,0.0001,0.688,0.01,71.4,light (I–II),basal_cell_carcinoma,basal_cell_carcinoma,true
ISIC_0028321,melanocytic_Nevi,melanocytic_Nevi,0.9997,true,true,0.9997,0.0,0.145,0.035,57.1,light (I–II),melanocytic_Nevi,melanocytic_Nevi,true
ISIC_0028344,melanocytic_Nevi,melanoma,0.5563,false,true,0.5563,0.7762,0.555,0.434,71.7,light (I–II),melanocytic_Nevi,melanoma,false
ISIC_0028347,benign_keratosis-like_lesions,benign_keratosis-like_lesions,0.8557,true,true,0.8557,0.0288,0.51,0.22,80.7,light (I–II),benign_keratosis-like_lesions,benign_keratosis-like_lesions,true
ISIC_0028348,melanocytic_Nevi,melanocytic_Nevi,0.9995,true,true,0.9995,0.0,0.025,0.013,76.2,light (I–II),melanocytic_Nevi,melanocytic_Nevi,true
ISIC_0028352,melanoma,basal_cell_carcinoma,0.4819,false,true,0.4819,1.3063,0.352,0.0,125.3,light (I–II),melanoma,basal_cell_carcinoma,false
ISIC_0028363,melanocytic_Nevi,melanocytic_Nevi,1.0,true,true,1.0,0.0,0.003,0.001,53.2,light (I–II),melanocytic_Nevi,melanocytic_Nevi,true
ISIC_0028366,melanocytic_Nevi,melanocytic_Nevi,0.9996,true,true,0.9996,0.0,0.185,0.001,81.2,light (I–II),melanocytic_Nevi,melanocytic_Nevi,true
ISIC_0028369,melanocytic_Nevi,melanocytic_Nevi,0.9999,true,true,0.9999,0.0,0.203,0.001,55.1,light (I–II),melanocytic_Nevi,melanocytic_Nevi,true
ISIC_0028370,actinic_keratoses,actinic_keratoses,0.8954,true,true,0.8954,0.0206,0.205,0.0,59.7,light (I–II),actinic_keratoses,actinic_keratoses,true
ISIC_0028375,melanocytic_Nevi,melanocytic_Nevi,0.9983,true,true,0.9983,0.0,0.756,0.014,56.4,light (I–II),melanocytic_Nevi,melanocytic_Nevi,true
ISIC_0028378,melanocytic_Nevi,melanoma,0.7585,false,true,0.7585,1.1567,0.751,0.137,69.7,light (I–II),melanocytic_Nevi,melanoma,false
ISIC_0028383,melanocytic_Nevi,melanocytic_Nevi,0.9998,true,true,0.9998,0.0,0.115,0.011,45.9,light (I–II),melanocytic_Nevi,melanocytic_Nevi,true
ISIC_0028384,melanocytic_Nevi,benign_keratosis-like_lesions,0.6675,false,true,0.6675,0.9125,0.622,0.245,101.2,light (I–II),melanocytic_Nevi,benign_keratosis-like_lesions,false
ISIC_0028390,melanocytic_Nevi,melanocytic_Nevi,0.9899,true,true,0.9899,0.0002,0.248,0.091,103.6,light (I–II),melanocytic_Nevi,melanocytic_Nevi,true
ISIC_0028420,melanocytic_Nevi,melanocytic_Nevi,0.5557,true,true,0.5557,0.3848,0.0,0.0,13.2,dark (V–VI),melanocytic_Nevi,melanocytic_Nevi,true
ISIC_0028422,melanocytic_Nevi,melanocytic_Nevi,0.997,true,true,0.997,0.0,0.033,0.018,70.7,light (I–II),melanocytic_Nevi,melanocytic_Nevi,true
ISIC_0028425,melanocytic_Nevi,melanocytic_Nevi,0.9762,true,true,0.9762,0.0008,0.027,0.052,41.8,light (I–II),melanocytic_Nevi,melanocytic_Nevi,true
ISIC_0028431,vascular_lesions,vascular_lesions,0.9911,true,true,0.9911,0.0001,0.981,0.094,67.1,light (I–II),vascular_lesions,vascular_lesions,true
ISIC_0028436,melanocytic_Nevi,melanocytic_Nevi,0.6816,true,true,0.6816,0.1917,0.461,0.0,107.6,light (I–II),melanocytic_Nevi,melanocytic_Nevi,true
ISIC_0028440,melanocytic_Nevi,melanocytic_Nevi,0.9996,true,true,0.9996,0.0,0.016,0.003,76.8,light (I–II),melanocytic_Nevi,melanocytic_Nevi,true
ISIC_0028447,melanocytic_Nevi,melanocytic_Nevi,0.47,true,true,0.47,0.4626,0.338,0.333,64.7,light (I–II),melanocytic_Nevi,melanocytic_Nevi,true
ISIC_0028450,melanocytic_Nevi,melanocytic_Nevi,0.4033,true,true,0.4033,0.4807,0.194,0.0,74.0,light (I–II),melanocytic_Nevi,melanocytic_Nevi,true
ISIC_0028456,melanocytic_Nevi,melanocytic_Nevi,0.9994,true,true,0.9994,0.0,0.002,0.002,22.5,medium (III–IV),melanocytic_Nevi,melanocytic_Nevi,true
ISIC_0028466,melanocytic_Nevi,melanocytic_Nevi,0.9988,true,true,0.9988,0.0,0.078,0.0,45.7,light (I–II),melanocytic_Nevi,melanocytic_Nevi,true
ISIC_0028510,melanocytic_Nevi,melanocytic_Nevi,0.9371,true,true,0.9371,0.0076,0.185,0.0,68.5,light (I–II),melanocytic_Nevi,melanocytic_Nevi,true
ISIC_0028513,melanocytic_Nevi,melanocytic_Nevi,0.9807,true,true,0.9807,0.0006,0.052,0.095,80.2,light (I–II),melanocytic_Nevi,melanocytic_Nevi,true
ISIC_0028525,benign_keratosis-like_lesions,actinic_keratoses,0.7233,false,false,0.7233,1.4233,0.184,0.5,70.2,light (I–II),benign_keratosis-like_lesions,actinic_keratoses,false
ISIC_0028528,melanocytic_Nevi,melanoma,0.9626,false,true,0.9626,1.8993,0.908,0.071,107.6,light (I–II),melanocytic_Nevi,melanoma,false
ISIC_0028533,melanocytic_Nevi,melanocytic_Nevi,1.0,true,true,1.0,0.0,0.014,0.003,86.3,light (I–II),melanocytic_Nevi,melanocytic_Nevi,true
ISIC_0028545,melanocytic_Nevi,melanocytic_Nevi,0.6764,true,true,0.6764,0.2024,0.222,0.146,91.3,light (I–II),melanocytic_Nevi,melanocytic_Nevi,true
ISIC_0028548,melanoma,melanoma,0.4053,true,true,0.4053,0.5337,0.356,0.122,121.9,light (I–II),melanoma,melanoma,true
ISIC_0028551,melanocytic_Nevi,melanocytic_Nevi,0.573,true,true,0.573,0.3007,0.134,0.144,65.1,light (I–II),melanocytic_Nevi,melanocytic_Nevi,true
ISIC_0028556,basal_cell_carcinoma,basal_cell_carcinoma,0.9991,true,true,0.9991,0.0,0.824,0.014,92.9,light (I–II),basal_cell_carcinoma,basal_cell_carcinoma,true
ISIC_0028573,melanocytic_Nevi,melanocytic_Nevi,0.9332,true,true,0.9332,0.0087,0.374,0.627,68.4,light (I–II),melanocytic_Nevi,melanocytic_Nevi,true
ISIC_0028575,melanocytic_Nevi,melanocytic_Nevi,0.9999,true,true,0.9999,0.0,0.544,0.0,54.4,light (I–II),melanocytic_Nevi,melanocytic_Nevi,true
ISIC_0028587,benign_keratosis-like_lesions,benign_keratosis-like_lesions,0.9997,true,true,0.9997,0.0,0.333,0.056,91.1,light (I–II),benign_keratosis-like_lesions,benign_keratosis-like_lesions,true
ISIC_0028591,melanocytic_Nevi,melanoma,0.6366,false,true,0.6366,0.8299,0.635,0.102,96.1,light (I–II),melanocytic_Nevi,melanoma,false
ISIC_0028608,melanocytic_Nevi,benign_keratosis-like_lesions,0.915,false,true,0.915,1.7776,0.171,0.185,-173.6,dark (V–VI),melanocytic_Nevi,benign_keratosis-like_lesions,false
ISIC_0028641,melanocytic_Nevi,melanocytic_Nevi,1.0,true,true,1.0,0.0,0.044,0.0,66.6,light (I–II),melanocytic_Nevi,melanocytic_Nevi,true
ISIC_0028650,benign_keratosis-like_lesions,benign_keratosis-like_lesions,0.954,true,true,0.954,0.0035,0.776,0.833,91.4,light (I–II),benign_keratosis-like_lesions,benign_keratosis-like_lesions,true
ISIC_0028669,melanocytic_Nevi,melanocytic_Nevi,0.9999,true,true,0.9999,0.0,0.097,0.005,48.5,light (I–II),melanocytic_Nevi,melanocytic_Nevi,true
ISIC_0028672,melanocytic_Nevi,melanocytic_Nevi,0.9969,true,true,0.9969,0.0,0.041,0.0,30.1,medium (III–IV),melanocytic_Nevi,melanocytic_Nevi,true
ISIC_0028680,vascular_lesions,vascular_lesions,0.9995,true,true,0.9995,0.0,0.934,0.03,99.6,light (I–II),vascular_lesions,vascular_lesions,true
ISIC_0028681,benign_keratosis-like_lesions,benign_keratosis-like_lesions,0.5686,true,true,0.5686,0.3651,0.482,0.552,86.6,light (I–II),benign_keratosis-like_lesions,benign_keratosis-like_lesions,true
ISIC_0028685,melanoma,melanoma,0.6669,true,true,0.6669,0.1667,0.662,0.0,64.6,light (I–II),melanoma,melanoma,true
ISIC_0028702,benign_keratosis-like_lesions,benign_keratosis-like_lesions,0.8948,true,true,0.8948,0.0168,0.174,0.0,98.1,light (I–II),benign_keratosis-like_lesions,benign_keratosis-like_lesions,true
ISIC_0028716,melanocytic_Nevi,melanocytic_Nevi,0.9924,true,true,0.9924,0.0001,0.047,0.04,71.9,light (I–II),melanocytic_Nevi,melanocytic_Nevi,true
ISIC_0028737,melanocytic_Nevi,melanocytic_Nevi,0.8572,true,true,0.8572,0.0304,0.816,0.805,64.9,light (I–II),melanocytic_Nevi,melanocytic_Nevi,true
ISIC_0028738,melanocytic_Nevi,melanocytic_Nevi,0.9997,true,true,0.9997,0.0,0.216,0.004,73.4,light (I–II),melanocytic_Nevi,melanocytic_Nevi,true
ISIC_0028745,melanocytic_Nevi,melanocytic_Nevi,0.9988,true,true,0.9988,0.0,0.097,0.05,48.5,light (I–II),melanocytic_Nevi,melanocytic_Nevi,true
ISIC_0028751,melanocytic_Nevi,melanocytic_Nevi,0.962,true,true,0.962,0.0029,0.0,0.143,110.8,light (I–II),melanocytic_Nevi,melanocytic_Nevi,true
ISIC_0028757,melanocytic_Nevi,melanoma,0.4718,false,true,0.4718,0.6139,0.469,0.389,53.4,light (I–II),melanocytic_Nevi,melanoma,false
ISIC_0028778,melanocytic_Nevi,melanocytic_Nevi,0.9987,true,true,0.9987,0.0,0.204,0.024,88.1,light (I–II),melanocytic_Nevi,melanocytic_Nevi,true
ISIC_0028788,melanocytic_Nevi,melanocytic_Nevi,0.9999,true,true,0.9999,0.0,0.135,0.002,78.4,light (I–II),melanocytic_Nevi,melanocytic_Nevi,true
ISIC_0028807,basal_cell_carcinoma,dermatofibroma,0.4536,false,true,0.4536,0.7122,0.451,0.364,89.6,light (I–II),basal_cell_carcinoma,dermatofibroma,false
ISIC_0028815,basal_cell_carcinoma,basal_cell_carcinoma,0.6593,true,true,0.6593,0.2018,0.484,0.0,93.0,light (I–II),basal_cell_carcinoma,basal_cell_carcinoma,true
ISIC_0028820,actinic_keratoses,benign_keratosis-like_lesions,0.6269,false,true,0.6269,1.2586,0.515,0.511,104.2,light (I–II),actinic_keratoses,benign_keratosis-like_lesions,false
ISIC_0028821,melanocytic_Nevi,melanocytic_Nevi,0.9806,true,true,0.9806,0.0006,0.0,0.0,-26.3,dark (V–VI),melanocytic_Nevi,melanocytic_Nevi,true
ISIC_0028827,melanocytic_Nevi,melanocytic_Nevi,0.9947,true,true,0.9947,0.0,0.158,0.028,41.9,light (I–II),melanocytic_Nevi,melanocytic_Nevi,true
ISIC_0028837,melanocytic_Nevi,melanocytic_Nevi,0.98,true,true,0.98,0.0007,0.024,0.048,0.8,dark (V–VI),melanocytic_Nevi,melanocytic_Nevi,true
ISIC_0028839,melanocytic_Nevi,melanocytic_Nevi,0.9995,true,true,0.9995,0.0,0.022,0.0,70.5,light (I–II),melanocytic_Nevi,melanocytic_Nevi,true
ISIC_0028840,benign_keratosis-like_lesions,actinic_keratoses,0.4825,false,true,0.4825,1.1268,0.074,0.164,86.4,light (I–II),benign_keratosis-like_lesions,actinic_keratoses,false
ISIC_0028846,benign_keratosis-like_lesions,benign_keratosis-like_lesions,0.7519,true,true,0.7519,0.0984,0.571,0.73,108.0,light (I–II),benign_keratosis-like_lesions,benign_keratosis-like_lesions,true
ISIC_0028848,melanocytic_Nevi,melanocytic_Nevi,0.9513,true,true,0.9513,0.0035,0.363,0.012,54.1,light (I–II),melanocytic_Nevi,melanocytic_Nevi,true
ISIC_0028863,melanocytic_Nevi,melanocytic_Nevi,0.8802,true,true,0.8802,0.0287,0.163,0.054,89.3,light (I–II),melanocytic_Nevi,melanocytic_Nevi,true
ISIC_0028871,basal_cell_carcinoma,basal_cell_carcinoma,0.8615,true,true,0.8615,0.0359,0.725,0.693,80.6,light (I–II),basal_cell_carcinoma,basal_cell_carcinoma,true
ISIC_0028879,melanocytic_Nevi,melanocytic_Nevi,0.9841,true,true,0.9841,0.0004,0.391,0.0,72.4,light (I–II),melanocytic_Nevi,melanocytic_Nevi,true
ISIC_0028897,melanoma,melanoma,0.7502,true,true,0.7502,0.0897,0.741,0.032,104.0,light (I–II),melanoma,melanoma,true
ISIC_0028898,melanoma,melanoma,0.794,true,true,0.794,0.0843,0.782,0.268,103.5,light (I–II),melanoma,melanoma,true
ISIC_0028901,melanoma,actinic_keratoses,0.3642,false,false,0.3642,0.9494,0.33,0.258,-179.7,dark (V–VI),melanoma,actinic_keratoses,false
ISIC_0028905,melanocytic_Nevi,melanocytic_Nevi,0.9155,true,true,0.9155,0.0133,0.383,0.002,99.3,light (I–II),melanocytic_Nevi,melanocytic_Nevi,true
ISIC_0028906,melanocytic_Nevi,melanocytic_Nevi,0.9998,true,true,0.9998,0.0,0.074,0.008,74.2,light (I–II),melanocytic_Nevi,melanocytic_Nevi,true
ISIC_0028914,melanocytic_Nevi,melanocytic_Nevi,0.9998,true,true,0.9998,0.0,0.029,0.0,28.3,medium (III–IV),melanocytic_Nevi,melanocytic_Nevi,true
ISIC_0028919,melanocytic_Nevi,melanocytic_Nevi,0.9996,true,true,0.9996,0.0,0.345,0.038,78.7,light (I–II),melanocytic_Nevi,melanocytic_Nevi,true
ISIC_0028924,melanocytic_Nevi,melanocytic_Nevi,0.9979,true,true,0.9979,0.0,0.348,0.001,67.0,light (I–II),melanocytic_Nevi,melanocytic_Nevi,true
ISIC_0028926,dermatofibroma,dermatofibroma,0.9457,true,true,0.9457,0.0044,0.932,0.16,69.2,light (I–II),dermatofibroma,dermatofibroma,true
ISIC_0028929,melanoma,melanoma,0.971,true,true,0.971,0.0014,0.933,0.09,67.0,light (I–II),melanoma,melanoma,true
ISIC_0028934,melanocytic_Nevi,melanocytic_Nevi,0.9984,true,true,0.9984,0.0,0.148,0.011,52.0,light (I–II),melanocytic_Nevi,melanocytic_Nevi,true
ISIC_0028943,benign_keratosis-like_lesions,actinic_keratoses,0.9188,false,true,0.9188,1.6985,0.006,0.0,100.3,light (I–II),benign_keratosis-like_lesions,actinic_keratoses,false
ISIC_0028944,melanocytic_Nevi,melanoma,0.5773,false,true,0.5773,0.6711,0.487,0.0,108.5,light (I–II),melanocytic_Nevi,melanoma,false
ISIC_0028946,melanocytic_Nevi,melanocytic_Nevi,0.9962,true,true,0.9962,0.0,0.126,0.0,55.0,light (I–II),melanocytic_Nevi,melanocytic_Nevi,true
ISIC_0028949,melanocytic_Nevi,melanocytic_Nevi,0.9995,true,true,0.9995,0.0,0.026,0.031,66.1,light (I–II),melanocytic_Nevi,melanocytic_Nevi,true
ISIC_0028950,melanocytic_Nevi,melanocytic_Nevi,0.9999,true,true,0.9999,0.0,0.012,0.001,35.3,medium (III–IV),melanocytic_Nevi,melanocytic_Nevi,true
ISIC_0028951,melanocytic_Nevi,melanocytic_Nevi,0.5757,true,true,0.5757,0.3495,0.467,0.0,48.5,light (I–II),melanocytic_Nevi,melanocytic_Nevi,true
ISIC_0028957,melanocytic_Nevi,melanocytic_Nevi,0.9985,true,true,0.9985,0.0,0.021,0.002,96.5,light (I–II),melanocytic_Nevi,melanocytic_Nevi,true
ISIC_0028981,melanocytic_Nevi,melanoma,0.9811,false,true,0.9811,1.9486,0.479,0.363,-10.1,dark (V–VI),melanocytic_Nevi,melanoma,false
ISIC_0028990,actinic_keratoses,benign_keratosis-like_lesions,0.8398,false,false,0.8398,1.7049,0.416,0.302,106.6,light (I–II),actinic_keratoses,benign_keratosis-like_lesions,false
ISIC_0028995,benign_keratosis-like_lesions,melanocytic_Nevi,0.9934,false,true,0.9934,1.986,0.556,0.014,81.3,light (I–II),benign_keratosis-like_lesions,melanocytic_Nevi,false
ISIC_0028999,melanocytic_Nevi,melanoma,0.5568,false,true,0.5568,0.6227,0.499,0.0,56.9,light (I–II),melanocytic_Nevi,melanoma,false
ISIC_0029006,melanocytic_Nevi,melanocytic_Nevi,0.9996,true,true,0.9996,0.0,0.993,0.02,67.7,light (I–II),melanocytic_Nevi,melanocytic_Nevi,true
ISIC_0029009,melanocytic_Nevi,melanocytic_Nevi,0.999,true,true,0.999,0.0,0.042,0.006,71.8,light (I–II),melanocytic_Nevi,melanocytic_Nevi,true
ISIC_0029010,benign_keratosis-like_lesions,benign_keratosis-like_lesions,0.9118,true,true,0.9118,0.0127,0.101,0.1,106.6,light (I–II),benign_keratosis-like_lesions,benign_keratosis-like_lesions,true
ISIC_0029011,melanocytic_Nevi,melanocytic_Nevi,0.9998,true,true,0.9998,0.0,0.049,0.037,50.0,light (I–II),melanocytic_Nevi,melanocytic_Nevi,true
ISIC_0029016,melanocytic_Nevi,melanocytic_Nevi,0.9998,true,true,0.9998,0.0,0.042,0.03,77.4,light (I–II),melanocytic_Nevi,melanocytic_Nevi,true
ISIC_0029020,basal_cell_carcinoma,basal_cell_carcinoma,0.9362,true,true,0.9362,0.0071,0.591,0.0,87.6,light (I–II),basal_cell_carcinoma,basal_cell_carcinoma,true
ISIC_0029022,benign_keratosis-like_lesions,benign_keratosis-like_lesions,0.987,true,true,0.987,0.0003,0.487,0.213,96.6,light (I–II),benign_keratosis-like_lesions,benign_keratosis-like_lesions,true
ISIC_0029033,melanoma,melanocytic_Nevi,0.6508,false,true,0.6508,0.8516,0.0,0.0,100.1,light (I–II),melanoma,melanocytic_Nevi,false
ISIC_0029043,actinic_keratoses,benign_keratosis-like_lesions,0.9916,false,true,0.9916,1.9775,0.161,0.009,91.6,light (I–II),actinic_keratoses,benign_keratosis-like_lesions,false
ISIC_0029061,benign_keratosis-like_lesions,benign_keratosis-like_lesions,0.9951,true,true,0.9951,0.0,0.168,0.029,115.0,light (I–II),benign_keratosis-like_lesions,benign_keratosis-like_lesions,true
ISIC_0029062,benign_keratosis-like_lesions,benign_keratosis-like_lesions,0.4858,true,true,0.4858,0.4097,0.43,0.0,85.1,light (I–II),benign_keratosis-like_lesions,benign_keratosis-like_lesions,true
ISIC_0029063,melanocytic_Nevi,melanocytic_Nevi,0.9995,true,true,0.9995,0.0,0.013,0.016,69.6,light (I–II),melanocytic_Nevi,melanocytic_Nevi,true
ISIC_0029068,benign_keratosis-like_lesions,basal_cell_carcinoma,0.8347,false,true,0.8347,1.4915,0.808,0.668,58.1,light (I–II),benign_keratosis-like_lesions,basal_cell_carcinoma,false
ISIC_0029071,melanocytic_Nevi,melanocytic_Nevi,0.996,true,true,0.996,0.0,0.43,0.0,73.8,light (I–II),melanocytic_Nevi,melanocytic_Nevi,true
ISIC_0029076,melanocytic_Nevi,melanocytic_Nevi,0.996,true,true,0.996,0.0,0.712,0.162,73.7,light (I–II),melanocytic_Nevi,melanocytic_Nevi,true
ISIC_0029083,basal_cell_carcinoma,basal_cell_carcinoma,0.5315,true,true,0.5315,0.4259,0.122,0.0,50.9,light (I–II),basal_cell_carcinoma,basal_cell_carcinoma,true
ISIC_0029084,melanocytic_Nevi,melanocytic_Nevi,1.0,true,true,1.0,0.0,0.009,0.0,63.7,light (I–II),melanocytic_Nevi,melanocytic_Nevi,true
ISIC_0029092,melanoma,melanoma,0.8299,true,true,0.8299,0.0535,0.816,0.0,64.0,light (I–II),melanoma,melanoma,true
ISIC_0029095,melanocytic_Nevi,melanocytic_Nevi,0.9957,true,true,0.9957,0.0,0.49,0.155,68.4,light (I–II),melanocytic_Nevi,melanocytic_Nevi,true
ISIC_0029104,melanocytic_Nevi,melanocytic_Nevi,0.6968,true,true,0.6968,0.1742,0.0,0.0,79.4,light (I–II),melanocytic_Nevi,melanocytic_Nevi,true
ISIC_0029119,melanocytic_Nevi,melanocytic_Nevi,0.6537,true,true,0.6537,0.1808,0.551,0.354,53.2,light (I–II),melanocytic_Nevi,melanocytic_Nevi,true
ISIC_0029126,benign_keratosis-like_lesions,benign_keratosis-like_lesions,0.527,true,true,0.527,0.3685,0.206,0.0,66.7,light (I–II),benign_keratosis-like_lesions,benign_keratosis-like_lesions,true
ISIC_0029127,melanocytic_Nevi,melanocytic_Nevi,0.9646,true,true,0.9646,0.0021,0.229,0.007,79.3,light (I–II),melanocytic_Nevi,melanocytic_Nevi,true
ISIC_0029132,melanocytic_Nevi,melanocytic_Nevi,0.9991,true,true,0.9991,0.0,0.254,0.001,74.9,light (I–II),melanocytic_Nevi,melanocytic_Nevi,true
ISIC_0029138,melanocytic_Nevi,melanocytic_Nevi,0.9474,true,true,0.9474,0.004,0.272,0.077,93.1,light (I–II),melanocytic_Nevi,melanocytic_Nevi,true
ISIC_0029143,melanocytic_Nevi,melanocytic_Nevi,0.8383,true,true,0.8383,0.0385,0.033,0.0,110.3,light (I–II),melanocytic_Nevi,melanocytic_Nevi,true
ISIC_0029145,melanocytic_Nevi,melanocytic_Nevi,0.4884,true,true,0.4884,0.371,0.35,0.453,98.0,light (I–II),melanocytic_Nevi,melanocytic_Nevi,true
ISIC_0029148,melanocytic_Nevi,melanocytic_Nevi,0.9999,true,true,0.9999,0.0,0.014,0.0,80.3,light (I–II),melanocytic_Nevi,melanocytic_Nevi,true
ISIC_0029153,melanocytic_Nevi,melanocytic_Nevi,0.9741,true,true,0.9741,0.0012,0.084,0.121,64.5,light (I–II),melanocytic_Nevi,melanocytic_Nevi,true
ISIC_0029156,melanocytic_Nevi,melanocytic_Nevi,0.9983,true,true,0.9983,0.0,0.299,0.002,87.7,light (I–II),melanocytic_Nevi,melanocytic_Nevi,true
ISIC_0029159,melanocytic_Nevi,melanocytic_Nevi,0.9978,true,true,0.9978,0.0,0.11,0.018,64.2,light (I–II),melanocytic_Nevi,melanocytic_Nevi,true
ISIC_0029163,melanoma,benign_keratosis-like_lesions,0.8201,false,true,0.8201,1.3539,0.059,0.164,139.0,light (I–II),melanoma,benign_keratosis-like_lesions,false
ISIC_0029171,melanocytic_Nevi,melanocytic_Nevi,0.9448,true,true,0.9448,0.0048,0.282,0.597,14.9,dark (V–VI),melanocytic_Nevi,melanocytic_Nevi,true
ISIC_0029176,benign_keratosis-like_lesions,basal_cell_carcinoma,0.9117,false,true,0.9117,1.6791,0.672,0.128,72.6,light (I–II),benign_keratosis-like_lesions,basal_cell_carcinoma,false
ISIC_0029178,melanocytic_Nevi,melanocytic_Nevi,0.9689,true,true,0.9689,0.0013,0.148,0.121,65.7,light (I–II),melanocytic_Nevi,melanocytic_Nevi,true
ISIC_0029181,melanocytic_Nevi,melanocytic_Nevi,0.9996,true,true,0.9996,0.0,0.173,0.011,64.2,light (I–II),melanocytic_Nevi,melanocytic_Nevi,true
ISIC_0029185,melanocytic_Nevi,melanocytic_Nevi,0.9991,true,true,0.9991,0.0,0.022,0.107,71.7,light (I–II),melanocytic_Nevi,melanocytic_Nevi,true
ISIC_0029188,melanocytic_Nevi,melanocytic_Nevi,0.9876,true,true,0.9876,0.0003,0.189,0.043,110.5,light (I–II),melanocytic_Nevi,melanocytic_Nevi,true
ISIC_0029192,basal_cell_carcinoma,basal_cell_carcinoma,0.9778,true,true,0.9778,0.0007,0.37,0.002,93.7,light (I–II),basal_cell_carcinoma,basal_cell_carcinoma,true
ISIC_0029196,melanocytic_Nevi,melanocytic_Nevi,0.7474,true,true,0.7474,0.1167,0.205,0.223,61.1,light (I–II),melanocytic_Nevi,melanocytic_Nevi,true
ISIC_0029199,melanocytic_Nevi,melanocytic_Nevi,0.9823,true,true,0.9823,0.0006,0.634,0.048,115.8,light (I–II),melanocytic_Nevi,melanocytic_Nevi,true
ISIC_0029216,melanoma,melanoma,0.8976,true,true,0.8976,0.0162,0.893,0.133,130.5,light (I–II),melanoma,melanoma,true
ISIC_0029217,benign_keratosis-like_lesions,actinic_keratoses,0.6734,false,true,0.6734,1.0565,0.286,0.075,90.1,light (I–II),benign_keratosis-like_lesions,actinic_keratoses,false
ISIC_0029239,melanocytic_Nevi,melanocytic_Nevi,0.9995,true,true,0.9995,0.0,0.048,0.005,44.7,light (I–II),melanocytic_Nevi,melanocytic_Nevi,true
ISIC_0029240,melanocytic_Nevi,melanocytic_Nevi,0.9999,true,true,0.9999,0.0,0.149,0.0,88.2,light (I–II),melanocytic_Nevi,melanocytic_Nevi,true
ISIC_0029241,melanoma,melanoma,0.8422,true,true,0.8422,0.0457,0.745,0.13,92.1,light (I–II),melanoma,melanoma,true
ISIC_0029244,melanocytic_Nevi,melanocytic_Nevi,0.9999,true,true,0.9999,0.0,0.052,0.013,58.0,light (I–II),melanocytic_Nevi,melanocytic_Nevi,true
ISIC_0029247,melanocytic_Nevi,melanocytic_Nevi,0.513,true,true,0.513,0.4741,0.0,0.0,93.7,light (I–II),melanocytic_Nevi,melanocytic_Nevi,true
ISIC_0029263,basal_cell_carcinoma,basal_cell_carcinoma,0.7316,true,true,0.7316,0.1381,0.577,0.257,82.4,light (I–II),basal_cell_carcinoma,basal_cell_carcinoma,true
ISIC_0029266,melanocytic_Nevi,melanocytic_Nevi,0.9993,true,true,0.9993,0.0,0.053,0.009,51.6,light (I–II),melanocytic_Nevi,melanocytic_Nevi,true
ISIC_0029267,melanocytic_Nevi,melanocytic_Nevi,0.9998,true,true,0.9998,0.0,0.389,0.119,64.0,light (I–II),melanocytic_Nevi,melanocytic_Nevi,true
ISIC_0029268,actinic_keratoses,melanoma,0.5514,false,false,0.5514,1.3737,0.541,0.0,98.4,light (I–II),actinic_keratoses,melanoma,false
ISIC_0029273,melanocytic_Nevi,melanocytic_Nevi,0.9639,true,true,0.9639,0.0022,0.642,0.01,42.4,light (I–II),melanocytic_Nevi,melanocytic_Nevi,true
ISIC_0029275,melanocytic_Nevi,melanocytic_Nevi,0.9999,true,true,0.9999,0.0,0.003,0.0,57.1,light (I–II),melanocytic_Nevi,melanocytic_Nevi,true
ISIC_0029277,melanocytic_Nevi,melanocytic_Nevi,0.9834,true,true,0.9834,0.0004,0.71,0.017,73.9,light (I–II),melanocytic_Nevi,melanocytic_Nevi,true
ISIC_0029289,benign_keratosis-like_lesions,melanocytic_Nevi,0.9784,false,true,0.9784,1.9328,0.233,0.228,111.1,light (I–II),benign_keratosis-like_lesions,melanocytic_Nevi,false
ISIC_0029293,melanocytic_Nevi,melanocytic_Nevi,0.984,true,true,0.984,0.0004,0.106,0.053,69.3,light (I–II),melanocytic_Nevi,melanocytic_Nevi,true
ISIC_0029297,dermatofibroma,dermatofibroma,1.0,true,true,1.0,0.0,0.984,0.039,37.9,medium (III–IV),dermatofibroma,dermatofibroma,true
ISIC_0029313,melanocytic_Nevi,melanocytic_Nevi,0.9952,true,true,0.9952,0.0,0.431,0.009,85.0,light (I–II),melanocytic_Nevi,melanocytic_Nevi,true
ISIC_0029315,actinic_keratoses,actinic_keratoses,0.9869,true,true,0.9869,0.0002,0.783,0.888,93.2,light (I–II),actinic_keratoses,actinic_keratoses,true
ISIC_0029316,melanoma,melanoma,0.5039,true,true,0.5039,0.4921,0.0,0.0,62.3,light (I–II),melanoma,melanoma,true
ISIC_0029322,melanocytic_Nevi,melanocytic_Nevi,0.9995,true,true,0.9995,0.0,0.768,0.011,75.2,light (I–II),melanocytic_Nevi,melanocytic_Nevi,true
ISIC_0029326,melanocytic_Nevi,melanocytic_Nevi,1.0,true,true,1.0,0.0,0.009,0.0,69.1,light (I–II),melanocytic_Nevi,melanocytic_Nevi,true
ISIC_0029333,melanocytic_Nevi,melanocytic_Nevi,0.9921,true,true,0.9921,0.0001,0.043,0.067,50.7,light (I–II),melanocytic_Nevi,melanocytic_Nevi,true
ISIC_0029346,melanocytic_Nevi,melanocytic_Nevi,0.9673,true,true,0.9673,0.0017,0.398,0.3,67.6,light (I–II),melanocytic_Nevi,melanocytic_Nevi,true
ISIC_0029362,actinic_keratoses,basal_cell_carcinoma,0.9271,false,true,0.9271,1.8021,0.577,0.365,76.5,light (I–II),actinic_keratoses,basal_cell_carcinoma,false
ISIC_0029364,melanocytic_Nevi,melanocytic_Nevi,0.9919,true,true,0.9919,0.0001,0.0,0.044,78.8,light (I–II),melanocytic_Nevi,melanocytic_Nevi,true
ISIC_0029378,melanocytic_Nevi,melanocytic_Nevi,0.9992,true,true,0.9992,0.0,0.08,0.015,77.3,light (I–II),melanocytic_Nevi,melanocytic_Nevi,true
ISIC_0029379,melanocytic_Nevi,melanocytic_Nevi,0.9982,true,true,0.9982,0.0,0.047,0.021,36.7,medium (III–IV),melanocytic_Nevi,melanocytic_Nevi,true
ISIC_0029384,benign_keratosis-like_lesions,benign_keratosis-like_lesions,0.7244,true,true,0.7244,0.1038,0.709,0.507,137.2,light (I–II),benign_keratosis-like_lesions,benign_keratosis-like_lesions,true
ISIC_0029396,benign_keratosis-like_lesions,melanocytic_Nevi,0.7634,false,true,0.7634,1.3887,0.342,0.074,85.0,light (I–II),benign_keratosis-like_lesions,melanocytic_Nevi,false
ISIC_0029403,melanocytic_Nevi,melanocytic_Nevi,0.9999,true,true,0.9999,0.0,0.004,0.002,66.5,light (I–II),melanocytic_Nevi,melanocytic_Nevi,true
ISIC_0029408,melanocytic_Nevi,melanocytic_Nevi,0.9998,true,true,0.9998,0.0,0.007,0.0,86.5,light (I–II),melanocytic_Nevi,melanocytic_Nevi,true
ISIC_0029414,melanocytic_Nevi,melanocytic_Nevi,0.9987,true,true,0.9987,0.0,0.001,0.001,42.7,light (I–II),melanocytic_Nevi,melanocytic_Nevi,true
ISIC_0029418,benign_keratosis-like_lesions,melanoma,0.4367,false,true,0.4367,1.1281,0.427,0.155,108.2,light (I–II),benign_keratosis-like_lesions,melanoma,false
ISIC_0029420,benign_keratosis-like_lesions,benign_keratosis-like_lesions,0.8274,true,true,0.8274,0.0565,0.0,0.0,116.9,light (I–II),benign_keratosis-like_lesions,benign_keratosis-like_lesions,true
ISIC_0029441,melanocytic_Nevi,basal_cell_carcinoma,0.7231,false,true,0.7231,1.2194,0.703,0.111,91.9,light (I–II),melanocytic_Nevi,basal_cell_carcinoma,false
ISIC_0029446,melanocytic_Nevi,melanocytic_Nevi,0.9856,true,true,0.9856,0.0004,0.056,0.235,72.9,light (I–II),melanocytic_Nevi,melanocytic_Nevi,true
ISIC_0029448,vascular_lesions,vascular_lesions,0.9984,true,true,0.9984,0.0,0.837,0.006,103.3,light (I–II),vascular_lesions,vascular_lesions,true
ISIC_0029457,melanocytic_Nevi,melanocytic_Nevi,0.941,true,true,0.941,0.0069,0.229,0.013,78.8,light (I–II),melanocytic_Nevi,melanocytic_Nevi,true
ISIC_0029458,melanocytic_Nevi,melanocytic_Nevi,0.9931,true,true,0.9931,0.0001,0.071,0.038,45.3,light (I–II),melanocytic_Nevi,melanocytic_Nevi,true
ISIC_0029469,melanocytic_Nevi,melanocytic_Nevi,0.5271,true,true,0.5271,0.44,0.0,0.0,57.4,light (I–II),melanocytic_Nevi,melanocytic_Nevi,true
ISIC_0029490,melanocytic_Nevi,melanocytic_Nevi,0.9992,true,true,0.9992,0.0,0.086,0.032,38.9,medium (III–IV),melanocytic_Nevi,melanocytic_Nevi,true
ISIC_0029509,melanocytic_Nevi,melanocytic_Nevi,0.9835,true,true,0.9835,0.0004,0.014,0.018,2.8,dark (V–VI),melanocytic_Nevi,melanocytic_Nevi,true
ISIC_0029518,benign_keratosis-like_lesions,actinic_keratoses,0.6076,false,true,0.6076,0.7484,0.0,0.0,122.1,light (I–II),benign_keratosis-like_lesions,actinic_keratoses,false
ISIC_0029523,melanocytic_Nevi,melanocytic_Nevi,0.9961,true,true,0.9961,0.0,0.124,0.095,59.6,light (I–II),melanocytic_Nevi,melanocytic_Nevi,true
ISIC_0029534,melanocytic_Nevi,vascular_lesions,0.9976,false,true,0.9976,1.9915,0.996,0.082,42.3,light (I–II),melanocytic_Nevi,vascular_lesions,false
ISIC_0029538,melanoma,melanocytic_Nevi,0.5381,false,true,0.5381,0.6255,0.0,0.0,92.2,light (I–II),melanoma,melanocytic_Nevi,false
ISIC_0029542,melanocytic_Nevi,melanocytic_Nevi,0.9854,true,true,0.9854,0.0003,0.153,0.225,52.4,light (I–II),melanocytic_Nevi,melanocytic_Nevi,true
ISIC_0029543,melanocytic_Nevi,melanocytic_Nevi,0.9565,true,true,0.9565,0.0032,0.181,0.045,77.6,light (I–II),melanocytic_Nevi,melanocytic_Nevi,true
ISIC_0029547,melanoma,melanoma,0.7562,true,true,0.7562,0.0935,0.73,0.629,95.9,light (I–II),melanoma,melanoma,true
ISIC_0029557,benign_keratosis-like_lesions,melanocytic_Nevi,0.8044,false,true,0.8044,1.3605,0.393,0.343,79.1,light (I–II),benign_keratosis-like_lesions,melanocytic_Nevi,false
ISIC_0029558,melanoma,melanoma,0.9479,true,true,0.9479,0.0041,0.94,0.619,47.0,light (I–II),melanoma,melanoma,true
ISIC_0029567,actinic_keratoses,dermatofibroma,0.3466,false,true,0.3466,0.6813,0.344,0.319,99.1,light (I–II),actinic_keratoses,dermatofibroma,false
ISIC_0029571,melanoma,melanoma,0.8393,true,true,0.8393,0.0504,0.828,0.217,121.2,light (I–II),melanoma,melanoma,true
ISIC_0029574,melanoma,melanoma,0.9159,true,true,0.9159,0.0139,0.572,0.022,68.1,light (I–II),melanoma,melanoma,true
ISIC_0029577,melanocytic_Nevi,melanocytic_Nevi,0.683,true,true,0.683,0.2004,0.501,0.0,51.6,light (I–II),melanocytic_Nevi,melanocytic_Nevi,true
ISIC_0029582,actinic_keratoses,basal_cell_carcinoma,0.7638,false,true,0.7638,1.2744,0.722,0.717,58.3,light (I–II),actinic_keratoses,basal_cell_carcinoma,false
ISIC_0029610,actinic_keratoses,melanocytic_Nevi,0.4213,false,false,0.4213,1.1404,0.407,0.0,102.0,light (I–II),actinic_keratoses,melanocytic_Nevi,false
ISIC_0029616,melanocytic_Nevi,melanocytic_Nevi,0.9982,true,true,0.9982,0.0,0.375,0.02,61.2,light (I–II),melanocytic_Nevi,melanocytic_Nevi,true
ISIC_0029619,melanocytic_Nevi,melanocytic_Nevi,0.9979,true,true,0.9979,0.0,0.194,0.038,31.8,medium (III–IV),melanocytic_Nevi,melanocytic_Nevi,true
ISIC_0029630,melanoma,benign_keratosis-like_lesions,0.754,false,true,0.754,1.1522,0.006,0.159,121.3,light (I–II),melanoma,benign_keratosis-like_lesions,false
ISIC_0029637,melanocytic_Nevi,melanocytic_Nevi,0.9984,true,true,0.9984,0.0,0.047,0.009,74.9,light (I–II),melanocytic_Nevi,melanocytic_Nevi,true
ISIC_0029648,melanocytic_Nevi,melanocytic_Nevi,0.986,true,true,0.986,0.0003,0.0,0.002,25.3,medium (III–IV),melanocytic_Nevi,melanocytic_Nevi,true
ISIC_0029655,basal_cell_carcinoma,melanocytic_Nevi,0.7233,false,false,0.7233,1.5093,0.325,0.0,60.6,light (I–II),basal_cell_carcinoma,melanocytic_Nevi,false
ISIC_0029665,melanocytic_Nevi,melanocytic_Nevi,0.8648,true,true,0.8648,0.0355,0.703,0.055,81.5,light (I–II),melanocytic_Nevi,melanocytic_Nevi,true
ISIC_0029666,melanocytic_Nevi,melanocytic_Nevi,0.6936,true,true,0.6936,0.187,0.573,0.141,59.8,light (I–II),melanocytic_Nevi,melanocytic_Nevi,true
ISIC_0029683,benign_keratosis-like_lesions,melanoma,0.9449,false,true,0.9449,1.8947,0.361,0.236,95.2,light (I–II),benign_keratosis-like_lesions,melanoma,false
ISIC_0029705,melanoma,melanoma,0.6065,true,true,0.6065,0.3083,0.589,0.593,71.8,light (I–II),melanoma,melanoma,true
ISIC_0029706,melanocytic_Nevi,melanocytic_Nevi,0.9994,true,true,0.9994,0.0,0.025,0.011,51.0,light (I–II),melanocytic_Nevi,melanocytic_Nevi,true
ISIC_0029711,melanocytic_Nevi,melanocytic_Nevi,0.9956,true,true,0.9956,0.0,0.027,0.03,40.7,medium (III–IV),melanocytic_Nevi,melanocytic_Nevi,true
ISIC_0029723,melanocytic_Nevi,melanocytic_Nevi,0.5387,true,true,0.5387,0.4232,0.331,0.0,42.7,light (I–II),melanocytic_Nevi,melanocytic_Nevi,true
ISIC_0029756,melanocytic_Nevi,melanocytic_Nevi,0.9687,true,true,0.9687,0.0019,0.097,0.005,109.4,light (I–II),melanocytic_Nevi,melanocytic_Nevi,true
ISIC_0029761,melanocytic_Nevi,melanocytic_Nevi,0.9999,true,true,0.9999,0.0,0.174,0.002,85.1,light (I–II),melanocytic_Nevi,melanocytic_Nevi,true
ISIC_0029763,melanocytic_Nevi,melanocytic_Nevi,0.9904,true,true,0.9904,0.0001,0.104,0.004,60.3,light (I–II),melanocytic_Nevi,melanocytic_Nevi,true
ISIC_0029766,melanocytic_Nevi,melanocytic_Nevi,0.9906,true,true,0.9906,0.0002,0.034,0.03,41.7,light (I–II),melanocytic_Nevi,melanocytic_Nevi,true
ISIC_0029770,benign_keratosis-like_lesions,benign_keratosis-like_lesions,0.462,true,true,0.462,0.4339,0.0,0.024,77.7,light (I–II),benign_keratosis-like_lesions,benign_keratosis-like_lesions,true
ISIC_0029774,melanocytic_Nevi,melanocytic_Nevi,0.9995,true,true,0.9995,0.0,0.086,0.008,84.3,light (I–II),melanocytic_Nevi,melanocytic_Nevi,true
ISIC_0029795,melanocytic_Nevi,melanocytic_Nevi,0.9852,true,true,0.9852,0.0004,0.115,0.24,67.7,light (I–II),melanocytic_Nevi,melanocytic_Nevi,true
ISIC_0029796,melanocytic_Nevi,melanocytic_Nevi,0.999,true,true,0.999,0.0,0.189,0.006,62.5,light (I–II),melanocytic_Nevi,melanocytic_Nevi,true
ISIC_0029798,melanocytic_Nevi,melanocytic_Nevi,0.9827,true,true,0.9827,0.0005,0.171,0.04,37.1,medium (III–IV),melanocytic_Nevi,melanocytic_Nevi,true
ISIC_0029799,melanocytic_Nevi,melanocytic_Nevi,0.9813,true,true,0.9813,0.0005,0.0,0.003,25.0,medium (III–IV),melanocytic_Nevi,melanocytic_Nevi,true
ISIC_0029813,melanocytic_Nevi,melanocytic_Nevi,0.9991,true,true,0.9991,0.0,0.131,0.005,55.1,light (I–II),melanocytic_Nevi,melanocytic_Nevi,true
ISIC_0029817,melanocytic_Nevi,melanocytic_Nevi,1.0,true,true,1.0,0.0,0.073,0.001,66.7,light (I–II),melanocytic_Nevi,melanocytic_Nevi,true
ISIC_0029818,melanocytic_Nevi,melanocytic_Nevi,0.9644,true,true,0.9644,0.0023,0.608,0.0,82.5,light (I–II),melanocytic_Nevi,melanocytic_Nevi,true
ISIC_0029820,basal_cell_carcinoma,benign_keratosis-like_lesions,0.886,false,true,0.886,1.5942,0.457,0.177,28.2,medium (III–IV),basal_cell_carcinoma,benign_keratosis-like_lesions,false
ISIC_0029835,melanocytic_Nevi,melanocytic_Nevi,0.7874,true,true,0.7874,0.0903,0.289,0.455,109.0,light (I–II),melanocytic_Nevi,melanocytic_Nevi,true
ISIC_0029871,melanocytic_Nevi,melanocytic_Nevi,0.9988,true,true,0.9988,0.0,0.02,0.002,67.7,light (I–II),melanocytic_Nevi,melanocytic_Nevi,true
ISIC_0029873,melanocytic_Nevi,melanocytic_Nevi,0.9989,true,true,0.9989,0.0,0.105,0.012,72.2,light (I–II),melanocytic_Nevi,melanocytic_Nevi,true
ISIC_0029874,melanocytic_Nevi,melanocytic_Nevi,1.0,true,true,1.0,0.0,0.09,0.0,58.2,light (I–II),melanocytic_Nevi,melanocytic_Nevi,true
ISIC_0029875,melanocytic_Nevi,melanocytic_Nevi,0.978,true,true,0.978,0.0009,0.082,0.006,91.7,light (I–II),melanocytic_Nevi,melanocytic_Nevi,true
ISIC_0029883,melanocytic_Nevi,melanocytic_Nevi,0.909,true,true,0.909,0.0164,0.239,0.057,50.1,light (I–II),melanocytic_Nevi,melanocytic_Nevi,true
ISIC_0029898,melanocytic_Nevi,melanocytic_Nevi,0.7418,true,true,0.7418,0.1332,0.099,0.0,85.0,light (I–II),melanocytic_Nevi,melanocytic_Nevi,true
ISIC_0029899,basal_cell_carcinoma,basal_cell_carcinoma,0.999,true,true,0.999,0.0,0.873,0.474,95.0,light (I–II),basal_cell_carcinoma,basal_cell_carcinoma,true
ISIC_0029908,melanocytic_Nevi,melanocytic_Nevi,0.9962,true,true,0.9962,0.0,0.002,0.007,16.0,dark (V–VI),melanocytic_Nevi,melanocytic_Nevi,true
ISIC_0029912,benign_keratosis-like_lesions,melanocytic_Nevi,0.8388,false,true,0.8388,1.5415,0.619,0.486,111.5,light (I–II),benign_keratosis-like_lesions,melanocytic_Nevi,false
ISIC_0029938,melanocytic_Nevi,melanocytic_Nevi,0.8365,true,true,0.8365,0.0511,0.177,0.088,60.9,light (I–II),melanocytic_Nevi,melanocytic_Nevi,true
ISIC_0029939,melanocytic_Nevi,melanocytic_Nevi,0.9507,true,true,0.9507,0.0034,0.895,0.0,54.5,light (I–II),melanocytic_Nevi,melanocytic_Nevi,true
ISIC_0029941,melanocytic_Nevi,melanocytic_Nevi,0.9998,true,true,0.9998,0.0,0.057,0.007,54.3,light (I–II),melanocytic_Nevi,melanocytic_Nevi,true
ISIC_0029945,melanocytic_Nevi,melanoma,0.7362,false,true,0.7362,1.1227,0.729,0.337,126.9,light (I–II),melanocytic_Nevi,melanoma,false
ISIC_0029946,melanocytic_Nevi,melanocytic_Nevi,0.9979,true,true,0.9979,0.0,0.071,0.008,82.8,light (I–II),melanocytic_Nevi,melanocytic_Nevi,true
ISIC_0029967,dermatofibroma,melanoma,0.3955,false,false,0.3955,1.1379,0.39,0.298,69.2,light (I–II),dermatofibroma,melanoma,false
ISIC_0029968,melanocytic_Nevi,melanocytic_Nevi,0.9953,true,true,0.9953,0.0,0.188,0.006,52.0,light (I–II),melanocytic_Nevi,melanocytic_Nevi,true
ISIC_0029986,melanocytic_Nevi,melanoma,0.9704,false,true,0.9704,1.8876,0.561,0.117,69.9,light (I–II),melanocytic_Nevi,melanoma,false
ISIC_0029988,melanocytic_Nevi,melanocytic_Nevi,0.9949,true,true,0.9949,0.0,0.025,0.028,9.0,dark (V–VI),melanocytic_Nevi,melanocytic_Nevi,true
ISIC_0030004,melanocytic_Nevi,melanocytic_Nevi,0.9958,true,true,0.9958,0.0,0.041,0.165,44.6,light (I–II),melanocytic_Nevi,melanocytic_Nevi,true
ISIC_0030008,melanocytic_Nevi,melanocytic_Nevi,0.7659,true,true,0.7659,0.082,0.564,0.39,119.1,light (I–II),melanocytic_Nevi,melanocytic_Nevi,true
ISIC_0030013,melanocytic_Nevi,melanocytic_Nevi,0.9992,true,true,0.9992,0.0,0.007,0.008,72.8,light (I–II),melanocytic_Nevi,melanocytic_Nevi,true
ISIC_0030015,dermatofibroma,dermatofibroma,0.9939,true,true,0.9939,0.0,0.731,0.967,106.0,light (I–II),dermatofibroma,dermatofibroma,true
ISIC_0030019,melanocytic_Nevi,melanocytic_Nevi,0.8926,true,true,0.8926,0.0225,0.542,0.0,36.9,medium (III–IV),melanocytic_Nevi,melanocytic_Nevi,true
ISIC_0030027,melanocytic_Nevi,melanocytic_Nevi,0.9715,true,true,0.9715,0.0011,0.025,0.0,82.1,light (I–II),melanocytic_Nevi,melanocytic_Nevi,true
ISIC_0030038,melanocytic_Nevi,melanocytic_Nevi,0.5211,true,true,0.5211,0.4221,0.09,0.054,85.4,light (I–II),melanocytic_Nevi,melanocytic_Nevi,true
ISIC_0030039,melanocytic_Nevi,melanocytic_Nevi,0.7528,true,true,0.7528,0.1178,0.501,0.273,83.9,light (I–II),melanocytic_Nevi,melanocytic_Nevi,true
ISIC_0030045,melanocytic_Nevi,melanocytic_Nevi,0.9681,true,true,0.9681,0.0016,0.0,0.0,29.3,medium (III–IV),melanocytic_Nevi,melanocytic_Nevi,true
ISIC_0030047,melanoma,melanocytic_Nevi,0.7018,false,true,0.7018,1.0392,0.445,0.007,90.0,light (I–II),melanoma,melanocytic_Nevi,false
ISIC_0030050,melanocytic_Nevi,melanocytic_Nevi,0.9775,true,true,0.9775,0.0008,0.364,0.015,52.6,light (I–II),melanocytic_Nevi,melanocytic_Nevi,true
ISIC_0030052,melanocytic_Nevi,melanocytic_Nevi,0.9927,true,true,0.9927,0.0001,0.013,0.01,55.3,light (I–II),melanocytic_Nevi,melanocytic_Nevi,true
ISIC_0030057,melanocytic_Nevi,melanocytic_Nevi,0.8105,true,true,0.8105,0.0575,0.749,0.0,64.5,light (I–II),melanocytic_Nevi,melanocytic_Nevi,true
ISIC_0030069,melanocytic_Nevi,melanocytic_Nevi,0.8904,true,true,0.8904,0.024,0.0,0.163,80.8,light (I–II),melanocytic_Nevi,melanocytic_Nevi,true
ISIC_0030072,melanocytic_Nevi,melanocytic_Nevi,1.0,true,true,1.0,0.0,0.008,0.001,99.4,light (I–II),melanocytic_Nevi,melanocytic_Nevi,true
ISIC_0030088,benign_keratosis-like_lesions,benign_keratosis-like_lesions,0.8386,true,true,0.8386,0.0427,0.595,0.0,46.2,light (I–II),benign_keratosis-like_lesions,benign_keratosis-like_lesions,true
ISIC_0030099,melanocytic_Nevi,melanocytic_Nevi,0.9988,true,true,0.9988,0.0,0.354,0.011,48.2,light (I–II),melanocytic_Nevi,melanocytic_Nevi,true
ISIC_0030100,melanocytic_Nevi,melanocytic_Nevi,0.9966,true,true,0.9966,0.0,0.355,0.002,50.6,light (I–II),melanocytic_Nevi,melanocytic_Nevi,true
ISIC_0030104,vascular_lesions,vascular_lesions,1.0,true,true,1.0,0.0,0.715,0.0,68.6,light (I–II),vascular_lesions,vascular_lesions,true
ISIC_0030112,melanocytic_Nevi,melanocytic_Nevi,1.0,true,true,1.0,0.0,0.012,0.171,61.1,light (I–II),melanocytic_Nevi,melanocytic_Nevi,true
ISIC_0030124,benign_keratosis-like_lesions,basal_cell_carcinoma,0.4881,false,true,0.4881,0.537,0.372,0.242,76.7,light (I–II),benign_keratosis-like_lesions,basal_cell_carcinoma,false
ISIC_0030126,melanocytic_Nevi,melanocytic_Nevi,0.7441,true,true,0.7441,0.1303,0.003,0.0,91.0,light (I–II),melanocytic_Nevi,melanocytic_Nevi,true
ISIC_0030131,melanocytic_Nevi,melanocytic_Nevi,0.9991,true,true,0.9991,0.0,0.036,0.015,75.1,light (I–II),melanocytic_Nevi,melanocytic_Nevi,true
ISIC_0030137,benign_keratosis-like_lesions,actinic_keratoses,0.4903,false,true,0.4903,0.5806,0.0,0.0,54.4,light (I–II),benign_keratosis-like_lesions,actinic_keratoses,false
ISIC_0030143,actinic_keratoses,actinic_keratoses,0.5063,true,true,0.5063,0.4078,0.0,0.0,70.4,light (I–II),actinic_keratoses,actinic_keratoses,true
ISIC_0030145,basal_cell_carcinoma,benign_keratosis-like_lesions,0.4633,false,true,0.4633,0.6291,0.377,0.199,81.9,light (I–II),basal_cell_carcinoma,benign_keratosis-like_lesions,false
ISIC_0030146,melanocytic_Nevi,melanocytic_Nevi,0.9936,true,true,0.9936,0.0001,0.182,0.033,61.8,light (I–II),melanocytic_Nevi,melanocytic_Nevi,true
ISIC_0030147,melanocytic_Nevi,melanocytic_Nevi,0.9949,true,true,0.9949,0.0001,0.01,0.005,23.2,medium (III–IV),melanocytic_Nevi,melanocytic_Nevi,true
ISIC_0030151,melanocytic_Nevi,benign_keratosis-like_lesions,0.7514,false,true,0.7514,1.5787,0.0,0.08,114.8,light (I–II),melanocytic_Nevi,benign_keratosis-like_lesions,false
ISIC_0030153,melanocytic_Nevi,melanocytic_Nevi,0.9887,true,true,0.9887,0.0002,0.289,0.016,74.1,light (I–II),melanocytic_Nevi,melanocytic_Nevi,true
ISIC_0030154,melanocytic_Nevi,melanocytic_Nevi,0.9985,true,true,0.9985,0.0,0.07,0.008,60.9,light (I–II),melanocytic_Nevi,melanocytic_Nevi,true
ISIC_0030155,melanocytic_Nevi,melanocytic_Nevi,0.992,true,true,0.992,0.0001,0.036,0.074,100.2,light (I–II),melanocytic_Nevi,melanocytic_Nevi,true
ISIC_0030160,benign_keratosis-like_lesions,melanocytic_Nevi,0.8982,false,true,0.8982,1.8088,0.616,0.0,81.1,light (I–II),benign_keratosis-like_lesions,melanocytic_Nevi,false
ISIC_0030161,melanocytic_Nevi,melanocytic_Nevi,0.9988,true,true,0.9988,0.0,0.035,0.057,46.3,light (I–II),melanocytic_Nevi,melanocytic_Nevi,true
ISIC_0030162,melanocytic_Nevi,melanocytic_Nevi,1.0,true,true,1.0,0.0,0.123,0.0,58.6,light (I–II),melanocytic_Nevi,melanocytic_Nevi,true
ISIC_0030165,melanoma,melanoma,0.8305,true,true,0.8305,0.0563,0.827,0.54,57.4,light (I–II),melanoma,melanoma,true
ISIC_0030168,melanocytic_Nevi,melanocytic_Nevi,0.8418,true,true,0.8418,0.0336,0.569,0.0,64.9,light (I–II),melanocytic_Nevi,melanocytic_Nevi,true
ISIC_0030187,melanoma,benign_keratosis-like_lesions,0.7622,false,true,0.7622,1.2077,0.266,0.246,76.9,light (I–II),melanoma,benign_keratosis-like_lesions,false
ISIC_0030188,benign_keratosis-like_lesions,melanoma,0.9804,false,true,0.9804,1.9373,0.963,0.045,88.2,light (I–II),benign_keratosis-like_lesions,melanoma,false
ISIC_0030194,melanocytic_Nevi,melanoma,0.8207,false,true,0.8207,1.3525,0.806,0.511,106.3,light (I–II),melanocytic_Nevi,melanoma,false
ISIC_0030197,basal_cell_carcinoma,dermatofibroma,0.9883,false,true,0.9883,1.9722,0.954,0.208,96.5,light (I–II),basal_cell_carcinoma,dermatofibroma,false
ISIC_0030207,benign_keratosis-like_lesions,benign_keratosis-like_lesions,0.8397,true,true,0.8397,0.0509,0.736,0.293,55.5,light (I–II),benign_keratosis-like_lesions,benign_keratosis-like_lesions,true
ISIC_0030217,melanocytic_Nevi,melanocytic_Nevi,0.9948,true,true,0.9948,0.0001,0.002,0.004,47.1,light (I–II),melanocytic_Nevi,melanocytic_Nevi,true
ISIC_0030222,melanocytic_Nevi,melanocytic_Nevi,0.9996,true,true,0.9996,0.0,0.068,0.002,43.4,light (I–II),melanocytic_Nevi,melanocytic_Nevi,true
ISIC_0030227,benign_keratosis-like_lesions,melanoma,0.9522,false,true,0.9522,1.8846,0.932,0.769,81.5,light (I–II),benign_keratosis-like_lesions,melanoma,false
ISIC_0030231,benign_keratosis-like_lesions,benign_keratosis-like_lesions,0.5581,true,true,0.5581,0.3378,0.203,0.024,64.9,light (I–II),benign_keratosis-like_lesions,benign_keratosis-like_lesions,true
ISIC_0030233,basal_cell_carcinoma,actinic_keratoses,0.8505,false,true,0.8505,1.5579,0.576,0.32,84.5,light (I–II),basal_cell_carcinoma,actinic_keratoses,false
ISIC_0030240,benign_keratosis-like_lesions,benign_keratosis-like_lesions,0.9636,true,true,0.9636,0.0019,0.061,0.067,159.4,light (I–II),benign_keratosis-like_lesions,benign_keratosis-like_lesions,true
ISIC_0030244,dermatofibroma,dermatofibroma,0.997,true,true,0.997,0.0,0.896,0.953,94.5,light (I–II),dermatofibroma,dermatofibroma,true
ISIC_0030245,actinic_keratoses,actinic_keratoses,0.6938,true,true,0.6938,0.1443,0.49,0.023,61.6,light (I–II),actinic_keratoses,actinic_keratoses,true
ISIC_0030250,melanocytic_Nevi,melanocytic_Nevi,0.9929,true,true,0.9929,0.0001,0.062,0.074,85.9,light (I–II),melanocytic_Nevi,melanocytic_Nevi,true
ISIC_0030261,basal_cell_carcinoma,basal_cell_carcinoma,0.887,true,true,0.887,0.0215,0.782,0.392,73.8,light (I–II),basal_cell_carcinoma,basal_cell_carcinoma,true
ISIC_0030266,melanocytic_Nevi,melanocytic_Nevi,0.6322,true,true,0.6322,0.2421,0.0,0.0,35.9,medium (III–IV),melanocytic_Nevi,melanocytic_Nevi,true
ISIC_0030287,melanocytic_Nevi,melanocytic_Nevi,0.9965,true,true,0.9965,0.0,0.298,0.089,58.4,light (I–II),melanocytic_Nevi,melanocytic_Nevi,true
ISIC_0030300,melanocytic_Nevi,melanocytic_Nevi,0.9848,true,true,0.9848,0.0005,0.125,0.063,100.4,light (I–II),melanocytic_Nevi,melanocytic_Nevi,true
ISIC_0030303,melanocytic_Nevi,melanocytic_Nevi,0.6639,true,true,0.6639,0.213,0.137,0.119,111.5,light (I–II),melanocytic_Nevi,melanocytic_Nevi,true
ISIC_0030309,melanocytic_Nevi,dermatofibroma,0.6226,false,true,0.6226,0.781,0.513,0.62,69.3,light (I–II),melanocytic_Nevi,dermatofibroma,false
ISIC_0030316,benign_keratosis-like_lesions,benign_keratosis-like_lesions,0.605,true,true,0.605,0.2656,0.147,0.312,54.9,light (I–II),benign_keratosis-like_lesions,benign_keratosis-like_lesions,true
ISIC_0030321,dermatofibroma,dermatofibroma,0.6549,true,true,0.6549,0.1477,0.649,0.262,82.1,light (I–II),dermatofibroma,dermatofibroma,true
ISIC_0030323,benign_keratosis-like_lesions,benign_keratosis-like_lesions,0.6777,true,true,0.6777,0.1461,0.666,0.081,93.9,light (I–II),benign_keratosis-like_lesions,benign_keratosis-like_lesions,true
ISIC_0030324,melanoma,benign_keratosis-like_lesions,0.7021,false,true,0.7021,1.0121,0.0,0.0,42.7,light (I–II),melanoma,benign_keratosis-like_lesions,false
ISIC_0030339,basal_cell_carcinoma,basal_cell_carcinoma,0.9103,true,true,0.9103,0.0128,0.361,0.023,82.6,light (I–II),basal_cell_carcinoma,basal_cell_carcinoma,true
ISIC_0030351,melanocytic_Nevi,melanocytic_Nevi,0.986,true,true,0.986,0.0004,0.048,0.0,57.7,light (I–II),melanocytic_Nevi,melanocytic_Nevi,true
ISIC_0030361,melanocytic_Nevi,melanocytic_Nevi,0.9843,true,true,0.9843,0.0005,0.013,0.012,87.3,light (I–II),melanocytic_Nevi,melanocytic_Nevi,true
ISIC_0030363,melanocytic_Nevi,melanocytic_Nevi,0.9998,true,true,0.9998,0.0,0.046,0.0,71.0,light (I–II),melanocytic_Nevi,melanocytic_Nevi,true
ISIC_0030366,melanoma,melanocytic_Nevi,0.663,false,true,0.663,0.8819,0.136,0.0,83.5,light (I–II),melanoma,melanocytic_Nevi,false
ISIC_0030374,melanocytic_Nevi,melanocytic_Nevi,0.9996,true,true,0.9996,0.0,0.017,0.01,28.6,medium (III–IV),melanocytic_Nevi,melanocytic_Nevi,true
ISIC_0030385,melanocytic_Nevi,melanocytic_Nevi,0.9991,true,true,0.9991,0.0,0.035,0.044,49.7,light (I–II),melanocytic_Nevi,melanocytic_Nevi,true
ISIC_0030410,melanocytic_Nevi,benign_keratosis-like_lesions,0.5853,false,true,0.5853,0.7109,0.475,0.503,122.2,light (I–II),melanocytic_Nevi,benign_keratosis-like_lesions,false
ISIC_0030414,melanocytic_Nevi,melanocytic_Nevi,0.9993,true,true,0.9993,0.0,0.089,0.005,67.8,light (I–II),melanocytic_Nevi,melanocytic_Nevi,true
ISIC_0030428,melanocytic_Nevi,melanocytic_Nevi,0.9949,true,true,0.9949,0.0001,0.106,0.084,46.6,light (I–II),melanocytic_Nevi,melanocytic_Nevi,true
ISIC_0030429,melanocytic_Nevi,melanocytic_Nevi,0.9344,true,true,0.9344,0.0077,0.518,0.317,91.5,light (I–II),melanocytic_Nevi,melanocytic_Nevi,true
ISIC_0030431,melanocytic_Nevi,melanocytic_Nevi,0.9977,true,true,0.9977,0.0,0.122,0.021,76.6,light (I–II),melanocytic_Nevi,melanocytic_Nevi,true
ISIC_0030433,melanocytic_Nevi,melanocytic_Nevi,0.977,true,true,0.977,0.0008,0.339,0.021,69.6,light (I–II),melanocytic_Nevi,melanocytic_Nevi,true
ISIC_0030435,melanocytic_Nevi,melanocytic_Nevi,0.9988,true,true,0.9988,0.0,0.034,0.079,43.6,light (I–II),melanocytic_Nevi,melanocytic_Nevi,true
ISIC_0030439,melanocytic_Nevi,melanocytic_Nevi,0.9998,true,true,0.9998,0.0,0.03,0.005,58.0,light (I–II),melanocytic_Nevi,melanocytic_Nevi,true
ISIC_0030447,melanocytic_Nevi,melanocytic_Nevi,0.984,true,true,0.984,0.0005,0.074,0.006,89.3,light (I–II),melanocytic_Nevi,melanocytic_Nevi,true
ISIC_0030450,melanocytic_Nevi,melanocytic_Nevi,0.9993,true,true,0.9993,0.0,0.065,0.038,44.3,light (I–II),melanocytic_Nevi,melanocytic_Nevi,true
ISIC_0030473,melanocytic_Nevi,melanoma,0.5211,false,true,0.5211,0.5431,0.52,0.139,73.4,light (I–II),melanocytic_Nevi,melanoma,false
ISIC_0030478,melanocytic_Nevi,melanocytic_Nevi,0.9867,true,true,0.9867,0.0003,0.048,0.001,43.8,light (I–II),melanocytic_Nevi,melanocytic_Nevi,true
ISIC_0030481,melanocytic_Nevi,melanocytic_Nevi,0.9992,true,true,0.9992,0.0,0.802,0.044,62.6,light (I–II),melanocytic_Nevi,melanocytic_Nevi,true
ISIC_0030483,melanocytic_Nevi,melanocytic_Nevi,0.9998,true,true,0.9998,0.0,0.007,0.003,55.2,light (I–II),melanocytic_Nevi,melanocytic_Nevi,true
ISIC_0030493,melanocytic_Nevi,melanocytic_Nevi,0.9973,true,true,0.9973,0.0,0.419,0.002,61.6,light (I–II),melanocytic_Nevi,melanocytic_Nevi,true
ISIC_0030495,melanocytic_Nevi,melanocytic_Nevi,1.0,true,true,1.0,0.0,0.008,0.001,68.6,light (I–II),melanocytic_Nevi,melanocytic_Nevi,true
ISIC_0030503,melanocytic_Nevi,melanocytic_Nevi,0.9996,true,true,0.9996,0.0,0.053,0.012,103.9,light (I–II),melanocytic_Nevi,melanocytic_Nevi,true
ISIC_0030504,melanocytic_Nevi,melanocytic_Nevi,0.6764,true,true,0.6764,0.2012,0.285,0.353,25.1,medium (III–IV),melanocytic_Nevi,melanocytic_Nevi,true
ISIC_0030508,melanocytic_Nevi,melanocytic_Nevi,0.9971,true,true,0.9971,0.0,0.234,0.117,83.1,light (I–II),melanocytic_Nevi,melanocytic_Nevi,true
ISIC_0030520,melanocytic_Nevi,melanocytic_Nevi,0.9836,true,true,0.9836,0.0004,0.176,0.071,112.7,light (I–II),melanocytic_Nevi,melanocytic_Nevi,true
ISIC_0030529,melanocytic_Nevi,melanocytic_Nevi,0.9999,true,true,0.9999,0.0,0.103,0.008,84.6,light (I–II),melanocytic_Nevi,melanocytic_Nevi,true
ISIC_0030530,melanocytic_Nevi,melanocytic_Nevi,0.9999,true,true,0.9999,0.0,0.153,0.003,66.1,light (I–II),melanocytic_Nevi,melanocytic_Nevi,true
ISIC_0030537,melanocytic_Nevi,melanocytic_Nevi,0.9813,true,true,0.9813,0.0007,0.12,0.113,87.1,light (I–II),melanocytic_Nevi,melanocytic_Nevi,true
ISIC_0030538,melanocytic_Nevi,melanocytic_Nevi,0.9998,true,true,0.9998,0.0,0.024,0.005,63.1,light (I–II),melanocytic_Nevi,melanocytic_Nevi,true
ISIC_0030541,melanocytic_Nevi,melanocytic_Nevi,0.9953,true,true,0.9953,0.0,0.504,0.154,93.6,light (I–II),melanocytic_Nevi,melanocytic_Nevi,true
ISIC_0030546,melanocytic_Nevi,melanocytic_Nevi,0.897,true,true,0.897,0.0156,0.688,0.06,70.5,light (I–II),melanocytic_Nevi,melanocytic_Nevi,true
ISIC_0030551,melanocytic_Nevi,melanocytic_Nevi,0.8629,true,true,0.8629,0.0265,0.62,0.022,48.5,light (I–II),melanocytic_Nevi,melanocytic_Nevi,true
ISIC_0030556,melanocytic_Nevi,melanocytic_Nevi,0.9981,true,true,0.9981,0.0,0.455,0.001,67.2,light (I–II),melanocytic_Nevi,melanocytic_Nevi,true
ISIC_0030569,melanocytic_Nevi,melanocytic_Nevi,0.8595,true,true,0.8595,0.0295,0.0,0.042,46.7,light (I–II),melanocytic_Nevi,melanocytic_Nevi,true
ISIC_0030580,melanocytic_Nevi,melanoma,0.4989,false,true,0.4989,1.414,0.498,0.424,82.6,light (I–II),melanocytic_Nevi,melanoma,false
ISIC_0030590,melanocytic_Nevi,melanocytic_Nevi,0.999,true,true,0.999,0.0,0.008,0.008,84.4,light (I–II),melanocytic_Nevi,melanocytic_Nevi,true
ISIC_0030593,melanocytic_Nevi,melanocytic_Nevi,0.9886,true,true,0.9886,0.0003,0.031,0.028,86.4,light (I–II),melanocytic_Nevi,melanocytic_Nevi,true
ISIC_0030595,melanocytic_Nevi,melanocytic_Nevi,0.9993,true,true,0.9993,0.0,0.002,0.002,46.8,light (I–II),melanocytic_Nevi,melanocytic_Nevi,true
ISIC_0030602,actinic_keratoses,melanoma,0.7816,false,false,0.7816,1.6398,0.763,0.34,56.4,light (I–II),actinic_keratoses,melanoma,false
ISIC_0030611,melanocytic_Nevi,melanocytic_Nevi,0.9998,true,true,0.9998,0.0,0.033,0.0,39.6,medium (III–IV),melanocytic_Nevi,melanocytic_Nevi,true
ISIC_0030612,melanocytic_Nevi,melanocytic_Nevi,0.9998,true,true,0.9998,0.0,0.001,0.001,79.4,light (I–II),melanocytic_Nevi,melanocytic_Nevi,true
ISIC_0030637,melanocytic_Nevi,melanocytic_Nevi,0.9509,true,true,0.9509,0.0035,0.477,0.366,32.3,medium (III–IV),melanocytic_Nevi,melanocytic_Nevi,true
ISIC_0030657,melanocytic_Nevi,melanocytic_Nevi,0.9983,true,true,0.9983,0.0,0.234,0.001,54.3,light (I–II),melanocytic_Nevi,melanocytic_Nevi,true
ISIC_0030660,melanocytic_Nevi,melanocytic_Nevi,1.0,true,true,1.0,0.0,0.235,0.033,57.3,light (I–II),melanocytic_Nevi,melanocytic_Nevi,true
ISIC_0030662,melanocytic_Nevi,melanocytic_Nevi,0.9985,true,true,0.9985,0.0,0.036,0.0,57.1,light (I–II),melanocytic_Nevi,melanocytic_Nevi,true
ISIC_0030677,benign_keratosis-like_lesions,actinic_keratoses,0.7101,false,true,0.7101,1.2414,0.0,0.0,96.4,light (I–II),benign_keratosis-like_lesions,actinic_keratoses,false
ISIC_0030695,melanoma,melanoma,0.6422,true,true,0.6422,0.1925,0.628,0.203,86.3,light (I–II),melanoma,melanoma,true
ISIC_0030707,actinic_keratoses,melanoma,0.3893,false,false,0.3893,1.242,0.37,0.099,65.6,light (I–II),actinic_keratoses,melanoma,false
ISIC_0030712,basal_cell_carcinoma,basal_cell_carcinoma,0.9996,true,true,0.9996,0.0,0.991,0.014,86.8,light (I–II),basal_cell_carcinoma,basal_cell_carcinoma,true
ISIC_0030715,melanocytic_Nevi,melanocytic_Nevi,0.9948,true,true,0.9948,0.0,0.22,0.024,57.4,light (I–II),melanocytic_Nevi,melanocytic_Nevi,true
ISIC_0030725,melanocytic_Nevi,melanocytic_Nevi,0.9999,true,true,0.9999,0.0,0.321,0.018,68.7,light (I–II),melanocytic_Nevi,melanocytic_Nevi,true
ISIC_0030727,melanocytic_Nevi,melanocytic_Nevi,0.8671,true,true,0.8671,0.0296,0.391,0.382,36.9,medium (III–IV),melanocytic_Nevi,melanocytic_Nevi,true
ISIC_0030739,melanocytic_Nevi,melanocytic_Nevi,0.9859,true,true,0.9859,0.0003,0.263,0.019,59.6,light (I–II),melanocytic_Nevi,melanocytic_Nevi,true
ISIC_0030743,melanocytic_Nevi,benign_keratosis-like_lesions,0.7612,false,true,0.7612,1.1896,0.688,0.707,27.3,medium (III–IV),melanocytic_Nevi,benign_keratosis-like_lesions,false
ISIC_0030752,melanocytic_Nevi,melanocytic_Nevi,0.9966,true,true,0.9966,0.0,0.371,0.073,73.2,light (I–II),melanocytic_Nevi,melanocytic_Nevi,true
ISIC_0030754,melanoma,melanocytic_Nevi,0.6924,false,true,0.6924,0.9698,0.195,0.0,48.6,light (I–II),melanoma,melanocytic_Nevi,false
ISIC_0030771,melanocytic_Nevi,melanoma,0.6271,false,true,0.6271,1.0155,0.463,0.27,48.5,light (I–II),melanocytic_Nevi,melanoma,false
ISIC_0030775,melanocytic_Nevi,melanocytic_Nevi,0.9999,true,true,0.9999,0.0,0.066,0.003,85.9,light (I–II),melanocytic_Nevi,melanocytic_Nevi,true
ISIC_0030781,melanocytic_Nevi,melanocytic_Nevi,0.9992,true,true,0.9992,0.0,0.13,0.044,37.3,medium (III–IV),melanocytic_Nevi,melanocytic_Nevi,true
ISIC_0030785,actinic_keratoses,actinic_keratoses,0.7875,true,true,0.7875,0.07,0.547,0.676,75.3,light (I–II),actinic_keratoses,actinic_keratoses,true
ISIC_0030793,melanocytic_Nevi,melanocytic_Nevi,0.8113,true,true,0.8113,0.0616,0.706,0.0,87.7,light (I–II),melanocytic_Nevi,melanocytic_Nevi,true
ISIC_0030808,melanocytic_Nevi,melanocytic_Nevi,0.9892,true,true,0.9892,0.0002,0.065,0.031,34.2,medium (III–IV),melanocytic_Nevi,melanocytic_Nevi,true
ISIC_0030838,melanocytic_Nevi,melanocytic_Nevi,0.9998,true,true,0.9998,0.0,0.015,0.003,49.3,light (I–II),melanocytic_Nevi,melanocytic_Nevi,true
ISIC_0030843,melanoma,melanocytic_Nevi,0.7455,false,true,0.7455,1.1146,0.413,0.0,91.0,light (I–II),melanoma,melanocytic_Nevi,false
ISIC_0030861,melanocytic_Nevi,melanocytic_Nevi,0.9792,true,true,0.9792,0.0009,0.399,0.069,74.4,light (I–II),melanocytic_Nevi,melanocytic_Nevi,true
ISIC_0030864,melanocytic_Nevi,melanocytic_Nevi,0.9982,true,true,0.9982,0.0,0.041,0.0,81.7,light (I–II),melanocytic_Nevi,melanocytic_Nevi,true
ISIC_0030873,melanocytic_Nevi,benign_keratosis-like_lesions,0.3476,false,true,0.3476,0.7397,0.0,0.163,66.9,light (I–II),melanocytic_Nevi,benign_keratosis-like_lesions,false
ISIC_0030879,melanocytic_Nevi,melanocytic_Nevi,0.929,true,true,0.929,0.0068,0.608,0.256,52.3,light (I–II),melanocytic_Nevi,melanocytic_Nevi,true
ISIC_0030881,melanocytic_Nevi,melanocytic_Nevi,0.9988,true,true,0.9988,0.0,0.003,0.002,47.7,light (I–II),melanocytic_Nevi,melanocytic_Nevi,true
ISIC_0030884,melanocytic_Nevi,melanocytic_Nevi,1.0,true,true,1.0,0.0,0.001,0.001,43.6,light (I–II),melanocytic_Nevi,melanocytic_Nevi,true
ISIC_0030892,melanocytic_Nevi,melanocytic_Nevi,0.889,true,true,0.889,0.0234,0.193,0.158,74.7,light (I–II),melanocytic_Nevi,melanocytic_Nevi,true
ISIC_0030894,melanocytic_Nevi,benign_keratosis-like_lesions,0.9158,false,true,0.9158,1.811,0.246,0.353,72.0,light (I–II),melanocytic_Nevi,benign_keratosis-like_lesions,false
ISIC_0030895,melanocytic_Nevi,melanocytic_Nevi,0.9738,true,true,0.9738,0.0013,0.055,0.043,84.8,light (I–II),melanocytic_Nevi,melanocytic_Nevi,true
ISIC_0030911,melanocytic_Nevi,melanocytic_Nevi,0.9644,true,true,0.9644,0.0025,0.159,0.0,62.0,light (I–II),melanocytic_Nevi,melanocytic_Nevi,true
ISIC_0030912,melanocytic_Nevi,melanocytic_Nevi,0.638,true,true,0.638,0.1807,0.528,0.345,150.0,light (I–II),melanocytic_Nevi,melanocytic_Nevi,true
ISIC_0030917,melanocytic_Nevi,melanocytic_Nevi,0.9966,true,true,0.9966,0.0,0.075,0.002,57.9,light (I–II),melanocytic_Nevi,melanocytic_Nevi,true
ISIC_0030919,melanocytic_Nevi,melanocytic_Nevi,0.5628,true,true,0.5628,0.2867,0.545,0.304,-156.0,dark (V–VI),melanocytic_Nevi,melanocytic_Nevi,true
ISIC_0030920,melanocytic_Nevi,melanocytic_Nevi,0.9941,true,true,0.9941,0.0001,0.249,0.057,70.8,light (I–II),melanocytic_Nevi,melanocytic_Nevi,true
ISIC_0030933,melanocytic_Nevi,basal_cell_carcinoma,0.4689,false,true,0.4689,0.61,0.46,0.188,78.2,light (I–II),melanocytic_Nevi,basal_cell_carcinoma,false
ISIC_0030938,melanocytic_Nevi,melanocytic_Nevi,0.9965,true,true,0.9965,0.0,0.308,0.043,68.5,light (I–II),melanocytic_Nevi,melanocytic_Nevi,true
ISIC_0030944,melanocytic_Nevi,melanocytic_Nevi,0.9624,true,true,0.9624,0.0024,0.116,0.158,59.8,light (I–II),melanocytic_Nevi,melanocytic_Nevi,true
ISIC_0030953,actinic_keratoses,melanoma,0.6989,false,true,0.6989,1.0082,0.51,0.0,76.9,light (I–II),actinic_keratoses,melanoma,false
ISIC_0030958,melanocytic_Nevi,melanocytic_Nevi,0.9992,true,true,0.9992,0.0,0.129,0.005,62.1,light (I–II),melanocytic_Nevi,melanocytic_Nevi,true
ISIC_0030984,melanocytic_Nevi,melanocytic_Nevi,0.9999,true,true,0.9999,0.0,0.028,0.002,57.4,light (I–II),melanocytic_Nevi,melanocytic_Nevi,true
ISIC_0031003,melanocytic_Nevi,melanocytic_Nevi,0.999,true,true,0.999,0.0,0.222,0.02,65.1,light (I–II),melanocytic_Nevi,melanocytic_Nevi,true
ISIC_0031004,melanocytic_Nevi,melanocytic_Nevi,0.9994,true,true,0.9994,0.0,0.101,0.037,56.3,light (I–II),melanocytic_Nevi,melanocytic_Nevi,true
ISIC_0031026,basal_cell_carcinoma,basal_cell_carcinoma,0.7294,true,true,0.7294,0.1032,0.646,0.047,76.1,light (I–II),basal_cell_carcinoma,basal_cell_carcinoma,true
ISIC_0031032,melanocytic_Nevi,melanocytic_Nevi,0.9842,true,true,0.9842,0.0003,0.251,0.201,78.9,light (I–II),melanocytic_Nevi,melanocytic_Nevi,true
ISIC_0031058,melanocytic_Nevi,melanocytic_Nevi,0.9847,true,true,0.9847,0.0003,0.351,0.016,66.7,light (I–II),melanocytic_Nevi,melanocytic_Nevi,true
ISIC_0031094,melanocytic_Nevi,melanoma,0.4768,false,true,0.4768,0.6202,0.473,0.441,113.9,light (I–II),melanocytic_Nevi,melanoma,false
ISIC_0031097,melanocytic_Nevi,melanocytic_Nevi,0.9997,true,true,0.9997,0.0,0.127,0.02,78.5,light (I–II),melanocytic_Nevi,melanocytic_Nevi,true
ISIC_0031103,vascular_lesions,vascular_lesions,1.0,true,true,1.0,0.0,0.621,0.0,74.3,light (I–II),vascular_lesions,vascular_lesions,true
ISIC_0031105,melanocytic_Nevi,melanocytic_Nevi,0.9215,true,true,0.9215,0.0087,0.527,0.0,125.6,light (I–II),melanocytic_Nevi,melanocytic_Nevi,true
ISIC_0031110,melanocytic_Nevi,melanocytic_Nevi,0.9988,true,true,0.9988,0.0,0.066,0.001,67.3,light (I–II),melanocytic_Nevi,melanocytic_Nevi,true
ISIC_0031111,melanocytic_Nevi,melanoma,0.9301,false,true,0.9301,1.7393,0.926,0.018,67.1,light (I–II),melanocytic_Nevi,melanoma,false
ISIC_0031124,melanocytic_Nevi,melanocytic_Nevi,0.9999,true,true,0.9999,0.0,0.009,0.001,86.0,light (I–II),melanocytic_Nevi,melanocytic_Nevi,true
ISIC_0031126,melanocytic_Nevi,benign_keratosis-like_lesions,0.5559,false,true,0.5559,1.0207,0.411,0.0,106.2,light (I–II),melanocytic_Nevi,benign_keratosis-like_lesions,false
ISIC_0031147,melanocytic_Nevi,melanocytic_Nevi,0.9999,true,true,0.9999,0.0,0.317,0.025,66.8,light (I–II),melanocytic_Nevi,melanocytic_Nevi,true
ISIC_0031148,melanocytic_Nevi,melanocytic_Nevi,0.5717,true,true,0.5717,0.364,0.0,0.0,114.8,light (I–II),melanocytic_Nevi,melanocytic_Nevi,true
ISIC_0031149,melanocytic_Nevi,melanocytic_Nevi,0.9724,true,true,0.9724,0.0014,0.135,0.0,82.2,light (I–II),melanocytic_Nevi,melanocytic_Nevi,true
ISIC_0031155,melanocytic_Nevi,melanocytic_Nevi,0.996,true,true,0.996,0.0,0.197,0.045,71.4,light (I–II),melanocytic_Nevi,melanocytic_Nevi,true
ISIC_0031165,melanocytic_Nevi,melanocytic_Nevi,0.9856,true,true,0.9856,0.0004,0.05,0.0,71.0,light (I–II),melanocytic_Nevi,melanocytic_Nevi,true
ISIC_0031185,melanocytic_Nevi,melanocytic_Nevi,0.9998,true,true,0.9998,0.0,0.007,0.003,72.4,light (I–II),melanocytic_Nevi,melanocytic_Nevi,true
ISIC_0031192,melanocytic_Nevi,benign_keratosis-like_lesions,0.8218,false,false,0.8218,1.6678,0.0,0.0,112.2,light (I–II),melanocytic_Nevi,benign_keratosis-like_lesions,false
ISIC_0031202,melanocytic_Nevi,melanocytic_Nevi,0.9575,true,true,0.9575,0.0035,0.069,0.028,64.8,light (I–II),melanocytic_Nevi,melanocytic_Nevi,true
ISIC_0031203,melanoma,benign_keratosis-like_lesions,0.4321,false,true,0.4321,0.588,0.0,0.0,78.5,light (I–II),melanoma,benign_keratosis-like_lesions,false
ISIC_0031206,melanocytic_Nevi,melanocytic_Nevi,0.9908,true,true,0.9908,0.0002,0.259,0.0,67.1,light (I–II),melanocytic_Nevi,melanocytic_Nevi,true
ISIC_0031210,melanocytic_Nevi,melanocytic_Nevi,0.9927,true,true,0.9927,0.0001,0.333,0.027,32.6,medium (III–IV),melanocytic_Nevi,melanocytic_Nevi,true
ISIC_0031218,benign_keratosis-like_lesions,benign_keratosis-like_lesions,0.7901,true,true,0.7901,0.0616,0.716,0.244,-71.9,dark (V–VI),benign_keratosis-like_lesions,benign_keratosis-like_lesions,true
ISIC_0031221,melanocytic_Nevi,melanocytic_Nevi,0.7153,true,true,0.7153,0.1214,0.617,0.679,80.7,light (I–II),melanocytic_Nevi,melanocytic_Nevi,true
ISIC_0031242,melanocytic_Nevi,melanocytic_Nevi,0.9368,true,true,0.9368,0.0075,0.0,0.157,64.5,light (I–II),melanocytic_Nevi,melanocytic_Nevi,true
ISIC_0031248,melanocytic_Nevi,melanocytic_Nevi,0.999,true,true,0.999,0.0,0.333,0.007,57.7,light (I–II),melanocytic_Nevi,melanocytic_Nevi,true
ISIC_0031259,melanocytic_Nevi,melanocytic_Nevi,0.9734,true,true,0.9734,0.0012,0.033,0.0,113.5,light (I–II),melanocytic_Nevi,melanocytic_Nevi,true
ISIC_0031261,benign_keratosis-like_lesions,benign_keratosis-like_lesions,0.5705,true,true,0.5705,0.272,0.318,0.05,108.9,light (I–II),benign_keratosis-like_lesions,benign_keratosis-like_lesions,true
ISIC_0031269,melanocytic_Nevi,melanocytic_Nevi,0.9936,true,true,0.9936,0.0001,0.098,0.0,87.7,light (I–II),melanocytic_Nevi,melanocytic_Nevi,true
ISIC_0031271,dermatofibroma,dermatofibroma,1.0,true,true,1.0,0.0,0.102,0.035,83.9,light (I–II),dermatofibroma,dermatofibroma,true
ISIC_0031280,melanocytic_Nevi,melanocytic_Nevi,0.9979,true,true,0.9979,0.0,0.133,0.055,64.3,light (I–II),melanocytic_Nevi,melanocytic_Nevi,true
ISIC_0031288,melanocytic_Nevi,melanocytic_Nevi,0.9931,true,true,0.9931,0.0001,0.171,0.0,94.0,light (I–II),melanocytic_Nevi,melanocytic_Nevi,true
ISIC_0031290,melanocytic_Nevi,melanocytic_Nevi,0.989,true,true,0.989,0.0002,0.306,0.007,105.5,light (I–II),melanocytic_Nevi,melanocytic_Nevi,true
ISIC_0031291,melanocytic_Nevi,melanocytic_Nevi,0.9692,true,true,0.9692,0.0012,0.058,0.0,52.0,light (I–II),melanocytic_Nevi,melanocytic_Nevi,true
ISIC_0031300,melanocytic_Nevi,melanocytic_Nevi,1.0,true,true,1.0,0.0,0.001,0.026,71.4,light (I–II),melanocytic_Nevi,melanocytic_Nevi,true
ISIC_0031301,melanocytic_Nevi,melanoma,0.9149,false,true,0.9149,1.7944,0.879,0.0,82.6,light (I–II),melanocytic_Nevi,melanoma,false
ISIC_0031302,melanocytic_Nevi,melanocytic_Nevi,0.9888,true,true,0.9888,0.0002,0.404,0.026,74.6,light (I–II),melanocytic_Nevi,melanocytic_Nevi,true
ISIC_0031303,melanoma,benign_keratosis-like_lesions,0.7928,false,true,0.7928,1.274,0.466,0.153,117.7,light (I–II),melanoma,benign_keratosis-like_lesions,false
ISIC_0031308,melanocytic_Nevi,melanoma,0.9804,false,true,0.9804,1.9296,0.191,0.003,9.3,dark (V–VI),melanocytic_Nevi,melanoma,false
ISIC_0031316,melanocytic_Nevi,melanocytic_Nevi,0.9978,true,true,0.9978,0.0,0.194,0.002,65.6,light (I–II),melanocytic_Nevi,melanocytic_Nevi,true
ISIC_0031320,melanocytic_Nevi,melanocytic_Nevi,0.9997,true,true,0.9997,0.0,0.086,0.015,71.1,light (I–II),melanocytic_Nevi,melanocytic_Nevi,true
ISIC_0031322,melanocytic_Nevi,melanocytic_Nevi,0.9354,true,true,0.9354,0.0083,0.24,0.0,90.3,light (I–II),melanocytic_Nevi,melanocytic_Nevi,true
ISIC_0031326,benign_keratosis-like_lesions,benign_keratosis-like_lesions,0.9014,true,true,0.9014,0.0129,0.709,0.102,107.8,light (I–II),benign_keratosis-like_lesions,benign_keratosis-like_lesions,true
ISIC_0031346,vascular_lesions,vascular_lesions,0.9838,true,true,0.9838,0.0003,0.98,0.112,141.3,light (I–II),vascular_lesions,vascular_lesions,true
ISIC_0031365,melanocytic_Nevi,melanocytic_Nevi,0.9988,true,true,0.9988,0.0,0.024,0.008,34.1,medium (III–IV),melanocytic_Nevi,melanocytic_Nevi,true
ISIC_0031385,melanocytic_Nevi,melanocytic_Nevi,0.9425,true,true,0.9425,0.0059,0.488,0.0,119.7,light (I–II),melanocytic_Nevi,melanocytic_Nevi,true
ISIC_0031386,melanoma,melanocytic_Nevi,0.7046,false,true,0.7046,0.9958,0.44,0.198,127.9,light (I–II),melanoma,melanocytic_Nevi,false
ISIC_0031387,melanocytic_Nevi,melanocytic_Nevi,0.9996,true,true,0.9996,0.0,0.126,0.065,66.1,light (I–II),melanocytic_Nevi,melanocytic_Nevi,true
ISIC_0031399,melanocytic_Nevi,melanocytic_Nevi,0.4878,true,true,0.4878,0.4891,0.0,0.0,72.0,light (I–II),melanocytic_Nevi,melanocytic_Nevi,true
ISIC_0031414,melanocytic_Nevi,melanocytic_Nevi,0.9978,true,true,0.9978,0.0,0.024,0.005,67.4,light (I–II),melanocytic_Nevi,melanocytic_Nevi,true
ISIC_0031424,benign_keratosis-like_lesions,melanocytic_Nevi,0.4649,false,true,0.4649,0.6302,0.411,0.323,89.4,light (I–II),benign_keratosis-like_lesions,melanocytic_Nevi,false
ISIC_0031432,melanocytic_Nevi,melanocytic_Nevi,0.9997,true,true,0.9997,0.0,0.295,0.004,69.3,light (I–II),melanocytic_Nevi,melanocytic_Nevi,true
ISIC_0031434,melanocytic_Nevi,melanocytic_Nevi,1.0,true,true,1.0,0.0,0.149,0.0,66.1,light (I–II),melanocytic_Nevi,melanocytic_Nevi,true
ISIC_0031438,melanocytic_Nevi,melanocytic_Nevi,0.9925,true,true,0.9925,0.0001,0.062,0.0,108.7,light (I–II),melanocytic_Nevi,melanocytic_Nevi,true
ISIC_0031452,melanocytic_Nevi,melanocytic_Nevi,0.9988,true,true,0.9988,0.0,0.273,0.001,71.1,light (I–II),melanocytic_Nevi,melanocytic_Nevi,true
ISIC_0031455,melanocytic_Nevi,melanocytic_Nevi,0.7414,true,true,0.7414,0.1019,0.0,0.0,54.8,light (I–II),melanocytic_Nevi,melanocytic_Nevi,true
ISIC_0031456,melanocytic_Nevi,melanocytic_Nevi,0.996,true,true,0.996,0.0,0.219,0.003,52.0,light (I–II),melanocytic_Nevi,melanocytic_Nevi,true
ISIC_0031472,melanocytic_Nevi,melanocytic_Nevi,0.9999,true,true,0.9999,0.0,0.397,0.006,76.3,light (I–II),melanocytic_Nevi,melanocytic_Nevi,true
ISIC_0031479,melanoma,melanoma,0.9997,true,true,0.9997,0.0,0.251,0.015,94.9,light (I–II),melanoma,melanoma,true
ISIC_0031484,melanocytic_Nevi,melanocytic_Nevi,0.9916,true,true,0.9916,0.0001,0.067,0.012,79.2,light (I–II),melanocytic_Nevi,melanocytic_Nevi,true
ISIC_0031485,benign_keratosis-like_lesions,benign_keratosis-like_lesions,0.9047,true,true,0.9047,0.0176,0.74,0.088,129.3,light (I–II),benign_keratosis-like_lesions,benign_keratosis-like_lesions,true
ISIC_0031493,melanocytic_Nevi,melanocytic_Nevi,0.9929,true,true,0.9929,0.0001,0.032,0.102,44.1,light (I–II),melanocytic_Nevi,melanocytic_Nevi,true
ISIC_0031500,melanocytic_Nevi,melanocytic_Nevi,0.9974,true,true,0.9974,0.0,0.203,0.009,42.6,light (I–II),melanocytic_Nevi,melanocytic_Nevi,true
ISIC_0031504,melanocytic_Nevi,melanocytic_Nevi,0.6091,true,true,0.6091,0.2251,0.0,0.0,62.3,light (I–II),melanocytic_Nevi,melanocytic_Nevi,true
ISIC_0031507,melanocytic_Nevi,melanocytic_Nevi,0.9859,true,true,0.9859,0.0003,0.02,0.028,27.0,medium (III–IV),melanocytic_Nevi,melanocytic_Nevi,true
ISIC_0031523,melanocytic_Nevi,melanocytic_Nevi,0.9886,true,true,0.9886,0.0002,0.138,0.006,40.2,medium (III–IV),melanocytic_Nevi,melanocytic_Nevi,true
ISIC_0031524,melanocytic_Nevi,melanocytic_Nevi,0.9798,true,true,0.9798,0.0008,0.078,0.021,97.8,light (I–II),melanocytic_Nevi,melanocytic_Nevi,true
ISIC_0031529,melanoma,melanocytic_Nevi,0.986,false,true,0.986,1.9446,0.103,0.0,87.3,light (I–II),melanoma,melanocytic_Nevi,false
ISIC_0031537,benign_keratosis-like_lesions,benign_keratosis-like_lesions,0.5056,true,true,0.5056,0.3935,0.076,0.0,96.1,light (I–II),benign_keratosis-like_lesions,benign_keratosis-like_lesions,true
ISIC_0031538,melanocytic_Nevi,melanocytic_Nevi,0.9941,true,true,0.9941,0.0001,0.0,0.01,66.4,light (I–II),melanocytic_Nevi,melanocytic_Nevi,true
ISIC_0031539,basal_cell_carcinoma,basal_cell_carcinoma,0.8843,true,true,0.8843,0.0199,0.824,0.765,49.0,light (I–II),basal_cell_carcinoma,basal_cell_carcinoma,true
ISIC_0031553,melanocytic_Nevi,melanocytic_Nevi,0.9978,true,true,0.9978,0.0,0.045,0.004,63.8,light (I–II),melanocytic_Nevi,melanocytic_Nevi,true
ISIC_0031561,melanoma,melanoma,0.5837,true,true,0.5837,0.2855,0.481,0.004,63.8,light (I–II),melanoma,melanoma,true
ISIC_0031562,melanocytic_Nevi,melanocytic_Nevi,0.9998,true,true,0.9998,0.0,0.181,0.001,73.4,light (I–II),melanocytic_Nevi,melanocytic_Nevi,true
ISIC_0031569,basal_cell_carcinoma,basal_cell_carcinoma,0.5007,true,true,0.5007,0.3923,0.36,0.0,61.4,light (I–II),basal_cell_carcinoma,basal_cell_carcinoma,true
ISIC_0031571,melanocytic_Nevi,melanocytic_Nevi,0.8858,true,true,0.8858,0.0211,0.114,0.081,16.1,dark (V–VI),melanocytic_Nevi,melanocytic_Nevi,true
ISIC_0031575,melanocytic_Nevi,melanocytic_Nevi,0.9992,true,true,0.9992,0.0,0.06,0.065,72.5,light (I–II),melanocytic_Nevi,melanocytic_Nevi,true
ISIC_0031587,melanocytic_Nevi,melanocytic_Nevi,0.9979,true,true,0.9979,0.0,0.007,0.01,63.3,light (I–II),melanocytic_Nevi,melanocytic_Nevi,true
ISIC_0031595,melanocytic_Nevi,melanocytic_Nevi,0.7876,true,true,0.7876,0.0676,0.67,0.247,118.5,light (I–II),melanocytic_Nevi,melanocytic_Nevi,true
ISIC_0031600,benign_keratosis-like_lesions,benign_keratosis-like_lesions,0.5466,true,true,0.5466,0.3103,0.141,0.001,87.6,light (I–II),benign_keratosis-like_lesions,benign_keratosis-like_lesions,true
ISIC_0031607,melanocytic_Nevi,melanocytic_Nevi,0.9993,true,true,0.9993,0.0,0.067,0.005,43.2,light (I–II),melanocytic_Nevi,melanocytic_Nevi,true
ISIC_0031612,melanocytic_Nevi,melanoma,0.6064,false,true,0.6064,0.7826,0.603,0.42,56.3,light (I–II),melanocytic_Nevi,melanoma,false
ISIC_0031616,melanocytic_Nevi,melanocytic_Nevi,0.9951,true,true,0.9951,0.0,0.021,0.129,40.4,medium (III–IV),melanocytic_Nevi,melanocytic_Nevi,true
ISIC_0031618,melanocytic_Nevi,melanocytic_Nevi,0.5534,true,true,0.5534,0.3396,0.33,0.244,139.0,light (I–II),melanocytic_Nevi,melanocytic_Nevi,true
ISIC_0031619,benign_keratosis-like_lesions,benign_keratosis-like_lesions,0.8046,true,true,0.8046,0.0536,0.567,0.733,49.1,light (I–II),benign_keratosis-like_lesions,benign_keratosis-like_lesions,true
ISIC_0031632,melanocytic_Nevi,melanocytic_Nevi,0.9985,true,true,0.9985,0.0,0.101,0.023,73.6,light (I–II),melanocytic_Nevi,melanocytic_Nevi,true
ISIC_0031639,benign_keratosis-like_lesions,benign_keratosis-like_lesions,0.6268,true,true,0.6268,0.2401,0.011,0.0,104.2,light (I–II),benign_keratosis-like_lesions,benign_keratosis-like_lesions,true
ISIC_0031645,melanocytic_Nevi,melanocytic_Nevi,0.9814,true,true,0.9814,0.0007,0.078,0.0,23.0,medium (III–IV),melanocytic_Nevi,melanocytic_Nevi,true
ISIC_0031646,melanocytic_Nevi,benign_keratosis-like_lesions,0.8569,false,true,0.8569,1.6045,0.269,0.345,130.1,light (I–II),melanocytic_Nevi,benign_keratosis-like_lesions,false
ISIC_0031648,vascular_lesions,vascular_lesions,0.9981,true,true,0.9981,0.0,0.062,0.061,86.8,light (I–II),vascular_lesions,vascular_lesions,true
ISIC_0031651,basal_cell_carcinoma,basal_cell_carcinoma,0.7863,true,true,0.7863,0.0742,0.577,0.474,77.3,light (I–II),basal_cell_carcinoma,basal_cell_carcinoma,true
ISIC_0031653,melanocytic_Nevi,melanocytic_Nevi,0.9986,true,true,0.9986,0.0,0.053,0.071,60.8,light (I–II),melanocytic_Nevi,melanocytic_Nevi,true
ISIC_0031655,melanocytic_Nevi,melanocytic_Nevi,0.998,true,true,0.998,0.0,0.076,0.002,19.7,medium (III–IV),melanocytic_Nevi,melanocytic_Nevi,true
ISIC_0031662,melanocytic_Nevi,melanocytic_Nevi,0.792,true,true,0.792,0.0691,0.408,0.0,71.7,light (I–II),melanocytic_Nevi,melanocytic_Nevi,true
ISIC_0031665,melanocytic_Nevi,melanocytic_Nevi,1.0,true,true,1.0,0.0,0.013,0.002,82.2,light (I–II),melanocytic_Nevi,melanocytic_Nevi,true
ISIC_0031690,melanocytic_Nevi,melanocytic_Nevi,0.9988,true,true,0.9988,0.0,0.436,0.034,78.1,light (I–II),melanocytic_Nevi,melanocytic_Nevi,true
ISIC_0031693,melanocytic_Nevi,melanocytic_Nevi,0.9987,true,true,0.9987,0.0,0.225,0.05,43.5,light (I–II),melanocytic_Nevi,melanocytic_Nevi,true
ISIC_0031696,melanocytic_Nevi,melanocytic_Nevi,0.9984,true,true,0.9984,0.0,0.408,0.011,80.1,light (I–II),melanocytic_Nevi,melanocytic_Nevi,true
ISIC_0031713,melanocytic_Nevi,melanoma,0.5168,false,true,0.5168,0.547,0.512,0.055,127.6,light (I–II),melanocytic_Nevi,melanoma,false
ISIC_0031724,melanocytic_Nevi,melanocytic_Nevi,0.922,true,true,0.922,0.0112,0.0,0.007,91.4,light (I–II),melanocytic_Nevi,melanocytic_Nevi,true
ISIC_0031726,melanocytic_Nevi,melanocytic_Nevi,0.9865,true,true,0.9865,0.0004,0.234,0.004,33.8,medium (III–IV),melanocytic_Nevi,melanocytic_Nevi,true
ISIC_0031729,melanocytic_Nevi,melanocytic_Nevi,0.998,true,true,0.998,0.0,0.009,0.0,78.1,light (I–II),melanocytic_Nevi,melanocytic_Nevi,true
ISIC_0031739,melanocytic_Nevi,melanocytic_Nevi,0.9998,true,true,0.9998,0.0,0.15,0.001,65.9,light (I–II),melanocytic_Nevi,melanocytic_Nevi,true
ISIC_0031740,melanocytic_Nevi,melanocytic_Nevi,0.9993,true,true,0.9993,0.0,0.809,0.04,63.8,light (I–II),melanocytic_Nevi,melanocytic_Nevi,true
ISIC_0031774,melanocytic_Nevi,melanocytic_Nevi,0.9894,true,true,0.9894,0.0002,0.117,0.036,56.6,light (I–II),melanocytic_Nevi,melanocytic_Nevi,true
ISIC_0031775,melanocytic_Nevi,melanocytic_Nevi,1.0,true,true,1.0,0.0,0.001,0.0,77.1,light (I–II),melanocytic_Nevi,melanocytic_Nevi,true
ISIC_0031777,melanocytic_Nevi,melanocytic_Nevi,0.9977,true,true,0.9977,0.0,0.553,0.13,42.2,light (I–II),melanocytic_Nevi,melanocytic_Nevi,true
ISIC_0031778,melanoma,melanocytic_Nevi,0.4923,false,true,0.4923,0.7045,0.13,0.202,90.1,light (I–II),melanoma,melanocytic_Nevi,false
ISIC_0031780,melanocytic_Nevi,melanocytic_Nevi,1.0,true,true,1.0,0.0,0.193,0.001,63.8,light (I–II),melanocytic_Nevi,melanocytic_Nevi,true
ISIC_0031783,benign_keratosis-like_lesions,benign_keratosis-like_lesions,0.5032,true,true,0.5032,0.3828,0.194,0.039,-15.6,dark (V–VI),benign_keratosis-like_lesions,benign_keratosis-like_lesions,true
ISIC_0031785,melanocytic_Nevi,melanocytic_Nevi,0.9981,true,true,0.9981,0.0,0.027,0.022,7.1,dark (V–VI),melanocytic_Nevi,melanocytic_Nevi,true
ISIC_0031793,melanocytic_Nevi,melanocytic_Nevi,1.0,true,true,1.0,0.0,0.002,0.001,63.2,light (I–II),melanocytic_Nevi,melanocytic_Nevi,true
ISIC_0031800,melanocytic_Nevi,melanocytic_Nevi,0.999,true,true,0.999,0.0,0.301,0.279,25.8,medium (III–IV),melanocytic_Nevi,melanocytic_Nevi,true
ISIC_0031814,melanocytic_Nevi,vascular_lesions,0.5025,false,true,0.5025,0.791,0.501,0.293,71.4,light (I–II),melanocytic_Nevi,vascular_lesions,false
ISIC_0031824,basal_cell_carcinoma,basal_cell_carcinoma,0.5209,true,true,0.5209,0.3748,0.476,0.435,67.0,light (I–II),basal_cell_carcinoma,basal_cell_carcinoma,true
ISIC_0031825,benign_keratosis-like_lesions,benign_keratosis-like_lesions,0.8066,true,true,0.8066,0.0662,0.69,0.469,119.8,light (I–II),benign_keratosis-like_lesions,benign_keratosis-like_lesions,true
ISIC_0031827,dermatofibroma,dermatofibroma,0.9494,true,true,0.9494,0.0033,0.947,0.943,103.1,light (I–II),dermatofibroma,dermatofibroma,true
ISIC_0031834,melanocytic_Nevi,melanocytic_Nevi,1.0,true,true,1.0,0.0,0.386,0.001,105.8,light (I–II),melanocytic_Nevi,melanocytic_Nevi,true
ISIC_0031843,melanocytic_Nevi,melanocytic_Nevi,0.9997,true,true,0.9997,0.0,0.014,0.005,55.8,light (I–II),melanocytic_Nevi,melanocytic_Nevi,true
ISIC_0031850,melanocytic_Nevi,melanocytic_Nevi,0.9941,true,true,0.9941,0.0001,0.166,0.066,22.5,medium (III–IV),melanocytic_Nevi,melanocytic_Nevi,true
ISIC_0031856,melanocytic_Nevi,melanocytic_Nevi,0.9994,true,true,0.9994,0.0,0.167,0.0,57.5,light (I–II),melanocytic_Nevi,melanocytic_Nevi,true
ISIC_0031866,melanocytic_Nevi,melanocytic_Nevi,0.7999,true,true,0.7999,0.0654,0.547,0.064,85.0,light (I–II),melanocytic_Nevi,melanocytic_Nevi,true
ISIC_0031868,melanocytic_Nevi,melanocytic_Nevi,0.9999,true,true,0.9999,0.0,0.004,0.001,76.2,light (I–II),melanocytic_Nevi,melanocytic_Nevi,true
ISIC_0031870,melanocytic_Nevi,melanocytic_Nevi,1.0,true,true,1.0,0.0,0.002,0.0,68.2,light (I–II),melanocytic_Nevi,melanocytic_Nevi,true
ISIC_0031874,actinic_keratoses,actinic_keratoses,0.9542,true,true,0.9542,0.0031,0.67,0.0,64.2,light (I–II),actinic_keratoses,actinic_keratoses,true
ISIC_0031878,melanocytic_Nevi,melanocytic_Nevi,0.9914,true,true,0.9914,0.0001,0.023,0.021,36.5,medium (III–IV),melanocytic_Nevi,melanocytic_Nevi,true
ISIC_0031893,benign_keratosis-like_lesions,benign_keratosis-like_lesions,0.985,true,true,0.985,0.0003,0.258,0.341,124.9,light (I–II),benign_keratosis-like_lesions,benign_keratosis-like_lesions,true
ISIC_0031899,melanocytic_Nevi,melanocytic_Nevi,0.9986,true,true,0.9986,0.0,0.165,0.001,87.9,light (I–II),melanocytic_Nevi,melanocytic_Nevi,true
ISIC_0031904,melanocytic_Nevi,melanocytic_Nevi,0.9132,true,true,0.9132,0.0149,0.157,0.518,88.9,light (I–II),melanocytic_Nevi,melanocytic_Nevi,true
ISIC_0031909,melanocytic_Nevi,melanocytic_Nevi,0.9988,true,true,0.9988,0.0,0.035,0.005,101.8,light (I–II),melanocytic_Nevi,melanocytic_Nevi,true
ISIC_0031919,melanocytic_Nevi,melanocytic_Nevi,0.7114,true,true,0.7114,0.1661,0.09,0.0,62.0,light (I–II),melanocytic_Nevi,melanocytic_Nevi,true
ISIC_0031920,melanocytic_Nevi,melanocytic_Nevi,0.9988,true,true,0.9988,0.0,0.024,0.019,64.8,light (I–II),melanocytic_Nevi,melanocytic_Nevi,true
ISIC_0031921,melanocytic_Nevi,melanocytic_Nevi,0.9995,true,true,0.9995,0.0,0.125,0.004,52.2,light (I–II),melanocytic_Nevi,melanocytic_Nevi,true
ISIC_0031925,basal_cell_carcinoma,basal_cell_carcinoma,0.8304,true,true,0.8304,0.0512,0.792,0.639,108.5,light (I–II),basal_cell_carcinoma,basal_cell_carcinoma,true
ISIC_0031926,melanocytic_Nevi,melanocytic_Nevi,0.9275,true,true,0.9275,0.0096,0.705,0.115,82.4,light (I–II),melanocytic_Nevi,melanocytic_Nevi,true
ISIC_0031928,melanocytic_Nevi,melanocytic_Nevi,0.9984,true,true,0.9984,0.0,0.136,0.052,55.9,light (I–II),melanocytic_Nevi,melanocytic_Nevi,true
ISIC_0031930,melanocytic_Nevi,melanocytic_Nevi,0.596,true,true,0.596,0.3111,0.465,0.0,100.6,light (I–II),melanocytic_Nevi,melanocytic_Nevi,true
ISIC_0031935,melanocytic_Nevi,melanocytic_Nevi,0.9973,true,true,0.9973,0.0,0.007,0.001,81.6,light (I–II),melanocytic_Nevi,melanocytic_Nevi,true
ISIC_0031940,actinic_keratoses,melanoma,0.4347,false,true,0.4347,0.5901,0.43,0.0,66.3,light (I–II),actinic_keratoses,melanoma,false
ISIC_0031946,melanocytic_Nevi,melanocytic_Nevi,0.9929,true,true,0.9929,0.0001,0.007,0.001,54.7,light (I–II),melanocytic_Nevi,melanocytic_Nevi,true
ISIC_0031948,melanocytic_Nevi,benign_keratosis-like_lesions,0.4434,false,true,0.4434,0.5772,0.0,0.0,59.6,light (I–II),melanocytic_Nevi,benign_keratosis-like_lesions,false
ISIC_0031950,vascular_lesions,vascular_lesions,0.9993,true,true,0.9993,0.0,0.988,0.004,98.1,light (I–II),vascular_lesions,vascular_lesions,true
ISIC_0031954,melanocytic_Nevi,melanocytic_Nevi,0.9984,true,true,0.9984,0.0,0.352,0.056,45.8,light (I–II),melanocytic_Nevi,melanocytic_Nevi,true
ISIC_0031960,melanocytic_Nevi,melanocytic_Nevi,0.9629,true,true,0.9629,0.0026,0.705,0.648,105.2,light (I–II),melanocytic_Nevi,melanocytic_Nevi,true
ISIC_0031966,melanocytic_Nevi,melanocytic_Nevi,0.9949,true,true,0.9949,0.0,0.278,0.059,70.9,light (I–II),melanocytic_Nevi,melanocytic_Nevi,true
ISIC_0031968,melanocytic_Nevi,melanocytic_Nevi,0.9994,true,true,0.9994,0.0,0.02,0.007,24.5,medium (III–IV),melanocytic_Nevi,melanocytic_Nevi,true
ISIC_0031970,melanocytic_Nevi,melanocytic_Nevi,0.8718,true,true,0.8718,0.0324,0.138,0.108,67.0,light (I–II),melanocytic_Nevi,melanocytic_Nevi,true
ISIC_0031981,melanocytic_Nevi,melanocytic_Nevi,0.6372,true,true,0.6372,0.2513,0.164,0.376,82.5,light (I–II),melanocytic_Nevi,melanocytic_Nevi,true
ISIC_0031994,melanocytic_Nevi,melanocytic_Nevi,0.9997,true,true,0.9997,0.0,0.011,0.024,32.0,medium (III–IV),melanocytic_Nevi,melanocytic_Nevi,true
ISIC_0031997,melanocytic_Nevi,melanocytic_Nevi,0.9993,true,true,0.9993,0.0,0.065,0.004,63.9,light (I–II),melanocytic_Nevi,melanocytic_Nevi,true
ISIC_0032013,benign_keratosis-like_lesions,benign_keratosis-like_lesions,0.9861,true,true,0.9861,0.0003,0.52,0.244,107.4,light (I–II),benign_keratosis-like_lesions,benign_keratosis-like_lesions,true
ISIC_0032016,melanocytic_Nevi,melanocytic_Nevi,0.9982,true,true,0.9982,0.0,0.021,0.001,66.9,light (I–II),melanocytic_Nevi,melanocytic_Nevi,true
ISIC_0032027,melanocytic_Nevi,melanoma,0.5337,false,true,0.5337,0.7068,0.53,0.454,128.0,light (I–II),melanocytic_Nevi,melanoma,false
ISIC_0032037,melanocytic_Nevi,melanocytic_Nevi,0.937,true,true,0.937,0.0069,0.061,0.0,55.2,light (I–II),melanocytic_Nevi,melanocytic_Nevi,true
ISIC_0032048,melanocytic_Nevi,melanocytic_Nevi,0.5801,true,true,0.5801,0.2188,0.324,0.0,65.4,light (I–II),melanocytic_Nevi,melanocytic_Nevi,true
ISIC_0032050,melanocytic_Nevi,melanocytic_Nevi,0.9992,true,true,0.9992,0.0,0.109,0.003,75.8,light (I–II),melanocytic_Nevi,melanocytic_Nevi,true
ISIC_0032051,benign_keratosis-like_lesions,benign_keratosis-like_lesions,0.997,true,true,0.997,0.0,0.168,0.022,111.5,light (I–II),benign_keratosis-like_lesions,benign_keratosis-like_lesions,true
ISIC_0032072,melanoma,melanoma,0.7419,true,true,0.7419,0.0883,0.74,0.0,83.1,light (I–II),melanoma,melanoma,true
ISIC_0032080,melanocytic_Nevi,melanocytic_Nevi,0.9994,true,true,0.9994,0.0,0.038,0.037,53.8,light (I–II),melanocytic_Nevi,melanocytic_Nevi,true
ISIC_0032092,basal_cell_carcinoma,basal_cell_carcinoma,0.7632,true,true,0.7632,0.0947,0.185,0.25,69.9,light (I–II),basal_cell_carcinoma,basal_cell_carcinoma,true
ISIC_0032096,melanocytic_Nevi,benign_keratosis-like_lesions,0.9674,false,true,0.9674,1.9336,0.056,0.078,1.5,dark (V–VI),melanocytic_Nevi,benign_keratosis-like_lesions,false
ISIC_0032098,melanoma,actinic_keratoses,0.9617,false,true,0.9617,1.8927,0.565,0.009,-94.6,dark (V–VI),melanoma,actinic_keratoses,false
ISIC_0032106,melanocytic_Nevi,melanocytic_Nevi,0.9975,true,true,0.9975,0.0,0.101,0.05,22.6,medium (III–IV),melanocytic_Nevi,melanocytic_Nevi,true
ISIC_0032109,melanocytic_Nevi,melanocytic_Nevi,0.8155,true,true,0.8155,0.0552,0.316,0.0,104.5,light (I–II),melanocytic_Nevi,melanocytic_Nevi,true
ISIC_0032113,benign_keratosis-like_lesions,melanocytic_Nevi,0.5137,false,true,0.5137,1.3454,0.497,0.508,57.3,light (I–II),benign_keratosis-like_lesions,melanocytic_Nevi,false
ISIC_0032120,melanocytic_Nevi,melanocytic_Nevi,0.9997,true,true,0.9997,0.0,0.023,0.0,27.2,medium (III–IV),melanocytic_Nevi,melanocytic_Nevi,true
ISIC_0032123,benign_keratosis-like_lesions,melanocytic_Nevi,0.7748,false,true,0.7748,1.2565,0.347,0.0,83.3,light (I–II),benign_keratosis-like_lesions,melanocytic_Nevi,false
ISIC_0032136,melanocytic_Nevi,melanocytic_Nevi,0.601,true,true,0.601,0.3178,0.483,0.0,30.8,medium (III–IV),melanocytic_Nevi,melanocytic_Nevi,true
ISIC_0032138,dermatofibroma,dermatofibroma,1.0,true,true,1.0,0.0,0.534,0.611,85.7,light (I–II),dermatofibroma,dermatofibroma,true
ISIC_0032140,melanocytic_Nevi,melanocytic_Nevi,0.9859,true,true,0.9859,0.0003,0.305,0.035,88.9,light (I–II),melanocytic_Nevi,melanocytic_Nevi,true
ISIC_0032147,melanocytic_Nevi,melanocytic_Nevi,0.9935,true,true,0.9935,0.0001,0.639,0.005,65.9,light (I–II),melanocytic_Nevi,melanocytic_Nevi,true
ISIC_0032152,melanoma,melanocytic_Nevi,0.7455,false,false,0.7455,1.47,0.687,0.174,101.5,light (I–II),melanoma,melanocytic_Nevi,false
ISIC_0032156,benign_keratosis-like_lesions,benign_keratosis-like_lesions,0.9526,true,true,0.9526,0.0031,0.015,0.0,115.3,light (I–II),benign_keratosis-like_lesions,benign_keratosis-like_lesions,true
ISIC_0032160,melanocytic_Nevi,melanocytic_Nevi,0.9967,true,true,0.9967,0.0,0.163,0.012,52.3,light (I–II),melanocytic_Nevi,melanocytic_Nevi,true
ISIC_0032162,melanocytic_Nevi,melanocytic_Nevi,0.9991,true,true,0.9991,0.0,0.212,0.0,56.3,light (I–II),melanocytic_Nevi,melanocytic_Nevi,true
ISIC_0032170,benign_keratosis-like_lesions,benign_keratosis-like_lesions,0.6298,true,true,0.6298,0.2668,0.61,0.482,111.5,light (I–II),benign_keratosis-like_lesions,benign_keratosis-like_lesions,true
ISIC_0032173,actinic_keratoses,basal_cell_carcinoma,0.4787,false,false,0.4787,1.3594,0.339,0.421,65.0,light (I–II),actinic_keratoses,basal_cell_carcinoma,false
ISIC_0032174,basal_cell_carcinoma,basal_cell_carcinoma,0.8285,true,true,0.8285,0.0467,0.509,0.304,77.4,light (I–II),basal_cell_carcinoma,basal_cell_carcinoma,true
ISIC_0032182,melanoma,melanoma,0.9837,true,true,0.9837,0.0004,0.142,0.003,23.9,medium (III–IV),melanoma,melanoma,true
ISIC_0032187,melanoma,melanoma,0.9119,true,true,0.9119,0.0126,0.896,0.712,60.1,light (I–II),melanoma,melanoma,true
ISIC_0032213,melanocytic_Nevi,melanocytic_Nevi,0.9997,true,true,0.9997,0.0,0.737,0.011,68.8,light (I–II),melanocytic_Nevi,melanocytic_Nevi,true
ISIC_0032222,basal_cell_carcinoma,benign_keratosis-like_lesions,0.4864,false,true,0.4864,0.5656,0.0,0.0,111.4,light (I–II),basal_cell_carcinoma,benign_keratosis-like_lesions,false
ISIC_0032224,melanocytic_Nevi,melanocytic_Nevi,0.9437,true,true,0.9437,0.0057,0.059,0.12,47.6,light (I–II),melanocytic_Nevi,melanocytic_Nevi,true
ISIC_0032229,melanocytic_Nevi,dermatofibroma,0.7399,false,true,0.7399,1.097,0.737,0.729,40.8,medium (III–IV),melanocytic_Nevi,dermatofibroma,false
ISIC_0032249,benign_keratosis-like_lesions,benign_keratosis-like_lesions,0.7036,true,true,0.7036,0.1666,0.652,0.615,46.1,light (I–II),benign_keratosis-like_lesions,benign_keratosis-like_lesions,true
ISIC_0032251,melanocytic_Nevi,benign_keratosis-like_lesions,0.3076,false,false,0.3076,0.9551,0.0,0.116,77.6,light (I–II),melanocytic_Nevi,benign_keratosis-like_lesions,false
ISIC_0032253,melanocytic_Nevi,basal_cell_carcinoma,0.8696,false,true,0.8696,1.6866,0.313,0.137,85.9,light (I–II),melanocytic_Nevi,basal_cell_carcinoma,false
ISIC_0032255,melanocytic_Nevi,melanocytic_Nevi,1.0,true,true,1.0,0.0,0.003,0.0,64.6,light (I–II),melanocytic_Nevi,melanocytic_Nevi,true
ISIC_0032266,melanocytic_Nevi,melanocytic_Nevi,0.9861,true,true,0.9861,0.0002,0.02,0.006,67.4,light (I–II),melanocytic_Nevi,melanocytic_Nevi,true
ISIC_0032268,melanocytic_Nevi,benign_keratosis-like_lesions,0.6131,false,true,0.6131,0.9196,0.389,0.066,56.6,light (I–II),melanocytic_Nevi,benign_keratosis-like_lesions,false
ISIC_0032277,actinic_keratoses,melanoma,0.6542,false,false,0.6542,1.3767,0.646,0.652,74.6,light (I–II),actinic_keratoses,melanoma,false
ISIC_0032300,melanocytic_Nevi,melanocytic_Nevi,0.9738,true,true,0.9738,0.0014,0.399,0.0,100.5,light (I–II),melanocytic_Nevi,melanocytic_Nevi,true
ISIC_0032304,benign_keratosis-like_lesions,benign_keratosis-like_lesions,0.9337,true,true,0.9337,0.0071,0.725,0.024,154.7,light (I–II),benign_keratosis-like_lesions,benign_keratosis-like_lesions,true
ISIC_0032305,melanocytic_Nevi,melanocytic_Nevi,0.8334,true,true,0.8334,0.0551,0.0,0.133,50.2,light (I–II),melanocytic_Nevi,melanocytic_Nevi,true
ISIC_0032307,basal_cell_carcinoma,benign_keratosis-like_lesions,0.8705,false,true,0.8705,1.7516,0.749,0.845,94.6,light (I–II),basal_cell_carcinoma,benign_keratosis-like_lesions,false
ISIC_0032314,basal_cell_carcinoma,basal_cell_carcinoma,0.9973,true,true,0.9973,0.0,0.793,0.617,89.2,light (I–II),basal_cell_carcinoma,basal_cell_carcinoma,true
ISIC_0032320,melanocytic_Nevi,melanocytic_Nevi,0.9591,true,true,0.9591,0.0026,0.728,0.0,75.3,light (I–II),melanocytic_Nevi,melanocytic_Nevi,true
ISIC_0032321,melanocytic_Nevi,melanocytic_Nevi,0.9985,true,true,0.9985,0.0,0.049,0.0,89.4,light (I–II),melanocytic_Nevi,melanocytic_Nevi,true
ISIC_0032329,actinic_keratoses,melanoma,0.504,false,true,0.504,0.7694,0.48,0.086,93.8,light (I–II),actinic_keratoses,melanoma,false
ISIC_0032335,benign_keratosis-like_lesions,benign_keratosis-like_lesions,0.5323,true,true,0.5323,0.3223,0.0,0.0,80.8,light (I–II),benign_keratosis-like_lesions,benign_keratosis-like_lesions,true
ISIC_0032339,melanocytic_Nevi,melanocytic_Nevi,0.9919,true,true,0.9919,0.0001,0.08,0.175,67.9,light (I–II),melanocytic_Nevi,melanocytic_Nevi,true
ISIC_0032341,melanocytic_Nevi,melanocytic_Nevi,0.9999,true,true,0.9999,0.0,0.081,0.001,77.0,light (I–II),melanocytic_Nevi,melanocytic_Nevi,true
ISIC_0032345,melanocytic_Nevi,benign_keratosis-like_lesions,0.3794,false,true,0.3794,0.6554,0.0,0.213,112.1,light (I–II),melanocytic_Nevi,benign_keratosis-like_lesions,false
ISIC_0032367,melanocytic_Nevi,melanocytic_Nevi,0.9809,true,true,0.9809,0.0006,0.009,0.037,25.3,medium (III–IV),melanocytic_Nevi,melanocytic_Nevi,true
ISIC_0032370,melanocytic_Nevi,melanocytic_Nevi,1.0,true,true,1.0,0.0,0.298,0.0,45.0,light (I–II),melanocytic_Nevi,melanocytic_Nevi,true
ISIC_0032373,benign_keratosis-like_lesions,benign_keratosis-like_lesions,0.9963,true,true,0.9963,0.0,0.463,0.003,111.2,light (I–II),benign_keratosis-like_lesions,benign_keratosis-like_lesions,true
ISIC_0032374,melanocytic_Nevi,dermatofibroma,0.4076,false,true,0.4076,0.5337,0.398,0.316,82.0,light (I–II),melanocytic_Nevi,dermatofibroma,false
ISIC_0032381,melanocytic_Nevi,melanocytic_Nevi,0.9979,true,true,0.9979,0.0,0.019,0.146,63.2,light (I–II),melanocytic_Nevi,melanocytic_Nevi,true
ISIC_0032397,actinic_keratoses,benign_keratosis-like_lesions,0.4537,false,false,0.4537,1.3323,0.182,0.125,73.6,light (I–II),actinic_keratoses,benign_keratosis-like_lesions,false
ISIC_0032401,melanocytic_Nevi,melanocytic_Nevi,0.9996,true,true,0.9996,0.0,0.115,0.004,54.2,light (I–II),melanocytic_Nevi,melanocytic_Nevi,true
ISIC_0032402,melanocytic_Nevi,melanocytic_Nevi,0.9997,true,true,0.9997,0.0,0.108,0.003,124.1,light (I–II),melanocytic_Nevi,melanocytic_Nevi,true
ISIC_0032410,dermatofibroma,benign_keratosis-like_lesions,0.8682,false,false,0.8682,1.7421,0.484,0.465,-0.5,dark (V–VI),dermatofibroma,benign_keratosis-like_lesions,false
ISIC_0032420,melanoma,melanoma,0.4328,true,true,0.4328,0.5089,0.403,0.394,44.4,light (I–II),melanoma,melanoma,true
ISIC_0032437,actinic_keratoses,actinic_keratoses,0.9911,true,true,0.9911,0.0001,0.438,0.013,44.9,light (I–II),actinic_keratoses,actinic_keratoses,true
ISIC_0032438,melanocytic_Nevi,melanocytic_Nevi,0.9987,true,true,0.9987,0.0,0.015,0.0,79.0,light (I–II),melanocytic_Nevi,melanocytic_Nevi,true
ISIC_0032443,melanocytic_Nevi,melanocytic_Nevi,0.9995,true,true,0.9995,0.0,0.019,0.007,135.5,light (I–II),melanocytic_Nevi,melanocytic_Nevi,true
ISIC_0032451,melanocytic_Nevi,melanocytic_Nevi,0.9998,true,true,0.9998,0.0,0.065,0.001,70.0,light (I–II),melanocytic_Nevi,melanocytic_Nevi,true
ISIC_0032458,melanocytic_Nevi,melanocytic_Nevi,1.0,true,true,1.0,0.0,0.015,0.001,53.0,light (I–II),melanocytic_Nevi,melanocytic_Nevi,true
ISIC_0032459,melanocytic_Nevi,melanocytic_Nevi,0.9899,true,true,0.9899,0.0002,0.678,0.212,97.1,light (I–II),melanocytic_Nevi,melanocytic_Nevi,true
ISIC_0032471,melanocytic_Nevi,melanocytic_Nevi,0.6238,true,true,0.6238,0.2627,0.519,0.265,71.0,light (I–II),melanocytic_Nevi,melanocytic_Nevi,true
ISIC_0032482,basal_cell_carcinoma,vascular_lesions,0.625,false,true,0.625,0.8791,0.532,0.188,113.8,light (I–II),basal_cell_carcinoma,vascular_lesions,false
ISIC_0032485,melanocytic_Nevi,melanocytic_Nevi,1.0,true,true,1.0,0.0,0.077,0.002,56.5,light (I–II),melanocytic_Nevi,melanocytic_Nevi,true
ISIC_0032486,benign_keratosis-like_lesions,melanoma,0.544,false,true,0.544,1.0847,0.538,0.527,83.8,light (I–II),benign_keratosis-like_lesions,melanoma,false
ISIC_0032492,melanocytic_Nevi,melanocytic_Nevi,0.841,true,true,0.841,0.0489,0.414,0.526,90.7,light (I–II),melanocytic_Nevi,melanocytic_Nevi,true
ISIC_0032498,benign_keratosis-like_lesions,benign_keratosis-like_lesions,0.9509,true,true,0.9509,0.0034,0.694,0.481,48.3,light (I–II),benign_keratosis-like_lesions,benign_keratosis-like_lesions,true
ISIC_0032499,melanocytic_Nevi,melanocytic_Nevi,0.9999,true,true,0.9999,0.0,0.337,0.002,79.3,light (I–II),melanocytic_Nevi,melanocytic_Nevi,true
ISIC_0032513,benign_keratosis-like_lesions,melanoma,0.5002,false,true,0.5002,0.9291,0.495,0.0,40.7,medium (III–IV),benign_keratosis-like_lesions,melanoma,false
ISIC_0032526,melanoma,melanoma,0.7815,true,true,0.7815,0.095,0.77,0.0,93.7,light (I–II),melanoma,melanoma,true
ISIC_0032536,basal_cell_carcinoma,basal_cell_carcinoma,0.5951,true,true,0.5951,0.2221,0.516,0.0,86.8,light (I–II),basal_cell_carcinoma,basal_cell_carcinoma,true
ISIC_0032542,melanocytic_Nevi,melanocytic_Nevi,0.6945,true,true,0.6945,0.1866,0.0,0.209,97.1,light (I–II),melanocytic_Nevi,melanocytic_Nevi,true
ISIC_0032550,melanoma,melanoma,0.9816,true,true,0.9816,0.0006,0.955,0.009,122.7,light (I–II),melanoma,melanoma,true
ISIC_0032559,melanoma,benign_keratosis-like_lesions,0.3892,false,true,0.3892,0.8745,0.327,0.0,106.5,light (I–II),melanoma,benign_keratosis-like_lesions,false
ISIC_0032564,melanoma,melanoma,0.4525,true,true,0.4525,0.4245,0.452,0.32,108.6,light (I–II),melanoma,melanoma,true
ISIC_0032567,benign_keratosis-like_lesions,benign_keratosis-like_lesions,0.5203,true,true,0.5203,0.3391,0.309,0.327,112.1,light (I–II),benign_keratosis-like_lesions,benign_keratosis-like_lesions,true
ISIC_0032571,melanocytic_Nevi,melanocytic_Nevi,0.9612,true,true,0.9612,0.003,0.546,0.034,104.4,light (I–II),melanocytic_Nevi,melanocytic_Nevi,true
ISIC_0032579,melanocytic_Nevi,melanocytic_Nevi,0.933,true,true,0.933,0.0067,0.227,0.072,115.2,light (I–II),melanocytic_Nevi,melanocytic_Nevi,true
ISIC_0032583,melanoma,melanocytic_Nevi,0.5464,false,true,0.5464,0.8697,0.32,0.056,88.9,light (I–II),melanoma,melanocytic_Nevi,false
ISIC_0032589,melanocytic_Nevi,melanocytic_Nevi,0.8819,true,true,0.8819,0.0278,0.03,0.016,110.4,light (I–II),melanocytic_Nevi,melanocytic_Nevi,true
ISIC_0032591,melanocytic_Nevi,melanocytic_Nevi,0.7267,true,true,0.7267,0.1493,0.047,0.0,99.0,light (I–II),melanocytic_Nevi,melanocytic_Nevi,true
ISIC_0032593,melanocytic_Nevi,melanocytic_Nevi,0.8849,true,true,0.8849,0.0265,0.0,0.0,120.7,light (I–II),melanocytic_Nevi,melanocytic_Nevi,true
ISIC_0032594,melanocytic_Nevi,melanocytic_Nevi,0.8429,true,true,0.8429,0.0487,0.595,0.018,127.8,light (I–II),melanocytic_Nevi,melanocytic_Nevi,true
ISIC_0032611,basal_cell_carcinoma,actinic_keratoses,0.61,false,true,0.61,1.1754,0.497,0.402,104.1,light (I–II),basal_cell_carcinoma,actinic_keratoses,false
ISIC_0032618,benign_keratosis-like_lesions,melanoma,0.8005,false,true,0.8005,1.435,0.791,0.0,81.2,light (I–II),benign_keratosis-like_lesions,melanoma,false
ISIC_0032619,melanocytic_Nevi,melanocytic_Nevi,0.4588,true,true,0.4588,0.3889,0.377,0.018,63.3,light (I–II),melanocytic_Nevi,melanocytic_Nevi,true
ISIC_0032627,melanocytic_Nevi,melanoma,0.5872,false,true,0.5872,0.6915,0.417,0.0,135.6,light (I–II),melanocytic_Nevi,melanoma,false
ISIC_0032657,melanocytic_Nevi,melanocytic_Nevi,0.9858,true,true,0.9858,0.0004,0.173,0.005,127.7,light (I–II),melanocytic_Nevi,melanocytic_Nevi,true
ISIC_0032658,melanocytic_Nevi,melanocytic_Nevi,0.9744,true,true,0.9744,0.0011,0.351,0.024,97.9,light (I–II),melanocytic_Nevi,melanocytic_Nevi,true
ISIC_0032663,melanocytic_Nevi,melanocytic_Nevi,0.9532,true,true,0.9532,0.0039,0.38,0.0,98.4,light (I–II),melanocytic_Nevi,melanocytic_Nevi,true
ISIC_0032664,melanocytic_Nevi,melanocytic_Nevi,0.8073,true,true,0.8073,0.0554,0.771,0.0,106.5,light (I–II),melanocytic_Nevi,melanocytic_Nevi,true
ISIC_0032672,melanoma,melanoma,0.9054,true,true,0.9054,0.0134,0.898,0.817,104.2,light (I–II),melanoma,melanoma,true
ISIC_0032684,melanoma,melanoma,0.9771,true,true,0.9771,0.001,0.975,0.127,89.5,light (I–II),melanoma,melanoma,true
ISIC_0032685,melanoma,melanoma,0.7085,true,true,0.7085,0.1496,0.693,0.629,99.4,light (I–II),melanoma,melanoma,true
ISIC_0032699,melanoma,melanoma,0.5083,true,true,0.5083,0.4304,0.502,0.132,57.9,light (I–II),melanoma,melanoma,true
ISIC_0032710,melanocytic_Nevi,melanocytic_Nevi,0.7707,true,true,0.7707,0.1048,0.0,0.0,117.1,light (I–II),melanocytic_Nevi,melanocytic_Nevi,true
ISIC_0032712,melanocytic_Nevi,melanocytic_Nevi,0.74,true,true,0.74,0.1351,0.0,0.0,109.2,light (I–II),melanocytic_Nevi,melanocytic_Nevi,true
ISIC_0032716,melanoma,melanoma,0.8051,true,true,0.8051,0.076,0.803,0.793,92.4,light (I–II),melanoma,melanoma,true
ISIC_0032717,melanocytic_Nevi,melanocytic_Nevi,0.6985,true,true,0.6985,0.1818,0.0,0.0,108.7,light (I–II),melanocytic_Nevi,melanocytic_Nevi,true
ISIC_0032725,benign_keratosis-like_lesions,benign_keratosis-like_lesions,0.6024,true,true,0.6024,0.2713,0.0,0.0,79.0,light (I–II),benign_keratosis-like_lesions,benign_keratosis-like_lesions,true
ISIC_0032726,melanoma,benign_keratosis-like_lesions,0.8991,false,true,0.8991,1.7089,0.881,0.495,-96.4,dark (V–VI),melanoma,benign_keratosis-like_lesions,false
ISIC_0032733,melanoma,benign_keratosis-like_lesions,0.9229,false,true,0.9229,1.7368,0.753,0.431,129.4,light (I–II),melanoma,benign_keratosis-like_lesions,false
ISIC_0032735,melanocytic_Nevi,melanocytic_Nevi,0.8944,true,true,0.8944,0.0219,0.0,0.0,-90.0,dark (V–VI),melanocytic_Nevi,melanocytic_Nevi,true
ISIC_0032749,melanocytic_Nevi,benign_keratosis-like_lesions,0.4693,false,true,0.4693,0.6317,0.261,0.0,90.7,light (I–II),melanocytic_Nevi,benign_keratosis-like_lesions,false
ISIC_0032756,benign_keratosis-like_lesions,melanoma,0.4105,false,true,0.4105,0.6835,0.397,0.0,172.3,light (I–II),benign_keratosis-like_lesions,melanoma,false
ISIC_0032761,melanocytic_Nevi,melanocytic_Nevi,0.9702,true,true,0.9702,0.0018,0.257,0.033,106.2,light (I–II),melanocytic_Nevi,melanocytic_Nevi,true
ISIC_0032762,melanocytic_Nevi,melanoma,0.488,false,true,0.488,0.6416,0.471,0.326,114.7,light (I–II),melanocytic_Nevi,melanoma,false
ISIC_0032784,melanocytic_Nevi,melanocytic_Nevi,0.9549,true,true,0.9549,0.0038,0.075,0.051,117.7,light (I–II),melanocytic_Nevi,melanocytic_Nevi,true
ISIC_0032796,melanocytic_Nevi,melanocytic_Nevi,0.7121,true,true,0.7121,0.1409,0.277,0.0,117.1,light (I–II),melanocytic_Nevi,melanocytic_Nevi,true
ISIC_0032808,basal_cell_carcinoma,basal_cell_carcinoma,0.9603,true,true,0.9603,0.0027,0.933,0.085,32.9,medium (III–IV),basal_cell_carcinoma,basal_cell_carcinoma,true
ISIC_0032828,melanocytic_Nevi,melanocytic_Nevi,0.5819,true,true,0.5819,0.3494,0.0,0.049,99.3,light (I–II),melanocytic_Nevi,melanocytic_Nevi,true
ISIC_0032831,melanocytic_Nevi,melanoma,0.9912,false,true,0.9912,1.9668,0.974,0.891,49.6,light (I–II),melanocytic_Nevi,melanoma,false
ISIC_0032834,basal_cell_carcinoma,melanoma,0.4752,false,true,0.4752,1.0311,0.472,0.0,100.9,light (I–II),basal_cell_carcinoma,melanoma,false
ISIC_0032835,benign_keratosis-like_lesions,melanoma,0.6548,false,true,0.6548,1.046,0.65,0.211,-29.4,dark (V–VI),benign_keratosis-like_lesions,melanoma,false
ISIC_0032842,benign_keratosis-like_lesions,melanocytic_Nevi,0.7427,false,true,0.7427,1.4102,0.727,0.0,9.3,dark (V–VI),benign_keratosis-like_lesions,melanocytic_Nevi,false
ISIC_0032850,basal_cell_carcinoma,basal_cell_carcinoma,0.9921,true,true,0.9921,0.0001,0.946,0.093,102.3,light (I–II),basal_cell_carcinoma,basal_cell_carcinoma,true
ISIC_0032864,melanocytic_Nevi,melanocytic_Nevi,0.9874,true,true,0.9874,0.0003,0.217,0.0,114.3,light (I–II),melanocytic_Nevi,melanocytic_Nevi,true
ISIC_0032865,melanocytic_Nevi,melanocytic_Nevi,0.97,true,true,0.97,0.0018,0.149,0.0,108.6,light (I–II),melanocytic_Nevi,melanocytic_Nevi,true
ISIC_0032871,melanocytic_Nevi,melanoma,0.5979,false,true,0.5979,0.7151,0.596,0.43,111.0,light (I–II),melanocytic_Nevi,melanoma,false
ISIC_0032881,melanocytic_Nevi,melanocytic_Nevi,0.8508,true,true,0.8508,0.0439,0.648,0.043,106.7,light (I–II),melanocytic_Nevi,melanocytic_Nevi,true
ISIC_0032894,basal_cell_carcinoma,basal_cell_carcinoma,0.5432,true,true,0.5432,0.2992,0.159,0.277,107.6,light (I–II),basal_cell_carcinoma,basal_cell_carcinoma,true
ISIC_0032897,actinic_keratoses,dermatofibroma,0.532,false,false,0.532,1.2951,0.527,0.528,80.2,light (I–II),actinic_keratoses,dermatofibroma,false
ISIC_0032898,benign_keratosis-like_lesions,melanoma,0.5628,false,true,0.5628,0.8008,0.556,0.509,118.8,light (I–II),benign_keratosis-like_lesions,melanoma,false
ISIC_0032902,melanocytic_Nevi,melanocytic_Nevi,0.9335,true,true,0.9335,0.008,0.142,0.0,105.9,light (I–II),melanocytic_Nevi,melanocytic_Nevi,true
ISIC_0032903,melanoma,actinic_keratoses,0.4915,false,true,0.4915,0.6898,0.0,0.0,110.1,light (I–II),melanoma,actinic_keratoses,false
ISIC_0032904,melanocytic_Nevi,melanocytic_Nevi,0.9984,true,true,0.9984,0.0,0.157,0.0,87.1,light (I–II),melanocytic_Nevi,melanocytic_Nevi,true
ISIC_0032915,melanoma,melanoma,0.5846,true,true,0.5846,0.327,0.366,0.0,113.3,light (I–II),melanoma,melanoma,true
ISIC_0032917,melanoma,melanoma,0.9996,true,true,0.9996,0.0,0.698,0.022,87.4,light (I–II),melanoma,melanoma,true
ISIC_0032922,melanoma,melanoma,0.9724,true,true,0.9724,0.0011,0.909,0.799,77.6,light (I–II),melanoma,melanoma,true
ISIC_0032925,melanoma,melanoma,0.9797,true,true,0.9797,0.0008,0.973,0.73,84.7,light (I–II),melanoma,melanoma,true
ISIC_0032930,melanocytic_Nevi,melanocytic_Nevi,0.8511,true,true,0.8511,0.0347,0.0,0.0,101.9,light (I–II),melanocytic_Nevi,melanocytic_Nevi,true
ISIC_0032946,melanocytic_Nevi,melanocytic_Nevi,0.9934,true,true,0.9934,0.0001,0.099,0.264,113.8,light (I–II),melanocytic_Nevi,melanocytic_Nevi,true
ISIC_0032948,melanocytic_Nevi,melanocytic_Nevi,0.8483,true,true,0.8483,0.0416,0.014,0.0,100.0,light (I–II),melanocytic_Nevi,melanocytic_Nevi,true
ISIC_0032954,melanocytic_Nevi,melanocytic_Nevi,0.7645,true,true,0.7645,0.1061,0.035,0.0,167.3,light (I–II),melanocytic_Nevi,melanocytic_Nevi,true
ISIC_0032957,melanocytic_Nevi,melanocytic_Nevi,0.9418,true,true,0.9418,0.0046,0.526,0.179,100.3,light (I–II),melanocytic_Nevi,melanocytic_Nevi,true
ISIC_0032958,melanoma,melanoma,0.9552,true,true,0.9552,0.0038,0.841,0.283,83.0,light (I–II),melanoma,melanoma,true
ISIC_0032965,melanoma,melanoma,0.9964,true,true,0.9964,0.0,0.948,0.042,102.7,light (I–II),melanoma,melanoma,true
ISIC_0032967,benign_keratosis-like_lesions,melanoma,0.4835,false,true,0.4835,0.9248,0.447,0.288,118.2,light (I–II),benign_keratosis-like_lesions,melanoma,false
ISIC_0032969,melanocytic_Nevi,melanoma,0.5492,false,true,0.5492,0.6129,0.541,0.457,52.2,light (I–II),melanocytic_Nevi,melanoma,false
ISIC_0032994,melanocytic_Nevi,melanocytic_Nevi,0.82,true,true,0.82,0.0641,0.084,0.082,99.9,light (I–II),melanocytic_Nevi,melanocytic_Nevi,true
ISIC_0032996,melanocytic_Nevi,melanocytic_Nevi,0.9839,true,true,0.9839,0.0005,0.33,0.0,94.4,light (I–II),melanocytic_Nevi,melanocytic_Nevi,true
ISIC_0032997,benign_keratosis-like_lesions,melanocytic_Nevi,0.6749,false,true,0.6749,0.9917,0.0,0.0,104.9,light (I–II),benign_keratosis-like_lesions,melanocytic_Nevi,false
ISIC_0033010,melanocytic_Nevi,melanocytic_Nevi,0.594,true,true,0.594,0.3296,0.0,0.104,126.3,light (I–II),melanocytic_Nevi,melanocytic_Nevi,true
ISIC_0033012,basal_cell_carcinoma,basal_cell_carcinoma,0.5561,true,true,0.5561,0.2434,0.218,0.0,92.1,light (I–II),basal_cell_carcinoma,basal_cell_carcinoma,true
ISIC_0033024,melanoma,melanocytic_Nevi,0.4025,false,true,0.4025,0.6302,0.0,0.0,105.3,light (I–II),melanoma,melanocytic_Nevi,false
ISIC_0033025,melanocytic_Nevi,melanocytic_Nevi,0.9852,true,true,0.9852,0.0004,0.022,0.054,102.3,light (I–II),melanocytic_Nevi,melanocytic_Nevi,true
ISIC_0033030,melanocytic_Nevi,melanocytic_Nevi,0.9736,true,true,0.9736,0.0014,0.033,0.002,109.7,light (I–II),melanocytic_Nevi,melanocytic_Nevi,true
ISIC_0033039,melanocytic_Nevi,melanocytic_Nevi,0.989,true,true,0.989,0.0002,0.369,0.001,98.9,light (I–II),melanocytic_Nevi,melanocytic_Nevi,true
ISIC_0033048,melanocytic_Nevi,melanocytic_Nevi,0.9611,true,true,0.9611,0.0029,0.56,0.0,134.3,light (I–II),melanocytic_Nevi,melanocytic_Nevi,true
ISIC_0033051,melanoma,benign_keratosis-like_lesions,0.455,false,true,0.455,0.8256,0.104,0.009,10.3,dark (V–VI),melanoma,benign_keratosis-like_lesions,false
ISIC_0033053,melanocytic_Nevi,melanocytic_Nevi,0.976,true,true,0.976,0.0011,0.1,0.0,108.9,light (I–II),melanocytic_Nevi,melanocytic_Nevi,true
ISIC_0033056,benign_keratosis-like_lesions,melanocytic_Nevi,0.5142,false,true,0.5142,0.5825,0.0,0.443,91.0,light (I–II),benign_keratosis-like_lesions,melanocytic_Nevi,false
ISIC_0033060,benign_keratosis-like_lesions,melanocytic_Nevi,0.4927,false,true,0.4927,0.5024,0.249,0.0,107.5,light (I–II),benign_keratosis-like_lesions,melanocytic_Nevi,false
ISIC_0033061,melanoma,melanoma,0.471,true,true,0.471,0.3609,0.443,0.0,74.7,light (I–II),melanoma,melanoma,true
ISIC_0033069,melanocytic_Nevi,melanocytic_Nevi,0.8554,true,true,0.8554,0.0408,0.682,0.0,112.6,light (I–II),melanocytic_Nevi,melanocytic_Nevi,true
ISIC_0033080,melanocytic_Nevi,melanocytic_Nevi,0.9346,true,true,0.9346,0.008,0.214,0.234,115.8,light (I–II),melanocytic_Nevi,melanocytic_Nevi,true
ISIC_0033085,melanocytic_Nevi,melanocytic_Nevi,0.8985,true,true,0.8985,0.0205,0.076,0.0,118.5,light (I–II),melanocytic_Nevi,melanocytic_Nevi,true
ISIC_0033088,benign_keratosis-like_lesions,benign_keratosis-like_lesions,0.5512,true,true,0.5512,0.3165,0.498,0.516,107.9,light (I–II),benign_keratosis-like_lesions,benign_keratosis-like_lesions,true
ISIC_0033104,melanocytic_Nevi,melanocytic_Nevi,0.9402,true,true,0.9402,0.0071,0.157,0.089,121.9,light (I–II),melanocytic_Nevi,melanocytic_Nevi,true
ISIC_0033111,melanocytic_Nevi,melanoma,0.6283,false,true,0.6283,0.8112,0.622,0.126,134.4,light (I–II),melanocytic_Nevi,melanoma,false
ISIC_0033114,melanoma,melanoma,0.6277,true,true,0.6277,0.2012,0.571,0.0,102.4,light (I–II),melanoma,melanoma,true
ISIC_0033117,melanoma,melanoma,0.7465,true,true,0.7465,0.127,0.745,0.302,60.8,light (I–II),melanoma,melanoma,true
ISIC_0033123,vascular_lesions,vascular_lesions,1.0,true,true,1.0,0.0,0.88,0.0,85.9,light (I–II),vascular_lesions,vascular_lesions,true
ISIC_0033124,benign_keratosis-like_lesions,benign_keratosis-like_lesions,0.8669,true,true,0.8669,0.0343,0.749,0.136,60.1,light (I–II),benign_keratosis-like_lesions,benign_keratosis-like_lesions,true
ISIC_0033136,melanocytic_Nevi,melanocytic_Nevi,0.9266,true,true,0.9266,0.0074,0.434,0.0,114.1,light (I–II),melanocytic_Nevi,melanocytic_Nevi,true
ISIC_0033145,melanocytic_Nevi,melanocytic_Nevi,0.9431,true,true,0.9431,0.0047,0.284,0.0,61.4,light (I–II),melanocytic_Nevi,melanocytic_Nevi,true
ISIC_0033147,melanocytic_Nevi,melanoma,0.5381,false,true,0.5381,0.8116,0.467,0.482,145.3,light (I–II),melanocytic_Nevi,melanoma,false
ISIC_0033153,melanocytic_Nevi,melanocytic_Nevi,0.9863,true,true,0.9863,0.0003,0.105,0.005,114.8,light (I–II),melanocytic_Nevi,melanocytic_Nevi,true
ISIC_0033160,melanocytic_Nevi,melanocytic_Nevi,0.9614,true,true,0.9614,0.003,0.082,0.03,107.1,light (I–II),melanocytic_Nevi,melanocytic_Nevi,true
ISIC_0033161,melanocytic_Nevi,melanocytic_Nevi,0.9657,true,true,0.9657,0.0019,0.533,0.248,116.0,light (I–II),melanocytic_Nevi,melanocytic_Nevi,true
ISIC_0033163,melanocytic_Nevi,melanoma,0.6382,false,true,0.6382,0.8146,0.612,0.0,114.7,light (I–II),melanocytic_Nevi,melanoma,false
ISIC_0033164,melanocytic_Nevi,melanocytic_Nevi,0.9475,true,true,0.9475,0.0055,0.062,0.0,99.4,light (I–II),melanocytic_Nevi,melanocytic_Nevi,true
ISIC_0033166,melanoma,melanocytic_Nevi,0.8826,false,true,0.8826,1.5853,0.749,0.258,62.1,light (I–II),melanoma,melanocytic_Nevi,false
ISIC_0033171,melanoma,melanoma,0.9698,true,true,0.9698,0.0018,0.944,0.182,66.0,light (I–II),melanoma,melanoma,true
ISIC_0033183,melanoma,benign_keratosis-like_lesions,0.6243,false,true,0.6243,0.8691,0.611,0.09,105.6,light (I–II),melanoma,benign_keratosis-like_lesions,false
ISIC_0033189,melanocytic_Nevi,melanocytic_Nevi,0.9558,true,true,0.9558,0.0037,0.0,0.038,124.6,light (I–II),melanocytic_Nevi,melanocytic_Nevi,true
ISIC_0033194,melanocytic_Nevi,melanocytic_Nevi,0.9751,true,true,0.9751,0.001,0.229,0.171,88.3,light (I–II),melanocytic_Nevi,melanocytic_Nevi,true
ISIC_0033209,melanoma,actinic_keratoses,0.9253,false,true,0.9253,1.7756,0.0,0.017,70.4,light (I–II),melanoma,actinic_keratoses,false
ISIC_0033215,melanocytic_Nevi,melanocytic_Nevi,0.6965,true,true,0.6965,0.1341,0.11,0.0,-90.0,dark (V–VI),melanocytic_Nevi,melanocytic_Nevi,true
ISIC_0033221,melanocytic_Nevi,melanocytic_Nevi,0.9442,true,true,0.9442,0.0062,0.019,0.0,134.5,light (I–II),melanocytic_Nevi,melanocytic_Nevi,true
ISIC_0033230,vascular_lesions,vascular_lesions,0.8125,true,true,0.8125,0.052,0.811,0.812,90.4,light (I–II),vascular_lesions,vascular_lesions,true
ISIC_0033234,melanocytic_Nevi,melanocytic_Nevi,0.9944,true,true,0.9944,0.0001,0.111,0.004,113.8,light (I–II),melanocytic_Nevi,melanocytic_Nevi,true
ISIC_0033242,melanocytic_Nevi,melanocytic_Nevi,0.6276,true,true,0.6276,0.2064,0.487,0.301,72.0,light (I–II),melanocytic_Nevi,melanocytic_Nevi,true
ISIC_0033248,basal_cell_carcinoma,basal_cell_carcinoma,0.8161,true,true,0.8161,0.0476,0.0,0.379,95.4,light (I–II),basal_cell_carcinoma,basal_cell_carcinoma,true
ISIC_0033250,melanocytic_Nevi,melanocytic_Nevi,0.8526,true,true,0.8526,0.0417,0.141,0.446,99.6,light (I–II),melanocytic_Nevi,melanocytic_Nevi,true
ISIC_0033263,melanocytic_Nevi,melanocytic_Nevi,0.9254,true,true,0.9254,0.0078,0.68,0.592,82.6,light (I–II),melanocytic_Nevi,melanocytic_Nevi,true
ISIC_0033264,benign_keratosis-like_lesions,melanoma,0.6193,false,true,0.6193,1.1081,0.61,0.529,70.5,light (I–II),benign_keratosis-like_lesions,melanoma,false
ISIC_0033271,basal_cell_carcinoma,basal_cell_carcinoma,0.9141,true,true,0.9141,0.0113,0.531,0.17,103.0,light (I–II),basal_cell_carcinoma,basal_cell_carcinoma,true
ISIC_0033272,melanoma,benign_keratosis-like_lesions,0.7664,false,true,0.7664,1.4808,0.528,0.315,100.6,light (I–II),melanoma,benign_keratosis-like_lesions,false
ISIC_0033293,melanocytic_Nevi,melanocytic_Nevi,0.9756,true,true,0.9756,0.0012,0.02,0.196,87.3,light (I–II),melanocytic_Nevi,melanocytic_Nevi,true
ISIC_0033294,melanocytic_Nevi,melanoma,0.827,false,true,0.827,1.3693,0.815,0.087,110.3,light (I–II),melanocytic_Nevi,melanoma,false
ISIC_0033312,melanoma,melanoma,0.8818,true,true,0.8818,0.0278,0.709,0.078,77.7,light (I–II),melanoma,melanoma,true
ISIC_0033315,melanocytic_Nevi,melanocytic_Nevi,0.8088,true,true,0.8088,0.0729,0.2,0.115,105.3,light (I–II),melanocytic_Nevi,melanocytic_Nevi,true
ISIC_0033317,melanoma,melanoma,0.6253,true,true,0.6253,0.2145,0.607,0.303,-72.5,dark (V–VI),melanoma,melanoma,true
ISIC_0033320,melanoma,melanocytic_Nevi,0.5858,false,true,0.5858,0.688,0.2,0.0,93.1,light (I–II),melanoma,melanocytic_Nevi,false
ISIC_0033323,melanoma,melanoma,0.618,true,true,0.618,0.2157,0.607,0.016,96.8,light (I–II),melanoma,melanoma,true
ISIC_0033324,melanoma,melanoma,0.9825,true,true,0.9825,0.0005,0.921,0.19,-30.8,dark (V–VI),melanoma,melanoma,true
ISIC_0033327,melanocytic_Nevi,melanoma,0.8978,false,true,0.8978,1.6128,0.888,0.857,108.7,light (I–II),melanocytic_Nevi,melanoma,false
ISIC_0033331,melanocytic_Nevi,melanocytic_Nevi,0.8452,true,true,0.8452,0.0478,0.268,0.0,158.1,light (I–II),melanocytic_Nevi,melanocytic_Nevi,true
ISIC_0033334,melanocytic_Nevi,melanocytic_Nevi,0.9902,true,true,0.9902,0.0001,0.675,0.005,100.1,light (I–II),melanocytic_Nevi,melanocytic_Nevi,true
ISIC_0033338,melanocytic_Nevi,melanocytic_Nevi,0.7671,true,true,0.7671,0.1033,0.743,0.304,106.0,light (I–II),melanocytic_Nevi,melanocytic_Nevi,true
ISIC_0033340,melanocytic_Nevi,melanocytic_Nevi,0.9741,true,true,0.9741,0.0011,0.209,0.0,117.4,light (I–II),melanocytic_Nevi,melanocytic_Nevi,true
ISIC_0033343,melanocytic_Nevi,melanocytic_Nevi,0.9896,true,true,0.9896,0.0002,0.247,0.041,128.7,light (I–II),melanocytic_Nevi,melanocytic_Nevi,true
ISIC_0033348,melanocytic_Nevi,melanocytic_Nevi,0.9488,true,true,0.9488,0.0048,0.373,0.0,110.8,light (I–II),melanocytic_Nevi,melanocytic_Nevi,true
ISIC_0033350,melanocytic_Nevi,melanocytic_Nevi,0.7962,true,true,0.7962,0.083,0.033,0.0,119.5,light (I–II),melanocytic_Nevi,melanocytic_Nevi,true
ISIC_0033371,melanocytic_Nevi,melanocytic_Nevi,0.9427,true,true,0.9427,0.0061,0.0,0.496,124.7,light (I–II),melanocytic_Nevi,melanocytic_Nevi,true
ISIC_0033373,melanocytic_Nevi,benign_keratosis-like_lesions,0.7166,false,true,0.7166,1.0583,0.649,0.684,103.4,light (I–II),melanocytic_Nevi,benign_keratosis-like_lesions,false
ISIC_0033375,melanocytic_Nevi,melanocytic_Nevi,0.9958,true,true,0.9958,0.0,0.086,0.006,119.6,light (I–II),melanocytic_Nevi,melanocytic_Nevi,true
ISIC_0033377,melanoma,melanoma,0.6069,true,true,0.6069,0.2665,0.52,0.517,113.2,light (I–II),melanoma,melanoma,true
ISIC_0033381,melanocytic_Nevi,melanocytic_Nevi,0.9156,true,true,0.9156,0.0126,0.138,0.105,110.1,light (I–II),melanocytic_Nevi,melanocytic_Nevi,true
ISIC_0033382,melanocytic_Nevi,basal_cell_carcinoma,0.3565,false,true,0.3565,0.6112,0.34,0.331,-98.2,dark (V–VI),melanocytic_Nevi,basal_cell_carcinoma,false
ISIC_0033385,melanocytic_Nevi,melanoma,0.8987,false,true,0.8987,1.6507,0.822,0.006,97.1,light (I–II),melanocytic_Nevi,melanoma,false
ISIC_0033389,melanocytic_Nevi,melanocytic_Nevi,0.8199,true,true,0.8199,0.0554,0.536,0.207,101.8,light (I–II),melanocytic_Nevi,melanocytic_Nevi,true
ISIC_0033407,melanocytic_Nevi,melanocytic_Nevi,0.7771,true,true,0.7771,0.0992,0.571,0.049,112.8,light (I–II),melanocytic_Nevi,melanocytic_Nevi,true
ISIC_0033410,benign_keratosis-like_lesions,benign_keratosis-like_lesions,0.5076,true,true,0.5076,0.4134,0.0,0.0,-73.4,dark (V–VI),benign_keratosis-like_lesions,benign_keratosis-like_lesions,true
ISIC_0033411,melanocytic_Nevi,melanocytic_Nevi,0.4385,true,true,0.4385,0.4359,0.0,0.0,103.6,light (I–II),melanocytic_Nevi,melanocytic_Nevi,true
ISIC_0033423,melanocytic_Nevi,melanocytic_Nevi,0.9915,true,true,0.9915,0.0001,0.151,0.013,104.3,light (I–II),melanocytic_Nevi,melanocytic_Nevi,true
ISIC_0033443,melanocytic_Nevi,melanocytic_Nevi,0.9317,true,true,0.9317,0.0093,0.071,0.117,98.0,light (I–II),melanocytic_Nevi,melanocytic_Nevi,true
ISIC_0033459,melanocytic_Nevi,melanocytic_Nevi,0.5227,true,true,0.5227,0.4547,0.445,0.443,110.1,light (I–II),melanocytic_Nevi,melanocytic_Nevi,true
ISIC_0033460,benign_keratosis-like_lesions,melanoma,0.4989,false,true,0.4989,0.5212,0.48,0.306,119.1,light (I–II),benign_keratosis-like_lesions,melanoma,false
ISIC_0033461,melanocytic_Nevi,melanocytic_Nevi,0.6006,true,true,0.6006,0.253,0.542,0.0,139.5,light (I–II),melanocytic_Nevi,melanocytic_Nevi,true
ISIC_0033468,basal_cell_carcinoma,melanoma,0.8567,false,false,0.8567,1.7347,0.808,0.556,87.4,light (I–II),basal_cell_carcinoma,melanoma,false
ISIC_0033470,melanoma,melanoma,0.9149,true,true,0.9149,0.0124,0.911,0.768,115.4,light (I–II),melanoma,melanoma,true
ISIC_0033471,melanocytic_Nevi,melanoma,0.9651,false,true,0.9651,1.8781,0.939,0.414,85.2,light (I–II),melanocytic_Nevi,melanoma,false
ISIC_0033480,benign_keratosis-like_lesions,melanoma,0.872,false,true,0.872,1.6144,0.803,0.486,83.4,light (I–II),benign_keratosis-like_lesions,melanoma,false
ISIC_0033483,basal_cell_carcinoma,melanoma,0.3835,false,true,0.3835,0.9644,0.378,0.259,75.7,light (I–II),basal_cell_carcinoma,melanoma,false
ISIC_0033488,benign_keratosis-like_lesions,melanocytic_Nevi,0.8788,false,true,0.8788,1.6673,0.0,0.386,105.0,light (I–II),benign_keratosis-like_lesions,melanocytic_Nevi,false
ISIC_0033495,melanocytic_Nevi,melanocytic_Nevi,0.7734,true,true,0.7734,0.0962,0.408,0.407,133.0,light (I–II),melanocytic_Nevi,melanocytic_Nevi,true
ISIC_0033497,melanocytic_Nevi,melanocytic_Nevi,0.9527,true,true,0.9527,0.004,0.645,0.0,152.1,light (I–II),melanocytic_Nevi,melanocytic_Nevi,true
ISIC_0033499,basal_cell_carcinoma,basal_cell_carcinoma,0.6955,true,true,0.6955,0.15,0.186,0.596,100.1,light (I–II),basal_cell_carcinoma,basal_cell_carcinoma,true
ISIC_0033502,melanocytic_Nevi,melanocytic_Nevi,0.9937,true,true,0.9937,0.0,0.046,0.036,137.0,light (I–II),melanocytic_Nevi,melanocytic_Nevi,true
ISIC_0033505,benign_keratosis-like_lesions,melanocytic_Nevi,0.5825,false,true,0.5825,0.805,0.428,0.271,77.2,light (I–II),benign_keratosis-like_lesions,melanocytic_Nevi,false
ISIC_0033506,melanocytic_Nevi,melanocytic_Nevi,0.9914,true,true,0.9914,0.0001,0.123,0.0,-162.4,dark (V–VI),melanocytic_Nevi,melanocytic_Nevi,true
ISIC_0033529,benign_keratosis-like_lesions,benign_keratosis-like_lesions,0.8659,true,true,0.8659,0.0278,0.208,0.075,123.8,light (I–II),benign_keratosis-like_lesions,benign_keratosis-like_lesions,true
ISIC_0033533,melanoma,melanoma,0.7518,true,true,0.7518,0.0872,0.65,0.391,118.0,light (I–II),melanoma,melanoma,true
ISIC_0033538,melanoma,melanoma,0.7543,true,true,0.7543,0.1183,0.593,0.631,73.0,light (I–II),melanoma,melanoma,true
ISIC_0033546,melanoma,melanocytic_Nevi,0.526,false,true,0.526,0.5537,0.0,0.0,137.3,light (I–II),melanoma,melanocytic_Nevi,false
ISIC_0033556,melanocytic_Nevi,melanocytic_Nevi,0.8456,true,true,0.8456,0.0475,0.451,0.0,95.6,light (I–II),melanocytic_Nevi,melanocytic_Nevi,true
ISIC_0033559,melanoma,melanoma,0.917,true,true,0.917,0.0107,0.901,0.535,-14.3,dark (V–VI),melanoma,melanoma,true
ISIC_0033560,melanoma,melanoma,0.9171,true,true,0.9171,0.0128,0.912,0.035,126.0,light (I–II),melanoma,melanoma,true
ISIC_0033564,melanocytic_Nevi,melanoma,0.5597,false,true,0.5597,0.6334,0.465,0.292,106.5,light (I–II),melanocytic_Nevi,melanoma,false
ISIC_0033565,vascular_lesions,vascular_lesions,1.0,true,true,1.0,0.0,0.002,0.001,84.0,light (I–II),vascular_lesions,vascular_lesions,true
ISIC_0033575,basal_cell_carcinoma,basal_cell_carcinoma,0.6758,true,true,0.6758,0.1332,0.512,0.317,100.6,light (I–II),basal_cell_carcinoma,basal_cell_carcinoma,true
ISIC_0033578,melanoma,melanoma,0.653,true,true,0.653,0.1775,0.648,0.0,81.2,light (I–II),melanoma,melanoma,true
ISIC_0033589,melanocytic_Nevi,melanocytic_Nevi,0.6081,true,true,0.6081,0.3059,0.493,0.115,123.0,light (I–II),melanocytic_Nevi,melanocytic_Nevi,true
ISIC_0033600,melanocytic_Nevi,melanocytic_Nevi,0.9875,true,true,0.9875,0.0003,0.024,0.193,153.0,light (I–II),melanocytic_Nevi,melanocytic_Nevi,true
ISIC_0033604,melanocytic_Nevi,melanocytic_Nevi,0.9266,true,true,0.9266,0.0107,0.248,0.0,104.2,light (I–II),melanocytic_Nevi,melanocytic_Nevi,true
ISIC_0033625,melanocytic_Nevi,melanocytic_Nevi,0.8885,true,true,0.8885,0.0248,0.0,0.2,97.1,light (I–II),melanocytic_Nevi,melanocytic_Nevi,true
ISIC_0033647,melanocytic_Nevi,melanocytic_Nevi,0.9629,true,true,0.9629,0.0027,0.139,0.0,102.4,light (I–II),melanocytic_Nevi,melanocytic_Nevi,true
ISIC_0033650,melanocytic_Nevi,melanocytic_Nevi,0.9731,true,true,0.9731,0.0014,0.391,0.008,115.1,light (I–II),melanocytic_Nevi,melanocytic_Nevi,true
ISIC_0033652,melanocytic_Nevi,melanocytic_Nevi,0.972,true,true,0.972,0.0016,0.101,0.0,101.0,light (I–II),melanocytic_Nevi,melanocytic_Nevi,true
ISIC_0033656,melanocytic_Nevi,melanocytic_Nevi,0.9721,true,true,0.9721,0.0013,0.585,0.0,127.8,light (I–II),melanocytic_Nevi,melanocytic_Nevi,true
ISIC_0033687,melanoma,melanoma,0.7547,true,true,0.7547,0.0906,0.747,0.45,-30.0,dark (V–VI),melanoma,melanoma,true
ISIC_0033689,melanocytic_Nevi,melanocytic_Nevi,0.8813,true,true,0.8813,0.0275,0.183,0.647,117.2,light (I–II),melanocytic_Nevi,melanocytic_Nevi,true
ISIC_0033693,benign_keratosis-like_lesions,benign_keratosis-like_lesions,0.9161,true,true,0.9161,0.0105,0.685,0.0,69.7,light (I–II),benign_keratosis-like_lesions,benign_keratosis-like_lesions,true
ISIC_0033700,melanoma,melanoma,0.863,true,true,0.863,0.0375,0.558,0.0,109.5,light (I–II),melanoma,melanoma,true
ISIC_0033709,benign_keratosis-like_lesions,benign_keratosis-like_lesions,0.6275,true,true,0.6275,0.2153,0.0,0.312,108.7,light (I–II),benign_keratosis-like_lesions,benign_keratosis-like_lesions,true
ISIC_0033710,melanoma,melanoma,0.9791,true,true,0.9791,0.0007,0.972,0.45,80.0,light (I–II),melanoma,melanoma,true
ISIC_0033714,melanocytic_Nevi,melanocytic_Nevi,0.9841,true,true,0.9841,0.0005,0.058,0.064,105.1,light (I–II),melanocytic_Nevi,melanocytic_Nevi,true
ISIC_0033720,basal_cell_carcinoma,basal_cell_carcinoma,0.7749,true,true,0.7749,0.0919,0.733,0.089,99.2,light (I–II),basal_cell_carcinoma,basal_cell_carcinoma,true
ISIC_0033726,melanocytic_Nevi,melanocytic_Nevi,0.9804,true,true,0.9804,0.0008,0.187,0.014,106.6,light (I–II),melanocytic_Nevi,melanocytic_Nevi,true
ISIC_0033734,melanocytic_Nevi,melanocytic_Nevi,0.5269,true,true,0.5269,0.444,0.466,0.007,114.8,light (I–II),melanocytic_Nevi,melanocytic_Nevi,true
ISIC_0033738,melanocytic_Nevi,melanoma,0.5022,false,true,0.5022,0.9119,0.472,0.0,-34.1,dark (V–VI),melanocytic_Nevi,melanoma,false
ISIC_0033742,melanocytic_Nevi,melanoma,0.9487,false,true,0.9487,1.8003,0.909,0.33,107.4,light (I–II),melanocytic_Nevi,melanoma,false
ISIC_0033755,melanocytic_Nevi,melanocytic_Nevi,0.9617,true,true,0.9617,0.0028,0.192,0.063,101.0,light (I–II),melanocytic_Nevi,melanocytic_Nevi,true
ISIC_0033758,benign_keratosis-like_lesions,melanocytic_Nevi,0.6843,false,true,0.6843,0.9466,0.204,0.093,109.3,light (I–II),benign_keratosis-like_lesions,melanocytic_Nevi,false
ISIC_0033761,benign_keratosis-like_lesions,melanocytic_Nevi,0.6274,false,true,0.6274,1.3031,0.264,0.288,-40.8,dark (V–VI),benign_keratosis-like_lesions,melanocytic_Nevi,false
ISIC_0033762,vascular_lesions,vascular_lesions,0.6762,true,true,0.6762,0.1518,0.676,0.612,86.3,light (I–II),vascular_lesions,vascular_lesions,true
ISIC_0033763,melanocytic_Nevi,melanocytic_Nevi,0.9966,true,true,0.9966,0.0,0.087,0.0,118.6,light (I–II),melanocytic_Nevi,melanocytic_Nevi,true
ISIC_0033767,melanocytic_Nevi,melanocytic_Nevi,0.9581,true,true,0.9581,0.003,0.201,0.208,123.9,light (I–II),melanocytic_Nevi,melanocytic_Nevi,true
ISIC_0033768,melanocytic_Nevi,melanocytic_Nevi,0.6835,true,true,0.6835,0.1783,0.657,0.258,108.1,light (I–II),melanocytic_Nevi,melanocytic_Nevi,true
ISIC_0033769,melanocytic_Nevi,melanocytic_Nevi,0.9997,true,true,0.9997,0.0,0.051,0.001,111.0,light (I–II),melanocytic_Nevi,melanocytic_Nevi,true
ISIC_0033776,benign_keratosis-like_lesions,melanocytic_Nevi,0.6177,false,true,0.6177,0.8205,0.0,0.376,91.5,light (I–II),benign_keratosis-like_lesions,melanocytic_Nevi,false
ISIC_0033783,benign_keratosis-like_lesions,benign_keratosis-like_lesions,0.9859,true,true,0.9859,0.0003,0.47,0.48,86.7,light (I–II),benign_keratosis-like_lesions,benign_keratosis-like_lesions,true
ISIC_0033799,melanocytic_Nevi,melanocytic_Nevi,0.9902,true,true,0.9902,0.0002,0.23,0.214,82.9,light (I–II),melanocytic_Nevi,melanocytic_Nevi,true
ISIC_0033807,melanoma,melanocytic_Nevi,0.442,false,true,0.442,0.7967,0.255,0.17,110.2,light (I–II),melanoma,melanocytic_Nevi,false
ISIC_0033815,melanocytic_Nevi,melanocytic_Nevi,0.9324,true,true,0.9324,0.0065,0.601,0.052,67.1,light (I–II),melanocytic_Nevi,melanocytic_Nevi,true
ISIC_0033822,melanocytic_Nevi,melanocytic_Nevi,0.9526,true,true,0.9526,0.0032,0.0,0.182,117.8,light (I–II),melanocytic_Nevi,melanocytic_Nevi,true
ISIC_0033823,melanocytic_Nevi,melanocytic_Nevi,0.8668,true,true,0.8668,0.0353,0.0,0.176,108.5,light (I–II),melanocytic_Nevi,melanocytic_Nevi,true
ISIC_0033826,melanocytic_Nevi,melanocytic_Nevi,0.9796,true,true,0.9796,0.0008,0.275,0.175,116.2,light (I–II),melanocytic_Nevi,melanocytic_Nevi,true
ISIC_0033827,melanocytic_Nevi,melanocytic_Nevi,0.9706,true,true,0.9706,0.0013,0.166,0.081,120.1,light (I–II),melanocytic_Nevi,melanocytic_Nevi,true
ISIC_0033829,benign_keratosis-like_lesions,melanoma,0.6049,false,true,0.6049,0.7595,0.556,0.501,102.3,light (I–II),benign_keratosis-like_lesions,melanoma,false
ISIC_0033840,melanocytic_Nevi,melanocytic_Nevi,0.8365,true,true,0.8365,0.0443,0.419,0.0,110.8,light (I–II),melanocytic_Nevi,melanocytic_Nevi,true
ISIC_0033841,melanocytic_Nevi,melanocytic_Nevi,0.998,true,true,0.998,0.0,0.004,0.02,100.7,light (I–II),melanocytic_Nevi,melanocytic_Nevi,true
ISIC_0033846,melanocytic_Nevi,melanocytic_Nevi,0.9794,true,true,0.9794,0.0006,0.067,0.0,101.4,light (I–II),melanocytic_Nevi,melanocytic_Nevi,true
ISIC_0033869,actinic_keratoses,benign_keratosis-like_lesions,0.8838,false,false,0.8838,1.777,0.685,0.262,87.7,light (I–II),actinic_keratoses,benign_keratosis-like_lesions,false
ISIC_0033870,melanocytic_Nevi,melanocytic_Nevi,0.9847,true,true,0.9847,0.0004,0.099,0.052,105.7,light (I–II),melanocytic_Nevi,melanocytic_Nevi,true
ISIC_0033877,melanocytic_Nevi,melanocytic_Nevi,0.9982,true,true,0.9982,0.0,0.112,0.031,115.4,light (I–II),melanocytic_Nevi,melanocytic_Nevi,true
ISIC_0033878,melanoma,melanoma,0.8441,true,true,0.8441,0.0461,0.7,0.017,-166.5,dark (V–VI),melanoma,melanoma,true
ISIC_0033887,melanocytic_Nevi,melanoma,0.7907,false,true,0.7907,1.2504,0.788,0.224,142.7,light (I–II),melanocytic_Nevi,melanoma,false
ISIC_0033888,melanocytic_Nevi,melanoma,0.4977,false,true,0.4977,0.5004,0.491,0.49,113.2,light (I–II),melanocytic_Nevi,melanoma,false
ISIC_0033892,melanocytic_Nevi,melanocytic_Nevi,0.9739,true,true,0.9739,0.001,0.245,0.108,100.7,light (I–II),melanocytic_Nevi,melanocytic_Nevi,true
ISIC_0033894,melanocytic_Nevi,melanoma,0.5232,false,true,0.5232,0.5612,0.504,0.0,73.0,light (I–II),melanocytic_Nevi,melanoma,false
ISIC_0033896,melanocytic_Nevi,melanocytic_Nevi,0.9375,true,true,0.9375,0.0078,0.654,0.0,111.3,light (I–II),melanocytic_Nevi,melanocytic_Nevi,true
ISIC_0033901,melanoma,melanoma,0.9624,true,true,0.9624,0.0026,0.951,0.284,77.1,light (I–II),melanoma,melanoma,true
ISIC_0033909,melanocytic_Nevi,melanocytic_Nevi,0.937,true,true,0.937,0.0079,0.039,0.167,89.4,light (I–II),melanocytic_Nevi,melanocytic_Nevi,true
ISIC_0033923,melanocytic_Nevi,melanoma,0.682,false,true,0.682,0.9341,0.68,0.0,130.1,light (I–II),melanocytic_Nevi,melanoma,false
ISIC_0033930,melanocytic_Nevi,melanocytic_Nevi,0.9626,true,true,0.9626,0.0028,0.016,0.0,107.2,light (I–II),melanocytic_Nevi,melanocytic_Nevi,true
ISIC_0033931,melanoma,benign_keratosis-like_lesions,0.4955,false,true,0.4955,0.7651,0.076,0.0,58.6,light (I–II),melanoma,benign_keratosis-like_lesions,false
ISIC_0033935,melanocytic_Nevi,melanocytic_Nevi,0.9381,true,true,0.9381,0.0077,0.0,0.0,102.9,light (I–II),melanocytic_Nevi,melanocytic_Nevi,true
ISIC_0033936,melanocytic_Nevi,melanocytic_Nevi,0.8485,true,true,0.8485,0.041,0.321,0.026,97.8,light (I–II),melanocytic_Nevi,melanocytic_Nevi,true
ISIC_0033944,melanocytic_Nevi,melanocytic_Nevi,0.7383,true,true,0.7383,0.1369,0.282,0.0,-164.5,dark (V–VI),melanocytic_Nevi,melanocytic_Nevi,true
ISIC_0033952,benign_keratosis-like_lesions,benign_keratosis-like_lesions,0.5423,true,true,0.5423,0.3245,0.0,0.0,103.0,light (I–II),benign_keratosis-like_lesions,benign_keratosis-like_lesions,true
ISIC_0033955,melanocytic_Nevi,melanocytic_Nevi,0.9064,true,true,0.9064,0.015,0.133,0.0,110.9,light (I–II),melanocytic_Nevi,melanocytic_Nevi,true
ISIC_0033956,melanoma,benign_keratosis-like_lesions,0.4157,false,true,0.4157,0.7487,0.161,0.129,85.7,light (I–II),melanoma,benign_keratosis-like_lesions,false
ISIC_0033967,melanoma,benign_keratosis-like_lesions,0.4266,false,false,0.4266,1.0953,0.0,0.0,65.7,light (I–II),melanoma,benign_keratosis-like_lesions,false
ISIC_0033973,benign_keratosis-like_lesions,melanocytic_Nevi,0.7146,false,true,0.7146,1.1585,0.311,0.071,37.7,medium (III–IV),benign_keratosis-like_lesions,melanocytic_Nevi,false
ISIC_0033976,melanocytic_Nevi,melanocytic_Nevi,0.9702,true,true,0.9702,0.0017,0.156,0.0,119.8,light (I–II),melanocytic_Nevi,melanocytic_Nevi,true
ISIC_0033997,melanocytic_Nevi,melanocytic_Nevi,0.8175,true,true,0.8175,0.0665,0.462,0.0,-160.6,dark (V–VI),melanocytic_Nevi,melanocytic_Nevi,true
ISIC_0034006,melanoma,melanoma,0.7731,true,true,0.7731,0.0699,0.768,0.0,98.5,light (I–II),melanoma,melanoma,true
ISIC_0034007,benign_keratosis-like_lesions,benign_keratosis-like_lesions,0.5239,true,true,0.5239,0.4415,0.0,0.0,132.9,light (I–II),benign_keratosis-like_lesions,benign_keratosis-like_lesions,true
ISIC_0034008,melanocytic_Nevi,melanocytic_Nevi,0.9556,true,true,0.9556,0.0034,0.248,0.24,102.6,light (I–II),melanocytic_Nevi,melanocytic_Nevi,true
ISIC_0034018,melanocytic_Nevi,melanocytic_Nevi,0.9929,true,true,0.9929,0.0001,0.158,0.088,83.5,light (I–II),melanocytic_Nevi,melanocytic_Nevi,true
ISIC_0034023,melanocytic_Nevi,melanocytic_Nevi,0.9428,true,true,0.9428,0.0061,0.825,0.0,-51.3,dark (V–VI),melanocytic_Nevi,melanocytic_Nevi,true
ISIC_0034030,melanocytic_Nevi,melanocytic_Nevi,0.9765,true,true,0.9765,0.0011,0.202,0.093,138.6,light (I–II),melanocytic_Nevi,melanocytic_Nevi,true
ISIC_0034031,benign_keratosis-like_lesions,melanocytic_Nevi,0.4303,false,true,0.4303,1.0203,0.143,0.135,-120.2,dark (V–VI),benign_keratosis-like_lesions,melanocytic_Nevi,false
ISIC_0034033,melanocytic_Nevi,melanocytic_Nevi,0.5591,true,true,0.5591,0.3164,0.0,0.017,103.5,light (I–II),melanocytic_Nevi,melanocytic_Nevi,true
ISIC_0034046,melanoma,melanoma,0.9075,true,true,0.9075,0.0169,0.853,0.0,111.2,light (I–II),melanoma,melanoma,true
ISIC_0034050,melanoma,melanoma,0.5396,true,true,0.5396,0.3708,0.533,0.338,103.2,light (I–II),melanoma,melanoma,true
ISIC_0034051,melanoma,melanoma,0.584,true,true,0.584,0.2788,0.574,0.297,107.3,light (I–II),melanoma,melanoma,true
ISIC_0034052,melanoma,melanoma,0.9902,true,true,0.9902,0.0002,0.984,0.022,87.5,light (I–II),melanoma,melanoma,true
ISIC_0034053,melanocytic_Nevi,melanoma,0.6213,false,true,0.6213,0.7721,0.615,0.527,168.1,light (I–II),melanocytic_Nevi,melanoma,false
ISIC_0034061,melanoma,melanocytic_Nevi,0.5662,false,true,0.5662,0.6413,0.0,0.051,-102.5,dark (V–VI),melanoma,melanocytic_Nevi,false
ISIC_0034070,benign_keratosis-like_lesions,benign_keratosis-like_lesions,0.7442,true,true,0.7442,0.0873,0.483,0.0,114.4,light (I–II),benign_keratosis-like_lesions,benign_keratosis-like_lesions,true
ISIC_0034074,melanoma,melanocytic_Nevi,0.7269,false,true,0.7269,1.0687,0.0,0.035,-57.4,dark (V–VI),melanoma,melanocytic_Nevi,false
ISIC_0034076,melanoma,melanoma,0.9494,true,true,0.9494,0.0042,0.937,0.621,98.0,light (I–II),melanoma,melanoma,true
ISIC_0034079,melanocytic_Nevi,melanoma,0.6488,false,true,0.6488,0.842,0.645,0.298,161.7,light (I–II),melanocytic_Nevi,melanoma,false
ISIC_0034085,melanoma,melanoma,0.8576,true,true,0.8576,0.0402,0.828,0.731,78.4,light (I–II),melanoma,melanoma,true
ISIC_0034091,melanocytic_Nevi,benign_keratosis-like_lesions,0.6948,false,true,0.6948,1.2449,0.113,0.033,82.1,light (I–II),melanocytic_Nevi,benign_keratosis-like_lesions,false
ISIC_0034094,melanoma,melanoma,0.993,true,true,0.993,0.0001,0.922,0.022,100.6,light (I–II),melanoma,melanoma,true
ISIC_0034096,melanocytic_Nevi,melanocytic_Nevi,0.575,true,true,0.575,0.2498,0.0,0.0,104.7,light (I–II),melanocytic_Nevi,melanocytic_Nevi,true
ISIC_0034100,melanoma,melanoma,0.5383,true,true,0.5383,0.3259,0.534,0.258,89.8,light (I–II),melanoma,melanoma,true
ISIC_0034110,melanocytic_Nevi,melanocytic_Nevi,0.7566,true,true,0.7566,0.0791,0.63,0.0,104.3,light (I–II),melanocytic_Nevi,melanocytic_Nevi,true
ISIC_0034121,melanocytic_Nevi,melanocytic_Nevi,0.8706,true,true,0.8706,0.0278,0.201,0.0,86.4,light (I–II),melanocytic_Nevi,melanocytic_Nevi,true
ISIC_0034125,benign_keratosis-like_lesions,benign_keratosis-like_lesions,0.7337,true,true,0.7337,0.1253,0.196,0.429,129.6,light (I–II),benign_keratosis-like_lesions,benign_keratosis-like_lesions,true
ISIC_0034127,melanocytic_Nevi,melanocytic_Nevi,0.5577,true,true,0.5577,0.3911,0.0,0.083,103.7,light (I–II),melanocytic_Nevi,melanocytic_Nevi,true
ISIC_0034129,melanocytic_Nevi,melanocytic_Nevi,0.933,true,true,0.933,0.0067,0.672,0.085,104.1,light (I–II),melanocytic_Nevi,melanocytic_Nevi,true
ISIC_0034134,melanoma,basal_cell_carcinoma,0.9426,false,true,0.9426,1.853,0.227,0.199,112.1,light (I–II),melanoma,basal_cell_carcinoma,false
ISIC_0034159,melanoma,melanoma,0.8709,true,true,0.8709,0.0333,0.854,0.334,86.2,light (I–II),melanoma,melanoma,true
ISIC_0034162,melanoma,melanocytic_Nevi,0.609,false,true,0.609,0.8275,0.135,0.378,87.8,light (I–II),melanoma,melanocytic_Nevi,false
ISIC_0034192,melanocytic_Nevi,melanocytic_Nevi,0.9508,true,true,0.9508,0.0048,0.0,0.054,108.5,light (I–II),melanocytic_Nevi,melanocytic_Nevi,true
ISIC_0034194,melanocytic_Nevi,melanocytic_Nevi,0.8834,true,true,0.8834,0.0233,0.565,0.451,77.4,light (I–II),melanocytic_Nevi,melanocytic_Nevi,true
ISIC_0034195,melanocytic_Nevi,melanocytic_Nevi,0.874,true,true,0.874,0.0314,0.0,0.0,101.6,light (I–II),melanocytic_Nevi,melanocytic_Nevi,true
ISIC_0034214,vascular_lesions,vascular_lesions,0.9256,true,true,0.9256,0.0102,0.925,0.188,89.8,light (I–II),vascular_lesions,vascular_lesions,true
ISIC_0034224,melanocytic_Nevi,melanocytic_Nevi,0.5478,true,true,0.5478,0.4088,0.31,0.0,-118.0,dark (V–VI),melanocytic_Nevi,melanocytic_Nevi,true
ISIC_0034231,melanocytic_Nevi,melanocytic_Nevi,0.7853,true,true,0.7853,0.0743,0.001,0.0,106.0,light (I–II),melanocytic_Nevi,melanocytic_Nevi,true
ISIC_0034232,melanocytic_Nevi,melanocytic_Nevi,0.9756,true,true,0.9756,0.0011,0.088,0.0,96.4,light (I–II),melanocytic_Nevi,melanocytic_Nevi,true
ISIC_0034235,benign_keratosis-like_lesions,benign_keratosis-like_lesions,0.7668,true,true,0.7668,0.0833,0.149,0.007,115.1,light (I–II),benign_keratosis-like_lesions,benign_keratosis-like_lesions,true
ISIC_0034239,melanoma,melanoma,0.9948,true,true,0.9948,0.0,0.672,0.0,103.9,light (I–II),melanoma,melanoma,true
ISIC_0034242,melanoma,melanoma,0.9901,true,true,0.9901,0.0002,0.98,0.308,66.6,light (I–II),melanoma,melanoma,true
ISIC_0034243,melanoma,melanoma,0.7082,true,true,0.7082,0.1234,0.697,0.26,109.1,light (I–II),melanoma,melanoma,true
ISIC_0034252,benign_keratosis-like_lesions,benign_keratosis-like_lesions,0.8993,true,true,0.8993,0.0189,0.304,0.098,95.0,light (I–II),benign_keratosis-like_lesions,benign_keratosis-like_lesions,true
ISIC_0034255,basal_cell_carcinoma,melanocytic_Nevi,0.3938,false,true,0.3938,1.0879,0.204,0.0,99.7,light (I–II),basal_cell_carcinoma,melanocytic_Nevi,false
ISIC_0034258,melanocytic_Nevi,melanocytic_Nevi,0.9404,true,true,0.9404,0.0054,0.738,0.642,83.1,light (I–II),melanocytic_Nevi,melanocytic_Nevi,true
ISIC_0034264,melanocytic_Nevi,melanocytic_Nevi,0.9414,true,true,0.9414,0.0051,0.472,0.0,-120.3,dark (V–VI),melanocytic_Nevi,melanocytic_Nevi,true
ISIC_0034269,melanoma,melanoma,0.5289,true,true,0.5289,0.3666,0.527,0.355,81.7,light (I–II),melanoma,melanoma,true
ISIC_0034286,melanocytic_Nevi,melanocytic_Nevi,0.851,true,true,0.851,0.0338,0.003,0.0,-91.6,dark (V–VI),melanocytic_Nevi,melanocytic_Nevi,true
ISIC_0034287,melanoma,melanoma,0.9957,true,true,0.9957,0.0,0.978,0.093,106.0,light (I–II),melanoma,melanoma,true
ISIC_0034293,melanocytic_Nevi,melanocytic_Nevi,0.6379,true,true,0.6379,0.2621,0.584,0.0,124.8,light (I–II),melanocytic_Nevi,melanocytic_Nevi,true
ISIC_0034299,basal_cell_carcinoma,basal_cell_carcinoma,0.9905,true,true,0.9905,0.0001,0.949,0.029,-17.0,dark (V–VI),basal_cell_carcinoma,basal_cell_carcinoma,true
ISIC_0034302,melanocytic_Nevi,melanocytic_Nevi,0.9803,true,true,0.9803,0.0008,0.018,0.109,91.6,light (I–II),melanocytic_Nevi,melanocytic_Nevi,true
ISIC_0034303,benign_keratosis-like_lesions,benign_keratosis-like_lesions,0.4296,true,true,0.4296,0.436,0.25,0.275,51.8,light (I–II),benign_keratosis-like_lesions,benign_keratosis-like_lesions,true
ISIC_0034308,melanocytic_Nevi,melanocytic_Nevi,0.9619,true,true,0.9619,0.0026,0.574,0.038,99.6,light (I–II),melanocytic_Nevi,melanocytic_Nevi,true
ISIC_0034315,benign_keratosis-like_lesions,benign_keratosis-like_lesions,0.4367,true,true,0.4367,0.4785,0.36,0.075,126.2,light (I–II),benign_keratosis-like_lesions,benign_keratosis-like_lesions,true
ISIC_0034316,melanoma,melanoma,0.9804,true,true,0.9804,0.0006,0.949,0.002,63.5,light (I–II),melanoma,melanoma,true
