id,top1_accuracy.true,top1_accuracy.pred,top1_accuracy.confidence,top1_accuracy.correct,top1_accuracy.in_top3,calibration.confidence,calibration.brier,skin_tone_ita.ita,skin_tone_ita.bin,skin_tone_ita.true,skin_tone_ita.pred,skin_tone_ita.correct
Aal002,melanoma,melanoma,0.8786,true,true,0.8786,0.0221,75.6,light (I–II),melanoma,melanoma,true
Aal002bis,melanoma,melanoma,0.9969,true,true,0.9969,0.0,71.1,light (I–II),melanoma,melanoma,true
Aal004,melanocytic_Nevi,melanocytic_Nevi,0.8772,true,true,0.8772,0.03,85.1,light (I–II),melanocytic_Nevi,melanocytic_Nevi,true
Aal006,melanocytic_Nevi,melanocytic_Nevi,0.7534,true,true,0.7534,0.1191,77.5,light (I–II),melanocytic_Nevi,melanocytic_Nevi,true
Aal008,melanocytic_Nevi,melanocytic_Nevi,0.8646,true,true,0.8646,0.0367,84.6,light (I–II),melanocytic_Nevi,melanocytic_Nevi,true
Aal010,melanocytic_Nevi,melanocytic_Nevi,0.9365,true,true,0.9365,0.008,89.0,light (I–II),melanocytic_Nevi,melanocytic_Nevi,true
Aal012,melanocytic_Nevi,melanocytic_Nevi,0.9874,true,true,0.9874,0.0003,85.1,light (I–II),melanocytic_Nevi,melanocytic_Nevi,true
Aal014,dermatofibroma,dermatofibroma,0.9983,true,true,0.9983,0.0,86.4,light (I–II),dermatofibroma,dermatofibroma,true
Aal018,dermatofibroma,dermatofibroma,0.9979,true,true,0.9979,0.0,87.5,light (I–II),dermatofibroma,dermatofibroma,true
Aal020,dermatofibroma,basal_cell_carcinoma,0.2725,false,false,0.2725,1.1276,44.5,light (I–II),dermatofibroma,basal_cell_carcinoma,false
Aal024,dermatofibroma,dermatofibroma,0.9968,true,true,0.9968,0.0,56.5,light (I–II),dermatofibroma,dermatofibroma,true
Aal028,dermatofibroma,dermatofibroma,0.9433,true,true,0.9433,0.0053,83.4,light (I–II),dermatofibroma,dermatofibroma,true
Aal030,dermatofibroma,dermatofibroma,1.0,true,true,1.0,0.0,86.5,light (I–II),dermatofibroma,dermatofibroma,true
Aal038,dermatofibroma,dermatofibroma,1.0,true,true,1.0,0.0,84.7,light (I–II),dermatofibroma,dermatofibroma,true
Aal044,melanocytic_Nevi,melanocytic_Nevi,0.932,true,true,0.932,0.0092,81.8,light (I–II),melanocytic_Nevi,melanocytic_Nevi,true
Aal046,melanocytic_Nevi,melanocytic_Nevi,0.9876,true,true,0.9876,0.0003,82.8,light (I–II),melanocytic_Nevi,melanocytic_Nevi,true
Aal048,melanocytic_Nevi,melanocytic_Nevi,0.7508,true,true,0.7508,0.123,78.4,light (I–II),melanocytic_Nevi,melanocytic_Nevi,true
Aal052,melanocytic_Nevi,melanocytic_Nevi,0.7436,true,true,0.7436,0.1244,90.3,light (I–II),melanocytic_Nevi,melanocytic_Nevi,true
Aal056,melanocytic_Nevi,melanocytic_Nevi,0.9927,true,true,0.9927,0.0001,86.3,light (I–II),melanocytic_Nevi,melanocytic_Nevi,true
Aal062,melanocytic_Nevi,melanocytic_Nevi,0.9493,true,true,0.9493,0.0051,92.0,light (I–II),melanocytic_Nevi,melanocytic_Nevi,true
Aal064,melanocytic_Nevi,melanocytic_Nevi,0.9754,true,true,0.9754,0.0012,92.0,light (I–II),melanocytic_Nevi,melanocytic_Nevi,true
Aal066,melanocytic_Nevi,melanocytic_Nevi,0.9922,true,true,0.9922,0.0001,78.8,light (I–II),melanocytic_Nevi,melanocytic_Nevi,true
Aal068,melanocytic_Nevi,vascular_lesions,0.9337,false,true,0.9337,1.7594,87.2,light (I–II),melanocytic_Nevi,vascular_lesions,false
Aal078,melanocytic_Nevi,melanocytic_Nevi,0.5917,true,true,0.5917,0.3334,86.4,light (I–II),melanocytic_Nevi,melanocytic_Nevi,true
Aal086,melanocytic_Nevi,melanocytic_Nevi,0.8362,true,true,0.8362,0.0536,90.3,light (I–II),melanocytic_Nevi,melanocytic_Nevi,true
Aal088,melanocytic_Nevi,melanocytic_Nevi,0.8566,true,true,0.8566,0.0411,86.4,light (I–II),melanocytic_Nevi,melanocytic_Nevi,true
Aal090,melanocytic_Nevi,melanocytic_Nevi,0.9906,true,true,0.9906,0.0001,86.5,light (I–II),melanocytic_Nevi,melanocytic_Nevi,true
Aal094,melanocytic_Nevi,melanocytic_Nevi,0.9212,true,true,0.9212,0.0121,84.6,light (I–II),melanocytic_Nevi,melanocytic_Nevi,true
Aal096,melanocytic_Nevi,melanocytic_Nevi,0.9204,true,true,0.9204,0.0123,88.6,light (I–II),melanocytic_Nevi,melanocytic_Nevi,true
Aal099bis,melanocytic_Nevi,melanocytic_Nevi,0.976,true,true,0.976,0.0011,87.2,light (I–II),melanocytic_Nevi,melanocytic_Nevi,true
Abl101,melanocytic_Nevi,melanocytic_Nevi,0.9699,true,true,0.9699,0.0018,92.5,light (I–II),melanocytic_Nevi,melanocytic_Nevi,true
Abl108,melanocytic_Nevi,melanocytic_Nevi,0.9661,true,true,0.9661,0.0023,78.4,light (I–II),melanocytic_Nevi,melanocytic_Nevi,true
Abl112,melanocytic_Nevi,melanocytic_Nevi,0.8814,true,true,0.8814,0.0281,88.8,light (I–II),melanocytic_Nevi,melanocytic_Nevi,true
Abl116,melanocytic_Nevi,melanocytic_Nevi,0.9971,true,true,0.9971,0.0,87.0,light (I–II),melanocytic_Nevi,melanocytic_Nevi,true
Abl118,melanocytic_Nevi,melanocytic_Nevi,0.8844,true,true,0.8844,0.0267,-90.0,dark (V–VI),melanocytic_Nevi,melanocytic_Nevi,true
Abl121,melanocytic_Nevi,melanocytic_Nevi,0.9899,true,true,0.9899,0.0002,91.3,light (I–II),melanocytic_Nevi,melanocytic_Nevi,true
Abl123,melanocytic_Nevi,melanocytic_Nevi,0.9719,true,true,0.9719,0.0015,88.7,light (I–II),melanocytic_Nevi,melanocytic_Nevi,true
Abl127,melanocytic_Nevi,melanocytic_Nevi,0.6409,true,true,0.6409,0.2559,80.3,light (I–II),melanocytic_Nevi,melanocytic_Nevi,true
Abl129,melanocytic_Nevi,melanocytic_Nevi,0.9879,true,true,0.9879,0.0003,84.8,light (I–II),melanocytic_Nevi,melanocytic_Nevi,true
Abl135,melanocytic_Nevi,melanoma,0.7164,false,true,0.7164,1.0265,75.4,light (I–II),melanocytic_Nevi,melanoma,false
Abl137,melanocytic_Nevi,melanocytic_Nevi,0.9793,true,true,0.9793,0.0009,72.9,light (I–II),melanocytic_Nevi,melanocytic_Nevi,true
Abl139,melanocytic_Nevi,melanocytic_Nevi,0.6368,true,true,0.6368,0.2639,81.3,light (I–II),melanocytic_Nevi,melanocytic_Nevi,true
Abl141,melanocytic_Nevi,melanocytic_Nevi,0.8758,true,true,0.8758,0.0308,81.4,light (I–II),melanocytic_Nevi,melanocytic_Nevi,true
Abl143,melanocytic_Nevi,melanocytic_Nevi,0.7709,true,true,0.7709,0.105,62.3,light (I–II),melanocytic_Nevi,melanocytic_Nevi,true
Abl145,melanocytic_Nevi,melanocytic_Nevi,0.9934,true,true,0.9934,0.0001,76.8,light (I–II),melanocytic_Nevi,melanocytic_Nevi,true
Abl147,melanocytic_Nevi,melanocytic_Nevi,0.7921,true,true,0.7921,0.0865,75.8,light (I–II),melanocytic_Nevi,melanocytic_Nevi,true
Abl151,melanocytic_Nevi,melanocytic_Nevi,0.7255,true,true,0.7255,0.1507,86.4,light (I–II),melanocytic_Nevi,melanocytic_Nevi,true
Abl153,melanocytic_Nevi,melanocytic_Nevi,0.8712,true,true,0.8712,0.0331,79.0,light (I–II),melanocytic_Nevi,melanocytic_Nevi,true
Abl155,melanocytic_Nevi,melanocytic_Nevi,0.7821,true,true,0.7821,0.0916,86.0,light (I–II),melanocytic_Nevi,melanocytic_Nevi,true
Abl157,melanocytic_Nevi,melanoma,0.6822,false,true,0.6822,0.9309,80.1,light (I–II),melanocytic_Nevi,melanoma,false
Abl161,melanocytic_Nevi,melanocytic_Nevi,0.678,true,true,0.678,0.2074,84.8,light (I–II),melanocytic_Nevi,melanocytic_Nevi,true
Abl163,melanocytic_Nevi,melanocytic_Nevi,0.9665,true,true,0.9665,0.0022,76.3,light (I–II),melanocytic_Nevi,melanocytic_Nevi,true
Abl165,melanocytic_Nevi,melanocytic_Nevi,0.8032,true,true,0.8032,0.0774,73.7,light (I–II),melanocytic_Nevi,melanocytic_Nevi,true
Abl167,melanocytic_Nevi,melanocytic_Nevi,0.8655,true,true,0.8655,0.0362,84.8,light (I–II),melanocytic_Nevi,melanocytic_Nevi,true
Abl168,melanocytic_Nevi,melanocytic_Nevi,0.8667,true,true,0.8667,0.0355,86.7,light (I–II),melanocytic_Nevi,melanocytic_Nevi,true
Abl171,melanocytic_Nevi,melanocytic_Nevi,0.9683,true,true,0.9683,0.002,74.8,light (I–II),melanocytic_Nevi,melanocytic_Nevi,true
Abl175,melanocytic_Nevi,melanocytic_Nevi,0.7129,true,true,0.7129,0.1645,92.7,light (I–II),melanocytic_Nevi,melanocytic_Nevi,true
Abl177,melanocytic_Nevi,melanocytic_Nevi,0.9215,true,true,0.9215,0.0123,90.0,light (I–II),melanocytic_Nevi,melanocytic_Nevi,true
Abl179,melanocytic_Nevi,melanocytic_Nevi,0.6656,true,true,0.6656,0.2231,83.0,light (I–II),melanocytic_Nevi,melanocytic_Nevi,true
Abl183,melanocytic_Nevi,basal_cell_carcinoma,0.8021,false,true,0.8021,1.5038,78.1,light (I–II),melanocytic_Nevi,basal_cell_carcinoma,false
Abl185,melanocytic_Nevi,melanocytic_Nevi,0.7086,true,true,0.7086,0.1694,83.8,light (I–II),melanocytic_Nevi,melanocytic_Nevi,true
Abl189,melanocytic_Nevi,melanocytic_Nevi,0.931,true,true,0.931,0.0074,81.9,light (I–II),melanocytic_Nevi,melanocytic_Nevi,true
Abl191,melanocytic_Nevi,melanoma,0.5518,false,true,0.5518,0.6672,73.7,light (I–II),melanocytic_Nevi,melanoma,false
Abl193,melanocytic_Nevi,melanocytic_Nevi,0.6365,true,true,0.6365,0.2594,82.4,light (I–II),melanocytic_Nevi,melanocytic_Nevi,true
Abl195,melanocytic_Nevi,melanocytic_Nevi,0.7784,true,true,0.7784,0.0969,81.4,light (I–II),melanocytic_Nevi,melanocytic_Nevi,true
Abl197,dermatofibroma,dermatofibroma,0.9974,true,true,0.9974,0.0,78.9,light (I–II),dermatofibroma,dermatofibroma,true
Acl201,melanocytic_Nevi,melanocytic_Nevi,0.9607,true,true,0.9607,0.0026,79.3,light (I–II),melanocytic_Nevi,melanocytic_Nevi,true
Acl203,melanocytic_Nevi,melanoma,0.8075,false,true,0.8075,1.5837,43.9,light (I–II),melanocytic_Nevi,melanoma,false
Acl205,benign_keratosis-like_lesions,benign_keratosis-like_lesions,0.839,true,true,0.839,0.0381,56.7,light (I–II),benign_keratosis-like_lesions,benign_keratosis-like_lesions,true
Acl207,melanocytic_Nevi,melanocytic_Nevi,0.9106,true,true,0.9106,0.0145,90.0,light (I–II),melanocytic_Nevi,melanocytic_Nevi,true
Acl209,dermatofibroma,dermatofibroma,0.9936,true,true,0.9936,0.0001,64.0,light (I–II),dermatofibroma,dermatofibroma,true
Acl211,dermatofibroma,dermatofibroma,0.9963,true,true,0.9963,0.0,78.9,light (I–II),dermatofibroma,dermatofibroma,true
Acl215,melanocytic_Nevi,melanocytic_Nevi,0.5363,true,true,0.5363,0.4299,80.5,light (I–II),melanocytic_Nevi,melanocytic_Nevi,true
Acl217,melanocytic_Nevi,melanocytic_Nevi,0.7218,true,true,0.7218,0.1411,81.0,light (I–II),melanocytic_Nevi,melanocytic_Nevi,true
Acl219,melanocytic_Nevi,melanocytic_Nevi,0.8242,true,true,0.8242,0.0615,87.4,light (I–II),melanocytic_Nevi,melanocytic_Nevi,true
Acl221,melanocytic_Nevi,dermatofibroma,0.5151,false,true,0.5151,0.6361,70.9,light (I–II),melanocytic_Nevi,dermatofibroma,false
Acl223,melanocytic_Nevi,melanocytic_Nevi,0.9673,true,true,0.9673,0.0021,86.4,light (I–II),melanocytic_Nevi,melanocytic_Nevi,true
Acl225,melanocytic_Nevi,melanocytic_Nevi,0.9842,true,true,0.9842,0.0004,86.9,light (I–II),melanocytic_Nevi,melanocytic_Nevi,true
Acl227,benign_keratosis-like_lesions,melanoma,0.9446,false,true,0.9446,1.845,62.4,light (I–II),benign_keratosis-like_lesions,melanoma,false
Acl229,benign_keratosis-like_lesions,melanoma,0.9763,false,true,0.9763,1.9431,74.5,light (I–II),benign_keratosis-like_lesions,melanoma,false
Acl231,dermatofibroma,dermatofibroma,0.995,true,true,0.995,0.0,66.1,light (I–II),dermatofibroma,dermatofibroma,true
Acl233,dermatofibroma,dermatofibroma,0.9991,true,true,0.9991,0.0,76.7,light (I–II),dermatofibroma,dermatofibroma,true
Acl235,melanocytic_Nevi,melanoma,0.8785,false,true,0.8785,1.5463,80.7,light (I–II),melanocytic_Nevi,melanoma,false
Acl237,vascular_lesions,melanoma,0.6209,false,true,0.6209,1.3667,81.7,light (I–II),vascular_lesions,melanoma,false
Acl239,melanocytic_Nevi,melanoma,0.7725,false,true,0.7725,1.1938,72.0,light (I–II),melanocytic_Nevi,melanoma,false
Acl241,melanocytic_Nevi,melanoma,0.5363,false,true,0.5363,0.5753,81.9,light (I–II),melanocytic_Nevi,melanoma,false
Acl243,melanocytic_Nevi,melanocytic_Nevi,0.9674,true,true,0.9674,0.0021,85.2,light (I–II),melanocytic_Nevi,melanocytic_Nevi,true
Acl245,melanocytic_Nevi,melanocytic_Nevi,0.9972,true,true,0.9972,0.0,82.5,light (I–II),melanocytic_Nevi,melanocytic_Nevi,true
Acl247,melanocytic_Nevi,melanocytic_Nevi,0.9126,true,true,0.9126,0.0151,88.7,light (I–II),melanocytic_Nevi,melanocytic_Nevi,true
Acl249,melanocytic_Nevi,melanocytic_Nevi,0.9338,true,true,0.9338,0.0086,83.1,light (I–II),melanocytic_Nevi,melanocytic_Nevi,true
Acl251,melanocytic_Nevi,melanocytic_Nevi,0.9945,true,true,0.9945,0.0001,87.5,light (I–II),melanocytic_Nevi,melanocytic_Nevi,true
Acl253,melanocytic_Nevi,melanocytic_Nevi,0.8965,true,true,0.8965,0.0214,83.7,light (I–II),melanocytic_Nevi,melanocytic_Nevi,true
Acl259,melanocytic_Nevi,melanocytic_Nevi,0.7977,true,true,0.7977,0.0819,79.8,light (I–II),melanocytic_Nevi,melanocytic_Nevi,true
Acl261,benign_keratosis-like_lesions,melanocytic_Nevi,0.8923,false,false,0.8923,1.7791,72.9,light (I–II),benign_keratosis-like_lesions,melanocytic_Nevi,false
Acl263,melanocytic_Nevi,melanoma,0.6378,false,true,0.6378,0.8143,61.4,light (I–II),melanocytic_Nevi,melanoma,false
Acl264,melanocytic_Nevi,melanocytic_Nevi,0.9948,true,true,0.9948,0.0001,86.4,light (I–II),melanocytic_Nevi,melanocytic_Nevi,true
Acl271,melanocytic_Nevi,melanocytic_Nevi,0.8595,true,true,0.8595,0.0395,81.4,light (I–II),melanocytic_Nevi,melanocytic_Nevi,true
Acl279,melanocytic_Nevi,melanocytic_Nevi,0.5801,true,true,0.5801,0.3526,67.0,light (I–II),melanocytic_Nevi,melanocytic_Nevi,true
Acl281,melanocytic_Nevi,melanocytic_Nevi,0.842,true,true,0.842,0.0499,76.8,light (I–II),melanocytic_Nevi,melanocytic_Nevi,true
Acl283,melanocytic_Nevi,melanocytic_Nevi,0.738,true,true,0.738,0.1373,84.1,light (I–II),melanocytic_Nevi,melanocytic_Nevi,true
Acl285,melanocytic_Nevi,melanocytic_Nevi,0.6249,true,true,0.6249,0.2416,74.0,light (I–II),melanocytic_Nevi,melanocytic_Nevi,true
Acl287,melanocytic_Nevi,melanocytic_Nevi,0.6903,true,true,0.6903,0.1918,79.4,light (I–II),melanocytic_Nevi,melanocytic_Nevi,true
Acl295,melanocytic_Nevi,melanocytic_Nevi,0.7899,true,true,0.7899,0.0877,78.7,light (I–II),melanocytic_Nevi,melanocytic_Nevi,true
Acl299,melanocytic_Nevi,melanoma,0.8653,false,true,0.8653,1.4976,81.7,light (I–II),melanocytic_Nevi,melanoma,false
Adl301,melanoma,melanocytic_Nevi,0.8517,false,true,0.8517,1.4515,57.7,light (I–II),melanoma,melanocytic_Nevi,false
Adl305,melanoma,melanocytic_Nevi,0.9912,false,true,0.9912,1.9653,61.8,light (I–II),melanoma,melanocytic_Nevi,false
Adl311,melanocytic_Nevi,melanocytic_Nevi,0.9616,true,true,0.9616,0.0029,92.4,light (I–II),melanocytic_Nevi,melanocytic_Nevi,true
Adl313,melanoma,melanocytic_Nevi,0.5177,false,true,0.5177,0.5365,80.9,light (I–II),melanoma,melanocytic_Nevi,false
Adl319,melanocytic_Nevi,melanoma,0.5205,false,true,0.5205,0.5418,87.0,light (I–II),melanocytic_Nevi,melanoma,false
Adl321,melanocytic_Nevi,melanocytic_Nevi,0.6306,true,true,0.6306,0.2729,87.2,light (I–II),melanocytic_Nevi,melanocytic_Nevi,true
Adl325,melanocytic_Nevi,melanocytic_Nevi,0.9447,true,true,0.9447,0.0045,82.0,light (I–II),melanocytic_Nevi,melanocytic_Nevi,true
Adl329,melanocytic_Nevi,melanocytic_Nevi,0.7558,true,true,0.7558,0.1193,82.6,light (I–II),melanocytic_Nevi,melanocytic_Nevi,true
Adl331,melanocytic_Nevi,melanoma,0.5758,false,true,0.5758,0.691,85.8,light (I–II),melanocytic_Nevi,melanoma,false
Adl333,melanocytic_Nevi,melanocytic_Nevi,0.9514,true,true,0.9514,0.0043,90.0,light (I–II),melanocytic_Nevi,melanocytic_Nevi,true
Adl335,melanocytic_Nevi,melanoma,0.8425,false,true,0.8425,1.4196,88.2,light (I–II),melanocytic_Nevi,melanoma,false
Adl337bis,melanocytic_Nevi,melanoma,0.9343,false,false,0.9343,1.8634,79.1,light (I–II),melanocytic_Nevi,melanoma,false
Adl340,melanocytic_Nevi,melanoma,0.5458,false,true,0.5458,0.5958,88.3,light (I–II),melanocytic_Nevi,melanoma,false
Adl344,melanocytic_Nevi,melanoma,0.699,false,true,0.699,0.9901,87.2,light (I–II),melanocytic_Nevi,melanoma,false
Adl346,melanocytic_Nevi,melanoma,0.7622,false,true,0.7622,1.1628,68.3,light (I–II),melanocytic_Nevi,melanoma,false
Adl348,melanocytic_Nevi,melanocytic_Nevi,0.5267,true,true,0.5267,0.4472,65.6,light (I–II),melanocytic_Nevi,melanocytic_Nevi,true
Adl350,melanocytic_Nevi,melanocytic_Nevi,0.7772,true,true,0.7772,0.0761,80.0,light (I–II),melanocytic_Nevi,melanocytic_Nevi,true
Adl356,melanocytic_Nevi,melanoma,0.5581,false,true,0.5581,0.6356,83.3,light (I–II),melanocytic_Nevi,melanoma,false
Adl358,melanocytic_Nevi,melanocytic_Nevi,0.9403,true,true,0.9403,0.0067,70.8,light (I–II),melanocytic_Nevi,melanocytic_Nevi,true
Adl362,melanocytic_Nevi,melanocytic_Nevi,0.9831,true,true,0.9831,0.0005,70.2,light (I–II),melanocytic_Nevi,melanocytic_Nevi,true
Adl366,melanocytic_Nevi,melanocytic_Nevi,0.9798,true,true,0.9798,0.0008,88.7,light (I–II),melanocytic_Nevi,melanocytic_Nevi,true
Adl371,melanocytic_Nevi,melanocytic_Nevi,0.9719,true,true,0.9719,0.0016,88.6,light (I–II),melanocytic_Nevi,melanocytic_Nevi,true
Adl373,dermatofibroma,dermatofibroma,0.8196,true,true,0.8196,0.046,73.1,light (I–II),dermatofibroma,dermatofibroma,true
Adl375,melanocytic_Nevi,melanocytic_Nevi,0.8449,true,true,0.8449,0.0481,90.0,light (I–II),melanocytic_Nevi,melanocytic_Nevi,true
Adl377,melanocytic_Nevi,melanoma,0.9678,false,true,0.9678,1.8735,80.0,light (I–II),melanocytic_Nevi,melanoma,false
Adl379,basal_cell_carcinoma,actinic_keratoses,0.6312,false,true,0.6312,0.8843,83.4,light (I–II),basal_cell_carcinoma,actinic_keratoses,false
Adl381,melanocytic_Nevi,melanocytic_Nevi,0.8379,true,true,0.8379,0.0524,81.7,light (I–II),melanocytic_Nevi,melanocytic_Nevi,true
Adl383,benign_keratosis-like_lesions,actinic_keratoses,0.7531,false,true,0.7531,1.188,86.6,light (I–II),benign_keratosis-like_lesions,actinic_keratoses,false
Adl385,benign_keratosis-like_lesions,melanoma,0.8584,false,true,0.8584,1.7515,76.2,light (I–II),benign_keratosis-like_lesions,melanoma,false
Adl387,melanocytic_Nevi,melanocytic_Nevi,0.7529,true,true,0.7529,0.1218,85.1,light (I–II),melanocytic_Nevi,melanocytic_Nevi,true
Adl387bis,benign_keratosis-like_lesions,melanocytic_Nevi,0.9686,false,true,0.9686,1.9388,79.9,light (I–II),benign_keratosis-like_lesions,melanocytic_Nevi,false
Adl389,melanoma,dermatofibroma,0.8323,false,true,0.8323,1.5212,72.3,light (I–II),melanoma,dermatofibroma,false
Adl391,melanocytic_Nevi,melanocytic_Nevi,0.6737,true,true,0.6737,0.2126,71.1,light (I–II),melanocytic_Nevi,melanocytic_Nevi,true
Adl395,melanocytic_Nevi,melanocytic_Nevi,0.9254,true,true,0.9254,0.009,77.5,light (I–II),melanocytic_Nevi,melanocytic_Nevi,true
Adl399,melanocytic_Nevi,melanocytic_Nevi,0.9609,true,true,0.9609,0.0031,79.4,light (I–II),melanocytic_Nevi,melanocytic_Nevi,true
Ael401,melanocytic_Nevi,melanocytic_Nevi,0.8514,true,true,0.8514,0.0439,83.7,light (I–II),melanocytic_Nevi,melanocytic_Nevi,true
Ael405,melanocytic_Nevi,melanocytic_Nevi,0.9597,true,true,0.9597,0.0032,78.0,light (I–II),melanocytic_Nevi,melanocytic_Nevi,true
Ael407,melanocytic_Nevi,melanocytic_Nevi,0.819,true,true,0.819,0.0633,82.4,light (I–II),melanocytic_Nevi,melanocytic_Nevi,true
Ael409,benign_keratosis-like_lesions,benign_keratosis-like_lesions,0.7909,true,true,0.7909,0.0656,46.9,light (I–II),benign_keratosis-like_lesions,benign_keratosis-like_lesions,true
Ael413,melanocytic_Nevi,melanocytic_Nevi,0.9707,true,true,0.9707,0.0013,76.1,light (I–II),melanocytic_Nevi,melanocytic_Nevi,true
Ael415,benign_keratosis-like_lesions,melanocytic_Nevi,0.7734,false,false,0.7734,1.6441,81.2,light (I–II),benign_keratosis-like_lesions,melanocytic_Nevi,false
Ael419,melanocytic_Nevi,melanocytic_Nevi,0.9021,true,true,0.9021,0.019,85.4,light (I–II),melanocytic_Nevi,melanocytic_Nevi,true
Ael421,melanocytic_Nevi,melanocytic_Nevi,0.5576,true,true,0.5576,0.2699,60.1,light (I–II),melanocytic_Nevi,melanocytic_Nevi,true
Ael425,melanocytic_Nevi,melanocytic_Nevi,0.9447,true,true,0.9447,0.0043,87.9,light (I–II),melanocytic_Nevi,melanocytic_Nevi,true
Ael427,benign_keratosis-like_lesions,basal_cell_carcinoma,0.5334,false,true,0.5334,0.6069,83.0,light (I–II),benign_keratosis-like_lesions,basal_cell_carcinoma,false
Ael431,melanocytic_Nevi,melanocytic_Nevi,0.6753,true,true,0.6753,0.1593,87.2,light (I–II),melanocytic_Nevi,melanocytic_Nevi,true
Ael433,melanocytic_Nevi,melanocytic_Nevi,0.863,true,true,0.863,0.0375,80.7,light (I–II),melanocytic_Nevi,melanocytic_Nevi,true
Ael435,melanocytic_Nevi,melanocytic_Nevi,0.9461,true,true,0.9461,0.0054,71.2,light (I–II),melanocytic_Nevi,melanocytic_Nevi,true
Ael442,melanocytic_Nevi,melanocytic_Nevi,0.9648,true,true,0.9648,0.0024,82.0,light (I–II),melanocytic_Nevi,melanocytic_Nevi,true
Ael444,melanocytic_Nevi,melanocytic_Nevi,0.5708,true,true,0.5708,0.361,81.2,light (I–II),melanocytic_Nevi,melanocytic_Nevi,true
Ael446,melanocytic_Nevi,melanocytic_Nevi,0.7275,true,true,0.7275,0.1391,81.3,light (I–II),melanocytic_Nevi,melanocytic_Nevi,true
Ael448,melanocytic_Nevi,melanoma,0.5264,false,true,0.5264,0.5571,73.4,light (I–II),melanocytic_Nevi,melanoma,false
Ael452,melanocytic_Nevi,melanocytic_Nevi,0.9289,true,true,0.9289,0.0101,76.0,light (I–II),melanocytic_Nevi,melanocytic_Nevi,true
Ael455,basal_cell_carcinoma,melanoma,0.836,false,true,0.836,1.4515,59.7,light (I–II),basal_cell_carcinoma,melanoma,false
Ael459,vascular_lesions,vascular_lesions,0.9936,true,true,0.9936,0.0001,91.3,light (I–II),vascular_lesions,vascular_lesions,true
Ael465,melanocytic_Nevi,melanocytic_Nevi,0.9851,true,true,0.9851,0.0004,88.5,light (I–II),melanocytic_Nevi,melanocytic_Nevi,true
Ael467,melanocytic_Nevi,melanoma,0.7699,false,true,0.7699,1.1884,87.2,light (I–II),melanocytic_Nevi,melanoma,false
Ael469,basal_cell_carcinoma,melanoma,0.481,false,false,0.481,1.2067,45.0,light (I–II),basal_cell_carcinoma,melanoma,false
Ael471,melanocytic_Nevi,melanocytic_Nevi,0.9881,true,true,0.9881,0.0003,80.2,light (I–II),melanocytic_Nevi,melanocytic_Nevi,true
Ael475,melanocytic_Nevi,melanocytic_Nevi,0.9018,true,true,0.9018,0.0193,86.8,light (I–II),melanocytic_Nevi,melanocytic_Nevi,true
Ael477,melanocytic_Nevi,melanocytic_Nevi,0.6576,true,true,0.6576,0.2344,81.9,light (I–II),melanocytic_Nevi,melanocytic_Nevi,true
Ael481,melanocytic_Nevi,melanocytic_Nevi,0.9419,true,true,0.9419,0.0068,87.0,light (I–II),melanocytic_Nevi,melanocytic_Nevi,true
Ael484,melanocytic_Nevi,melanoma,0.7755,false,true,0.7755,1.2028,86.3,light (I–II),melanocytic_Nevi,melanoma,false
Ael488,benign_keratosis-like_lesions,melanoma,0.7231,false,true,0.7231,1.5985,77.5,light (I–II),benign_keratosis-like_lesions,melanoma,false
Ael490,melanoma,melanoma,0.6816,true,true,0.6816,0.2018,71.9,light (I–II),melanoma,melanoma,true
Ael492,melanoma,melanoma,0.9988,true,true,0.9988,0.0,73.3,light (I–II),melanoma,melanoma,true
Ael494,melanoma,melanoma,0.8947,true,true,0.8947,0.022,60.3,light (I–II),melanoma,melanoma,true
Ael496,melanoma,melanocytic_Nevi,0.9464,false,true,0.9464,1.7923,75.7,light (I–II),melanoma,melanocytic_Nevi,false
Ael498,melanoma,melanoma,0.8163,true,true,0.8163,0.0478,84.2,light (I–II),melanoma,melanoma,true
Ael502,basal_cell_carcinoma,basal_cell_carcinoma,0.8181,true,true,0.8181,0.0516,79.0,light (I–II),basal_cell_carcinoma,basal_cell_carcinoma,true
Ael504,melanoma,melanoma,0.6785,true,true,0.6785,0.206,80.4,light (I–II),melanoma,melanoma,true
Ael505,basal_cell_carcinoma,basal_cell_carcinoma,0.7427,true,true,0.7427,0.09,84.7,light (I–II),basal_cell_carcinoma,basal_cell_carcinoma,true
Ael508,melanocytic_Nevi,melanocytic_Nevi,0.9733,true,true,0.9733,0.001,86.8,light (I–II),melanocytic_Nevi,melanocytic_Nevi,true
Ael510,melanocytic_Nevi,melanocytic_Nevi,0.3665,true,true,0.3665,0.6058,84.7,light (I–II),melanocytic_Nevi,melanocytic_Nevi,true
Ael512,melanocytic_Nevi,melanocytic_Nevi,0.9977,true,true,0.9977,0.0,88.5,light (I–II),melanocytic_Nevi,melanocytic_Nevi,true
Ael514,melanoma,melanoma,0.7747,true,true,0.7747,0.0745,33.8,medium (III–IV),melanoma,melanoma,true
Ael517,melanocytic_Nevi,melanoma,0.7969,false,true,0.7969,1.2916,86.4,light (I–II),melanocytic_Nevi,melanoma,false
Ael519bis,vascular_lesions,vascular_lesions,0.9424,true,true,0.9424,0.005,89.0,light (I–II),vascular_lesions,vascular_lesions,true
Ael521,melanocytic_Nevi,melanocytic_Nevi,0.8846,true,true,0.8846,0.0191,84.2,light (I–II),melanocytic_Nevi,melanocytic_Nevi,true
Ael523,melanocytic_Nevi,melanocytic_Nevi,0.8508,true,true,0.8508,0.0442,91.0,light (I–II),melanocytic_Nevi,melanocytic_Nevi,true
Ael525,melanocytic_Nevi,melanocytic_Nevi,0.9677,true,true,0.9677,0.0021,83.8,light (I–II),melanocytic_Nevi,melanocytic_Nevi,true
Ael527,dermatofibroma,dermatofibroma,1.0,true,true,1.0,0.0,69.5,light (I–II),dermatofibroma,dermatofibroma,true
FAL006,melanoma,melanoma,0.4868,true,true,0.4868,0.4068,39.7,medium (III–IV),melanoma,melanoma,true
FAL022,melanocytic_Nevi,melanocytic_Nevi,0.8273,true,true,0.8273,0.0543,50.8,light (I–II),melanocytic_Nevi,melanocytic_Nevi,true
FAL036,melanocytic_Nevi,melanocytic_Nevi,0.9527,true,true,0.9527,0.0045,38.9,medium (III–IV),melanocytic_Nevi,melanocytic_Nevi,true
FAL038,melanocytic_Nevi,melanocytic_Nevi,0.6891,true,true,0.6891,0.1716,61.4,light (I–II),melanocytic_Nevi,melanocytic_Nevi,true
FAL042,melanocytic_Nevi,melanocytic_Nevi,0.724,true,true,0.724,0.152,49.0,light (I–II),melanocytic_Nevi,melanocytic_Nevi,true
FAL044,melanocytic_Nevi,melanocytic_Nevi,0.7048,true,true,0.7048,0.1743,36.3,medium (III–IV),melanocytic_Nevi,melanocytic_Nevi,true
FAL054,melanocytic_Nevi,melanocytic_Nevi,0.9149,true,true,0.9149,0.0144,54.8,light (I–II),melanocytic_Nevi,melanocytic_Nevi,true
FAL066,melanoma,melanoma,0.9345,true,true,0.9345,0.0072,67.4,light (I–II),melanoma,melanoma,true
FAL070,melanocytic_Nevi,melanocytic_Nevi,0.8043,true,true,0.8043,0.0581,62.6,light (I–II),melanocytic_Nevi,melanocytic_Nevi,true
FAL094,melanoma,melanoma,0.5247,true,true,0.5247,0.4454,22.0,medium (III–IV),melanoma,melanoma,true
FBL012,melanocytic_Nevi,melanocytic_Nevi,0.5428,true,true,0.5428,0.4178,72.7,light (I–II),melanocytic_Nevi,melanocytic_Nevi,true
FBL020,melanoma,melanoma,0.9237,true,true,0.9237,0.0088,92.2,light (I–II),melanoma,melanoma,true
FBL026,melanoma,melanocytic_Nevi,0.928,false,true,0.928,1.7227,80.7,light (I–II),melanoma,melanocytic_Nevi,false
FBL032,melanocytic_Nevi,melanoma,0.5665,false,true,0.5665,0.6433,84.1,light (I–II),melanocytic_Nevi,melanoma,false
FBL042,melanocytic_Nevi,melanocytic_Nevi,0.8209,true,true,0.8209,0.048,77.5,light (I–II),melanocytic_Nevi,melanocytic_Nevi,true
FBL046,melanoma,melanocytic_Nevi,0.7143,false,true,0.7143,1.0399,90.3,light (I–II),melanoma,melanocytic_Nevi,false
FBL058,melanoma,melanocytic_Nevi,0.9614,false,true,0.9614,1.8519,29.1,medium (III–IV),melanoma,melanocytic_Nevi,false
FBL062,melanocytic_Nevi,melanocytic_Nevi,0.9883,true,true,0.9883,0.0002,41.3,light (I–II),melanocytic_Nevi,melanocytic_Nevi,true
FCL018,melanocytic_Nevi,melanocytic_Nevi,0.9957,true,true,0.9957,0.0,42.8,light (I–II),melanocytic_Nevi,melanocytic_Nevi,true
FCL052,melanocytic_Nevi,melanoma,0.6003,false,true,0.6003,0.7276,80.0,light (I–II),melanocytic_Nevi,melanoma,false
FCL054,melanoma,melanoma,0.6533,true,true,0.6533,0.1828,83.4,light (I–II),melanoma,melanoma,true
FCL056,melanoma,melanoma,0.664,true,true,0.664,0.1768,48.7,light (I–II),melanoma,melanoma,true
FCL058,melanoma,melanocytic_Nevi,0.9378,false,true,0.9378,1.7591,44.9,light (I–II),melanoma,melanocytic_Nevi,false
FCL066,melanocytic_Nevi,melanocytic_Nevi,0.9067,true,true,0.9067,0.0173,57.2,light (I–II),melanocytic_Nevi,melanocytic_Nevi,true
FCL074,melanoma,melanoma,0.7943,true,true,0.7943,0.0844,80.9,light (I–II),melanoma,melanoma,true
FCL084,melanoma,melanoma,0.9554,true,true,0.9554,0.0039,55.8,light (I–II),melanoma,melanoma,true
FDL016,melanocytic_Nevi,melanoma,0.6888,false,true,0.6888,0.9619,72.0,light (I–II),melanocytic_Nevi,melanoma,false
FDL022,melanocytic_Nevi,melanocytic_Nevi,0.5576,true,true,0.5576,0.3903,62.9,light (I–II),melanocytic_Nevi,melanocytic_Nevi,true
FDL026,melanocytic_Nevi,melanoma,0.6045,false,true,0.6045,1.2429,28.7,medium (III–IV),melanocytic_Nevi,melanoma,false
FDL036,melanoma,melanoma,0.7217,true,true,0.7217,0.1544,66.2,light (I–II),melanoma,melanoma,true
FDL052,melanoma,melanoma,0.9988,true,true,0.9988,0.0,54.9,light (I–II),melanoma,melanoma,true
FFL002,melanocytic_Nevi,melanocytic_Nevi,0.7305,true,true,0.7305,0.1404,87.7,light (I–II),melanocytic_Nevi,melanocytic_Nevi,true
FFL004,melanocytic_Nevi,melanoma,0.61,false,true,0.61,0.8193,68.9,light (I–II),melanocytic_Nevi,melanoma,false
FFL006,melanocytic_Nevi,melanocytic_Nevi,0.9168,true,true,0.9168,0.0129,86.0,light (I–II),melanocytic_Nevi,melanocytic_Nevi,true
FFL008,melanocytic_Nevi,melanocytic_Nevi,0.8397,true,true,0.8397,0.0504,83.2,light (I–II),melanocytic_Nevi,melanocytic_Nevi,true
FFL020,melanoma,melanoma,0.5829,true,true,0.5829,0.3348,79.6,light (I–II),melanoma,melanoma,true
FFL032,melanocytic_Nevi,melanocytic_Nevi,0.9079,true,true,0.9079,0.0169,57.5,light (I–II),melanocytic_Nevi,melanocytic_Nevi,true
FFL052,benign_keratosis-like_lesions,benign_keratosis-like_lesions,0.9283,true,true,0.9283,0.0095,34.6,medium (III–IV),benign_keratosis-like_lesions,benign_keratosis-like_lesions,true
FFL068,melanoma,melanoma,0.7583,true,true,0.7583,0.0845,6.5,dark (V–VI),melanoma,melanoma,true
Fal012,melanocytic_Nevi,melanocytic_Nevi,0.9432,true,true,0.9432,0.0041,70.4,light (I–II),melanocytic_Nevi,melanocytic_Nevi,true
Fal020,melanocytic_Nevi,melanoma,0.5345,false,true,0.5345,0.5719,67.9,light (I–II),melanocytic_Nevi,melanoma,false
Fal024,melanocytic_Nevi,melanocytic_Nevi,0.5707,true,true,0.5707,0.3658,74.9,light (I–II),melanocytic_Nevi,melanocytic_Nevi,true
Fal048,benign_keratosis-like_lesions,benign_keratosis-like_lesions,0.3989,true,true,0.3989,0.5569,35.8,medium (III–IV),benign_keratosis-like_lesions,benign_keratosis-like_lesions,true
Fal050,melanocytic_Nevi,melanocytic_Nevi,0.5071,true,true,0.5071,0.486,73.6,light (I–II),melanocytic_Nevi,melanocytic_Nevi,true
Fal064,melanocytic_Nevi,melanocytic_Nevi,0.9593,true,true,0.9593,0.0032,72.4,light (I–II),melanocytic_Nevi,melanocytic_Nevi,true
Fal072,melanocytic_Nevi,melanoma,0.5304,false,true,0.5304,0.5627,82.8,light (I–II),melanocytic_Nevi,melanoma,false
Fal078,melanoma,melanoma,0.9796,true,true,0.9796,0.0008,65.9,light (I–II),melanoma,melanoma,true
Fal090,melanocytic_Nevi,melanocytic_Nevi,0.9319,true,true,0.9319,0.0092,77.0,light (I–II),melanocytic_Nevi,melanocytic_Nevi,true
Fal096,basal_cell_carcinoma,melanoma,0.6274,false,true,0.6274,1.2247,51.3,light (I–II),basal_cell_carcinoma,melanoma,false
Fal100,melanocytic_Nevi,melanocytic_Nevi,0.9471,true,true,0.9471,0.0041,64.0,light (I–II),melanocytic_Nevi,melanocytic_Nevi,true
Fbl002,melanocytic_Nevi,melanocytic_Nevi,0.7554,true,true,0.7554,0.1178,68.1,light (I–II),melanocytic_Nevi,melanocytic_Nevi,true
Fbl004,melanocytic_Nevi,melanoma,0.6875,false,true,0.6875,0.9478,44.5,light (I–II),melanocytic_Nevi,melanoma,false
Fbl006,melanocytic_Nevi,melanocytic_Nevi,0.913,true,true,0.913,0.0148,73.5,light (I–II),melanocytic_Nevi,melanocytic_Nevi,true
Fbl010,melanocytic_Nevi,melanocytic_Nevi,0.9249,true,true,0.9249,0.0112,52.3,light (I–II),melanocytic_Nevi,melanocytic_Nevi,true
Fbl018,melanocytic_Nevi,melanocytic_Nevi,0.93,true,true,0.93,0.0097,76.5,light (I–II),melanocytic_Nevi,melanocytic_Nevi,true
Fbl022,melanocytic_Nevi,melanocytic_Nevi,0.8766,true,true,0.8766,0.0304,81.0,light (I–II),melanocytic_Nevi,melanocytic_Nevi,true
Fbl024,melanocytic_Nevi,melanocytic_Nevi,0.8179,true,true,0.8179,0.0657,78.1,light (I–II),melanocytic_Nevi,melanocytic_Nevi,true
Fbl028,melanoma,melanocytic_Nevi,0.7208,false,true,0.7208,1.0462,45.6,light (I–II),melanoma,melanocytic_Nevi,false
Fbl030,melanocytic_Nevi,melanoma,0.6577,false,true,0.6577,0.88,51.3,light (I–II),melanocytic_Nevi,melanoma,false
Fbl036,melanocytic_Nevi,melanocytic_Nevi,0.6269,true,true,0.6269,0.2784,83.3,light (I–II),melanocytic_Nevi,melanocytic_Nevi,true
Fbl038,melanocytic_Nevi,melanocytic_Nevi,0.7599,true,true,0.7599,0.1148,74.2,light (I–II),melanocytic_Nevi,melanocytic_Nevi,true
Fbl040,melanocytic_Nevi,melanocytic_Nevi,0.6157,true,true,0.6157,0.2317,74.4,light (I–II),melanocytic_Nevi,melanocytic_Nevi,true
Fbl044,melanocytic_Nevi,melanocytic_Nevi,0.5937,true,true,0.5937,0.3257,69.5,light (I–II),melanocytic_Nevi,melanocytic_Nevi,true
Fbl048,melanocytic_Nevi,melanocytic_Nevi,0.6917,true,true,0.6917,0.19,83.8,light (I–II),melanocytic_Nevi,melanocytic_Nevi,true
Fbl050,melanoma,melanocytic_Nevi,0.9912,false,true,0.9912,1.9649,62.9,light (I–II),melanoma,melanocytic_Nevi,false
Fbl054,melanocytic_Nevi,melanoma,0.6075,false,true,0.6075,0.9274,72.5,light (I–II),melanocytic_Nevi,melanoma,false
Fbl056,melanocytic_Nevi,melanocytic_Nevi,0.5547,true,true,0.5547,0.3456,77.7,light (I–II),melanocytic_Nevi,melanocytic_Nevi,true
Fbl064,melanocytic_Nevi,melanocytic_Nevi,0.9616,true,true,0.9616,0.0028,78.1,light (I–II),melanocytic_Nevi,melanocytic_Nevi,true
Fbl068,melanocytic_Nevi,melanocytic_Nevi,0.9403,true,true,0.9403,0.0071,79.2,light (I–II),melanocytic_Nevi,melanocytic_Nevi,true
Fbl072,melanocytic_Nevi,melanocytic_Nevi,0.4565,true,true,0.4565,0.4686,79.8,light (I–II),melanocytic_Nevi,melanocytic_Nevi,true
Fbl074,melanocytic_Nevi,melanocytic_Nevi,0.9329,true,true,0.9329,0.009,73.6,light (I–II),melanocytic_Nevi,melanocytic_Nevi,true
Fbl076,melanocytic_Nevi,melanocytic_Nevi,0.7452,true,true,0.7452,0.102,83.3,light (I–II),melanocytic_Nevi,melanocytic_Nevi,true
Fbl080,melanocytic_Nevi,melanoma,0.5756,false,true,0.5756,0.6627,62.6,light (I–II),melanocytic_Nevi,melanoma,false
Fbl082,melanoma,melanocytic_Nevi,0.9765,false,true,0.9765,1.9101,74.2,light (I–II),melanoma,melanocytic_Nevi,false
Fbl088,melanocytic_Nevi,melanocytic_Nevi,0.8262,true,true,0.8262,0.0599,73.9,light (I–II),melanocytic_Nevi,melanocytic_Nevi,true
Fbl090,melanocytic_Nevi,melanocytic_Nevi,0.8291,true,true,0.8291,0.0572,77.8,light (I–II),melanocytic_Nevi,melanocytic_Nevi,true
Fbl092,melanocytic_Nevi,melanocytic_Nevi,0.8777,true,true,0.8777,0.0266,78.7,light (I–II),melanocytic_Nevi,melanocytic_Nevi,true
Fbl094,melanocytic_Nevi,melanocytic_Nevi,0.6017,true,true,0.6017,0.3149,72.5,light (I–II),melanocytic_Nevi,melanocytic_Nevi,true
Fbl098,melanocytic_Nevi,melanocytic_Nevi,0.8993,true,true,0.8993,0.0151,75.9,light (I–II),melanocytic_Nevi,melanocytic_Nevi,true
Fcl010,melanocytic_Nevi,melanocytic_Nevi,0.8828,true,true,0.8828,0.024,64.1,light (I–II),melanocytic_Nevi,melanocytic_Nevi,true
Fcl012,melanocytic_Nevi,melanocytic_Nevi,0.9309,true,true,0.9309,0.0095,57.6,light (I–II),melanocytic_Nevi,melanocytic_Nevi,true
Fcl014,melanocytic_Nevi,melanocytic_Nevi,0.7611,true,true,0.7611,0.1068,71.0,light (I–II),melanocytic_Nevi,melanocytic_Nevi,true
Fcl016,melanoma,basal_cell_carcinoma,0.4458,false,false,0.4458,1.1338,72.7,light (I–II),melanoma,basal_cell_carcinoma,false
Fcl022,melanoma,melanoma,0.9269,true,true,0.9269,0.008,69.8,light (I–II),melanoma,melanoma,true
Fcl024,melanocytic_Nevi,melanocytic_Nevi,0.9826,true,true,0.9826,0.0006,68.1,light (I–II),melanocytic_Nevi,melanocytic_Nevi,true
Fcl026,melanoma,melanoma,0.7228,true,true,0.7228,0.1498,67.9,light (I–II),melanoma,melanoma,true
Fcl028,melanocytic_Nevi,melanocytic_Nevi,0.5309,true,true,0.5309,0.4297,39.6,medium (III–IV),melanocytic_Nevi,melanocytic_Nevi,true
Fcl030,melanocytic_Nevi,melanocytic_Nevi,0.9858,true,true,0.9858,0.0004,53.6,light (I–II),melanocytic_Nevi,melanocytic_Nevi,true
Fcl032,melanocytic_Nevi,melanoma,0.5646,false,true,0.5646,0.7039,63.9,light (I–II),melanocytic_Nevi,melanoma,false
Fcl034,melanocytic_Nevi,melanocytic_Nevi,0.9403,true,true,0.9403,0.0064,72.1,light (I–II),melanocytic_Nevi,melanocytic_Nevi,true
Fcl036,melanocytic_Nevi,melanocytic_Nevi,0.9949,true,true,0.9949,0.0001,82.2,light (I–II),melanocytic_Nevi,melanocytic_Nevi,true
Fcl038,melanocytic_Nevi,melanocytic_Nevi,0.8229,true,true,0.8229,0.0502,74.4,light (I–II),melanocytic_Nevi,melanocytic_Nevi,true
Fcl040,melanoma,melanocytic_Nevi,0.8038,false,true,0.8038,1.2923,78.2,light (I–II),melanoma,melanocytic_Nevi,false
Fcl044,melanoma,melanoma,0.8251,true,true,0.8251,0.0607,73.7,light (I–II),melanoma,melanoma,true
Fcl048,melanocytic_Nevi,melanocytic_Nevi,0.801,true,true,0.801,0.0662,47.1,light (I–II),melanocytic_Nevi,melanocytic_Nevi,true
Fcl050,melanocytic_Nevi,melanocytic_Nevi,0.9753,true,true,0.9753,0.0012,74.9,light (I–II),melanocytic_Nevi,melanocytic_Nevi,true
Fcl060,melanoma,melanoma,0.7648,true,true,0.7648,0.1105,74.4,light (I–II),melanoma,melanoma,true
Fcl062,basal_cell_carcinoma,melanoma,0.962,false,false,0.962,1.9175,53.4,light (I–II),basal_cell_carcinoma,melanoma,false
Fcl068,melanoma,melanoma,0.6399,true,true,0.6399,0.2352,72.2,light (I–II),melanoma,melanoma,true
Fcl070,melanocytic_Nevi,melanocytic_Nevi,0.9855,true,true,0.9855,0.0004,61.1,light (I–II),melanocytic_Nevi,melanocytic_Nevi,true
Fcl076,melanocytic_Nevi,melanoma,0.8375,false,true,0.8375,1.4046,69.0,light (I–II),melanocytic_Nevi,melanoma,false
Fcl080,melanocytic_Nevi,melanocytic_Nevi,0.6708,true,true,0.6708,0.182,76.1,light (I–II),melanocytic_Nevi,melanocytic_Nevi,true
Fcl088,melanocytic_Nevi,vascular_lesions,0.9433,false,true,0.9433,1.8149,65.4,light (I–II),melanocytic_Nevi,vascular_lesions,false
Fcl090,melanocytic_Nevi,melanoma,0.6164,false,true,0.6164,0.7601,75.8,light (I–II),melanocytic_Nevi,melanoma,false
Fcl092,melanoma,melanoma,0.9797,true,true,0.9797,0.0006,74.5,light (I–II),melanoma,melanoma,true
Fcl094,melanocytic_Nevi,melanoma,0.7943,false,true,0.7943,1.4201,72.9,light (I–II),melanocytic_Nevi,melanoma,false
Fcl096,melanocytic_Nevi,melanocytic_Nevi,0.7709,true,true,0.7709,0.0985,69.4,light (I–II),melanocytic_Nevi,melanocytic_Nevi,true
Fcl098,melanocytic_Nevi,melanocytic_Nevi,0.8445,true,true,0.8445,0.0483,78.3,light (I–II),melanocytic_Nevi,melanocytic_Nevi,true
Fcl100,melanoma,melanoma,0.9875,true,true,0.9875,0.0003,69.3,light (I–II),melanoma,melanoma,true
Fdl002,melanocytic_Nevi,melanocytic_Nevi,0.7886,true,true,0.7886,0.0891,80.8,light (I–II),melanocytic_Nevi,melanocytic_Nevi,true
Fdl014,melanoma,melanoma,0.8011,true,true,0.8011,0.0517,54.4,light (I–II),melanoma,melanoma,true
Fdl020,melanocytic_Nevi,melanoma,0.6119,false,true,0.6119,0.753,79.6,light (I–II),melanocytic_Nevi,melanoma,false
Fdl028,melanocytic_Nevi,melanocytic_Nevi,0.6969,true,true,0.6969,0.1503,64.9,light (I–II),melanocytic_Nevi,melanocytic_Nevi,true
Fdl030,melanocytic_Nevi,melanocytic_Nevi,0.5311,true,true,0.5311,0.4392,80.3,light (I–II),melanocytic_Nevi,melanocytic_Nevi,true
Fdl032,benign_keratosis-like_lesions,melanocytic_Nevi,0.338,false,false,0.338,1.0856,76.4,light (I–II),benign_keratosis-like_lesions,melanocytic_Nevi,false
Fdl054,melanocytic_Nevi,vascular_lesions,0.4894,false,true,0.4894,0.6306,76.0,light (I–II),melanocytic_Nevi,vascular_lesions,false
Fdl056,melanoma,melanocytic_Nevi,0.5352,false,true,0.5352,0.587,56.2,light (I–II),melanoma,melanocytic_Nevi,false
Fdl058,benign_keratosis-like_lesions,benign_keratosis-like_lesions,0.6897,true,true,0.6897,0.1706,61.7,light (I–II),benign_keratosis-like_lesions,benign_keratosis-like_lesions,true
Fdl060,benign_keratosis-like_lesions,melanoma,0.8991,false,true,0.8991,1.8182,66.5,light (I–II),benign_keratosis-like_lesions,melanoma,false
Fdl062,melanocytic_Nevi,melanocytic_Nevi,0.729,true,true,0.729,0.1463,63.9,light (I–II),melanocytic_Nevi,melanocytic_Nevi,true
Fdl070,basal_cell_carcinoma,melanoma,0.6193,false,false,0.6193,1.4666,70.8,light (I–II),basal_cell_carcinoma,melanoma,false
Fdl071,benign_keratosis-like_lesions,benign_keratosis-like_lesions,0.8834,true,true,0.8834,0.0176,61.4,light (I–II),benign_keratosis-like_lesions,benign_keratosis-like_lesions,true
Fdl074,benign_keratosis-like_lesions,melanoma,0.8239,false,true,0.8239,1.4472,69.1,light (I–II),benign_keratosis-like_lesions,melanoma,false
Fel002,melanocytic_Nevi,melanocytic_Nevi,0.7278,true,true,0.7278,0.148,75.0,light (I–II),melanocytic_Nevi,melanocytic_Nevi,true
Fel016,melanocytic_Nevi,melanocytic_Nevi,0.8901,true,true,0.8901,0.024,83.6,light (I–II),melanocytic_Nevi,melanocytic_Nevi,true
Fel018,melanocytic_Nevi,melanoma,0.6097,false,true,0.6097,0.7459,80.5,light (I–II),melanocytic_Nevi,melanoma,false
Fel024,melanocytic_Nevi,melanoma,0.6007,false,true,0.6007,0.7332,55.3,light (I–II),melanocytic_Nevi,melanoma,false
Fel030,melanocytic_Nevi,melanocytic_Nevi,0.9184,true,true,0.9184,0.0128,75.7,light (I–II),melanocytic_Nevi,melanocytic_Nevi,true
Fel034,melanocytic_Nevi,melanoma,0.7276,false,true,0.7276,1.1156,51.9,light (I–II),melanocytic_Nevi,melanoma,false
Fel038,melanocytic_Nevi,benign_keratosis-like_lesions,0.6667,false,true,0.6667,1.0184,77.0,light (I–II),melanocytic_Nevi,benign_keratosis-like_lesions,false
Fel052,melanocytic_Nevi,melanocytic_Nevi,0.7848,true,true,0.7848,0.0926,78.4,light (I–II),melanocytic_Nevi,melanocytic_Nevi,true
Fel064,melanocytic_Nevi,melanocytic_Nevi,0.614,true,true,0.614,0.2917,28.1,medium (III–IV),melanocytic_Nevi,melanocytic_Nevi,true
Fel068,melanocytic_Nevi,melanocytic_Nevi,0.9238,true,true,0.9238,0.0116,57.7,light (I–II),melanocytic_Nevi,melanocytic_Nevi,true
Fel070,melanocytic_Nevi,melanocytic_Nevi,0.8718,true,true,0.8718,0.0325,81.7,light (I–II),melanocytic_Nevi,melanocytic_Nevi,true
Fel072,melanocytic_Nevi,melanoma,0.8374,false,true,0.8374,1.4026,54.4,light (I–II),melanocytic_Nevi,melanoma,false
Fel074,melanocytic_Nevi,benign_keratosis-like_lesions,0.7193,false,true,0.7193,1.1162,61.2,light (I–II),melanocytic_Nevi,benign_keratosis-like_lesions,false
Fel080,melanocytic_Nevi,melanocytic_Nevi,0.9335,true,true,0.9335,0.0087,83.9,light (I–II),melanocytic_Nevi,melanocytic_Nevi,true
Fel082,melanocytic_Nevi,melanocytic_Nevi,0.9035,true,true,0.9035,0.0186,81.3,light (I–II),melanocytic_Nevi,melanocytic_Nevi,true
Fel084,melanocytic_Nevi,melanocytic_Nevi,0.9588,true,true,0.9588,0.0034,79.1,light (I–II),melanocytic_Nevi,melanocytic_Nevi,true
Fel086,melanocytic_Nevi,melanocytic_Nevi,0.5651,true,true,0.5651,0.3782,74.7,light (I–II),melanocytic_Nevi,melanocytic_Nevi,true
Fel088,melanocytic_Nevi,melanocytic_Nevi,0.6856,true,true,0.6856,0.1828,84.4,light (I–II),melanocytic_Nevi,melanocytic_Nevi,true
Fel092,melanocytic_Nevi,melanocytic_Nevi,0.8521,true,true,0.8521,0.0321,67.4,light (I–II),melanocytic_Nevi,melanocytic_Nevi,true
Fel096,melanocytic_Nevi,melanocytic_Nevi,0.8071,true,true,0.8071,0.072,78.4,light (I–II),melanocytic_Nevi,melanocytic_Nevi,true
Fel098,melanoma,melanoma,0.8436,true,true,0.8436,0.0479,82.2,light (I–II),melanoma,melanoma,true
Fel100,melanocytic_Nevi,melanocytic_Nevi,0.9648,true,true,0.9648,0.0023,72.5,light (I–II),melanocytic_Nevi,melanocytic_Nevi,true
Ffl010,melanocytic_Nevi,melanocytic_Nevi,0.9469,true,true,0.9469,0.0042,58.4,light (I–II),melanocytic_Nevi,melanocytic_Nevi,true
Ffl014,melanocytic_Nevi,benign_keratosis-like_lesions,0.685,false,true,0.685,1.0674,69.8,light (I–II),melanocytic_Nevi,benign_keratosis-like_lesions,false
Ffl016,melanocytic_Nevi,melanocytic_Nevi,0.711,true,true,0.711,0.1352,85.4,light (I–II),melanocytic_Nevi,melanocytic_Nevi,true
Ffl034,melanocytic_Nevi,melanocytic_Nevi,0.7395,true,true,0.7395,0.1143,73.6,light (I–II),melanocytic_Nevi,melanocytic_Nevi,true
Ffl042,melanocytic_Nevi,melanocytic_Nevi,0.8512,true,true,0.8512,0.0367,71.3,light (I–II),melanocytic_Nevi,melanocytic_Nevi,true
Ffl062,melanocytic_Nevi,melanoma,0.8983,false,true,0.8983,1.7414,-32.2,dark (V–VI),melanocytic_Nevi,melanoma,false
Ffl066,melanocytic_Nevi,melanocytic_Nevi,0.9313,true,true,0.9313,0.0094,71.7,light (I–II),melanocytic_Nevi,melanocytic_Nevi,true
Ffl070,benign_keratosis-like_lesions,benign_keratosis-like_lesions,0.5758,true,true,0.5758,0.3331,51.8,light (I–II),benign_keratosis-like_lesions,benign_keratosis-like_lesions,true
Ffl078,melanocytic_Nevi,melanocytic_Nevi,0.9068,true,true,0.9068,0.0161,77.1,light (I–II),melanocytic_Nevi,melanocytic_Nevi,true
Ffl080,melanoma,melanocytic_Nevi,0.6174,false,true,0.6174,0.7625,84.9,light (I–II),melanoma,melanocytic_Nevi,false
Ffl082,melanocytic_Nevi,melanocytic_Nevi,0.8374,true,true,0.8374,0.0528,50.9,light (I–II),melanocytic_Nevi,melanocytic_Nevi,true
Ffl084,melanocytic_Nevi,melanoma,0.6002,false,true,0.6002,0.7749,74.4,light (I–II),melanocytic_Nevi,melanoma,false
Ffl092,melanoma,melanocytic_Nevi,0.472,false,true,0.472,0.5836,75.2,light (I–II),melanoma,melanocytic_Nevi,false
Ffl094,melanoma,benign_keratosis-like_lesions,0.498,false,true,0.498,0.5261,47.8,light (I–II),melanoma,benign_keratosis-like_lesions,false
Ffl096,melanocytic_Nevi,melanoma,0.5712,false,true,0.5712,0.8352,31.2,medium (III–IV),melanocytic_Nevi,melanoma,false
Ffl100,melanocytic_Nevi,melanocytic_Nevi,0.6401,true,true,0.6401,0.1946,58.8,light (I–II),melanocytic_Nevi,melanocytic_Nevi,true
Fgl002,melanocytic_Nevi,melanocytic_Nevi,0.7835,true,true,0.7835,0.0708,74.2,light (I–II),melanocytic_Nevi,melanocytic_Nevi,true
Fgl005,melanocytic_Nevi,benign_keratosis-like_lesions,0.7458,false,true,0.7458,1.349,58.1,light (I–II),melanocytic_Nevi,benign_keratosis-like_lesions,false
Fgl006,melanoma,melanoma,0.8346,true,true,0.8346,0.0507,56.7,light (I–II),melanoma,melanoma,true
Fgl008,melanocytic_Nevi,melanocytic_Nevi,0.7399,true,true,0.7399,0.1353,80.3,light (I–II),melanocytic_Nevi,melanocytic_Nevi,true
Fgl010,melanocytic_Nevi,melanocytic_Nevi,0.968,true,true,0.968,0.002,77.6,light (I–II),melanocytic_Nevi,melanocytic_Nevi,true
Fgl012,melanocytic_Nevi,melanocytic_Nevi,0.9641,true,true,0.9641,0.0023,79.9,light (I–II),melanocytic_Nevi,melanocytic_Nevi,true
Fgl014,melanocytic_Nevi,melanocytic_Nevi,0.9285,true,true,0.9285,0.0076,44.8,light (I–II),melanocytic_Nevi,melanocytic_Nevi,true
Fgl018,melanoma,melanocytic_Nevi,0.6939,false,true,0.6939,0.9656,76.2,light (I–II),melanoma,melanocytic_Nevi,false
Fgl020,melanocytic_Nevi,melanocytic_Nevi,0.9194,true,true,0.9194,0.0127,59.1,light (I–II),melanocytic_Nevi,melanocytic_Nevi,true
Fgl023,melanocytic_Nevi,melanocytic_Nevi,0.9559,true,true,0.9559,0.0029,70.7,light (I–II),melanocytic_Nevi,melanocytic_Nevi,true
Fgl029,melanoma,melanoma,0.989,true,true,0.989,0.0002,53.5,light (I–II),melanoma,melanoma,true
Fgl035,melanocytic_Nevi,benign_keratosis-like_lesions,0.6427,false,true,0.6427,0.9945,75.5,light (I–II),melanocytic_Nevi,benign_keratosis-like_lesions,false
Fgl036,melanocytic_Nevi,melanocytic_Nevi,0.8643,true,true,0.8643,0.0368,79.8,light (I–II),melanocytic_Nevi,melanocytic_Nevi,true
Fgl037,melanocytic_Nevi,melanocytic_Nevi,0.8718,true,true,0.8718,0.0251,71.6,light (I–II),melanocytic_Nevi,melanocytic_Nevi,true
Fgl042,melanocytic_Nevi,melanocytic_Nevi,0.9387,true,true,0.9387,0.0072,85.3,light (I–II),melanocytic_Nevi,melanocytic_Nevi,true
Fgl044,melanoma,melanoma,0.8613,true,true,0.8613,0.0361,-12.9,dark (V–VI),melanoma,melanoma,true
Fgl047,melanocytic_Nevi,melanoma,0.8156,false,true,0.8156,1.3345,37.3,medium (III–IV),melanocytic_Nevi,melanoma,false
Fgl051,melanocytic_Nevi,melanocytic_Nevi,0.7348,true,true,0.7348,0.14,81.7,light (I–II),melanocytic_Nevi,melanocytic_Nevi,true
Fgl053,basal_cell_carcinoma,melanoma,0.7438,false,true,0.7438,1.5077,-1.2,dark (V–VI),basal_cell_carcinoma,melanoma,false
Fgl055,melanocytic_Nevi,melanocytic_Nevi,0.9535,true,true,0.9535,0.0043,81.4,light (I–II),melanocytic_Nevi,melanocytic_Nevi,true
Fgl057,melanoma,melanoma,0.6745,true,true,0.6745,0.206,56.8,light (I–II),melanoma,melanoma,true
Fgl059,benign_keratosis-like_lesions,melanoma,0.9081,false,true,0.9081,1.8275,-3.8,dark (V–VI),benign_keratosis-like_lesions,melanoma,false
Fgl061,melanoma,melanoma,0.8044,true,true,0.8044,0.0644,61.8,light (I–II),melanoma,melanoma,true
Fgl063,melanocytic_Nevi,melanocytic_Nevi,0.8667,true,true,0.8667,0.0349,73.9,light (I–II),melanocytic_Nevi,melanocytic_Nevi,true
Fgl068,melanocytic_Nevi,melanocytic_Nevi,0.5528,true,true,0.5528,0.3701,55.0,light (I–II),melanocytic_Nevi,melanocytic_Nevi,true
Fgl072,melanocytic_Nevi,melanocytic_Nevi,0.595,true,true,0.595,0.3279,69.2,light (I–II),melanocytic_Nevi,melanocytic_Nevi,true
Fgl074,melanocytic_Nevi,melanocytic_Nevi,0.5959,true,true,0.5959,0.3266,76.8,light (I–II),melanocytic_Nevi,melanocytic_Nevi,true
Fgl078,melanocytic_Nevi,melanocytic_Nevi,0.9565,true,true,0.9565,0.0036,55.4,light (I–II),melanocytic_Nevi,melanocytic_Nevi,true
Fgl082,melanoma,melanoma,0.5852,true,true,0.5852,0.3437,60.0,light (I–II),melanoma,melanoma,true
Fgl083,melanoma,melanoma,0.481,true,true,0.481,0.459,64.8,light (I–II),melanoma,melanoma,true
Fgl087,melanocytic_Nevi,melanocytic_Nevi,0.8854,true,true,0.8854,0.0235,61.6,light (I–II),melanocytic_Nevi,melanocytic_Nevi,true
Fgl088,basal_cell_carcinoma,melanoma,0.7221,false,false,0.7221,1.5502,71.5,light (I–II),basal_cell_carcinoma,melanoma,false
Fgl090,melanocytic_Nevi,melanocytic_Nevi,0.5463,true,true,0.5463,0.3101,53.8,light (I–II),melanocytic_Nevi,melanocytic_Nevi,true
Fhl002,benign_keratosis-like_lesions,melanoma,0.8708,false,true,0.8708,1.7273,72.2,light (I–II),benign_keratosis-like_lesions,melanoma,false
Fhl004,benign_keratosis-like_lesions,melanoma,0.3934,false,true,0.3934,0.5845,62.7,light (I–II),benign_keratosis-like_lesions,melanoma,false
Fhl006,benign_keratosis-like_lesions,melanoma,0.9267,false,true,0.9267,1.7747,54.4,light (I–II),benign_keratosis-like_lesions,melanoma,false
Fhl008,benign_keratosis-like_lesions,benign_keratosis-like_lesions,0.3922,true,true,0.3922,0.488,58.6,light (I–II),benign_keratosis-like_lesions,benign_keratosis-like_lesions,true
Fhl010,benign_keratosis-like_lesions,melanoma,0.6479,false,true,0.6479,1.3435,20.2,medium (III–IV),benign_keratosis-like_lesions,melanoma,false
Fhl012,benign_keratosis-like_lesions,melanoma,0.5779,false,true,0.5779,1.1182,79.0,light (I–II),benign_keratosis-like_lesions,melanoma,false
Fhl014,benign_keratosis-like_lesions,basal_cell_carcinoma,0.3927,false,true,0.3927,0.9114,83.1,light (I–II),benign_keratosis-like_lesions,basal_cell_carcinoma,false
Fhl016,benign_keratosis-like_lesions,melanoma,0.5731,false,true,0.5731,1.1559,84.9,light (I–II),benign_keratosis-like_lesions,melanoma,false
Fhl018,benign_keratosis-like_lesions,melanoma,0.8536,false,true,0.8536,1.5546,17.5,dark (V–VI),benign_keratosis-like_lesions,melanoma,false
Fhl022,benign_keratosis-like_lesions,melanoma,0.9887,false,true,0.9887,1.9752,25.1,medium (III–IV),benign_keratosis-like_lesions,melanoma,false
Fhl028,benign_keratosis-like_lesions,melanoma,0.5485,false,true,0.5485,1.0546,61.2,light (I–II),benign_keratosis-like_lesions,melanoma,false
Fhl030,melanocytic_Nevi,melanocytic_Nevi,0.6052,true,true,0.6052,0.243,73.6,light (I–II),melanocytic_Nevi,melanocytic_Nevi,true
Fhl032,melanocytic_Nevi,melanoma,0.6687,false,true,0.6687,0.8992,79.9,light (I–II),melanocytic_Nevi,melanoma,false
Fhl034,melanocytic_Nevi,melanocytic_Nevi,0.6086,true,true,0.6086,0.3063,59.2,light (I–II),melanocytic_Nevi,melanocytic_Nevi,true
Fhl038,melanocytic_Nevi,melanocytic_Nevi,0.6614,true,true,0.6614,0.2049,92.0,light (I–II),melanocytic_Nevi,melanocytic_Nevi,true
Fhl040,melanocytic_Nevi,melanocytic_Nevi,0.5365,true,true,0.5365,0.3438,76.4,light (I–II),melanocytic_Nevi,melanocytic_Nevi,true
Fhl042,melanocytic_Nevi,melanocytic_Nevi,0.9653,true,true,0.9653,0.0024,70.5,light (I–II),melanocytic_Nevi,melanocytic_Nevi,true
Fhl044,dermatofibroma,actinic_keratoses,0.6547,false,true,0.6547,1.2002,74.7,light (I–II),dermatofibroma,actinic_keratoses,false
Fhl046,melanoma,melanoma,0.7858,true,true,0.7858,0.0836,79.8,light (I–II),melanoma,melanoma,true
Fhl048,benign_keratosis-like_lesions,melanocytic_Nevi,0.5263,false,true,0.5263,1.4941,64.7,light (I–II),benign_keratosis-like_lesions,melanocytic_Nevi,false
Fhl050,basal_cell_carcinoma,basal_cell_carcinoma,0.9846,true,true,0.9846,0.0003,73.9,light (I–II),basal_cell_carcinoma,basal_cell_carcinoma,true
Fhl052,basal_cell_carcinoma,actinic_keratoses,0.9275,false,true,0.9275,1.7545,57.6,light (I–II),basal_cell_carcinoma,actinic_keratoses,false
Fhl058,vascular_lesions,melanoma,0.438,false,false,0.438,1.3222,43.3,light (I–II),vascular_lesions,melanoma,false
Fhl060,vascular_lesions,melanocytic_Nevi,0.3041,false,false,0.3041,1.1763,84.3,light (I–II),vascular_lesions,melanocytic_Nevi,false
Fhl064,melanocytic_Nevi,melanocytic_Nevi,0.9297,true,true,0.9297,0.0098,46.3,light (I–II),melanocytic_Nevi,melanocytic_Nevi,true
Fhl066,melanocytic_Nevi,melanocytic_Nevi,0.9341,true,true,0.9341,0.0084,35.8,medium (III–IV),melanocytic_Nevi,melanocytic_Nevi,true
Fhl070,melanocytic_Nevi,melanocytic_Nevi,0.9512,true,true,0.9512,0.0046,67.9,light (I–II),melanocytic_Nevi,melanocytic_Nevi,true
Fhl072,melanocytic_Nevi,melanocytic_Nevi,0.7936,true,true,0.7936,0.0816,37.7,medium (III–IV),melanocytic_Nevi,melanocytic_Nevi,true
Fhl074,melanocytic_Nevi,melanocytic_Nevi,0.9717,true,true,0.9717,0.0016,65.0,light (I–II),melanocytic_Nevi,melanocytic_Nevi,true
Fhl076,melanocytic_Nevi,melanocytic_Nevi,0.8913,true,true,0.8913,0.0232,64.5,light (I–II),melanocytic_Nevi,melanocytic_Nevi,true
Fhl078,melanocytic_Nevi,melanocytic_Nevi,0.9866,true,true,0.9866,0.0003,65.5,light (I–II),melanocytic_Nevi,melanocytic_Nevi,true
Fhl080,melanocytic_Nevi,melanocytic_Nevi,0.8319,true,true,0.8319,0.0439,43.1,light (I–II),melanocytic_Nevi,melanocytic_Nevi,true
Fhl082,melanocytic_Nevi,melanocytic_Nevi,0.6625,true,true,0.6625,0.2075,57.6,light (I–II),melanocytic_Nevi,melanocytic_Nevi,true
Fhl084,melanocytic_Nevi,melanocytic_Nevi,0.7755,true,true,0.7755,0.0993,53.9,light (I–II),melanocytic_Nevi,melanocytic_Nevi,true
Fhl086,melanocytic_Nevi,melanocytic_Nevi,0.951,true,true,0.951,0.0043,63.5,light (I–II),melanocytic_Nevi,melanocytic_Nevi,true
Fhl088,melanocytic_Nevi,melanoma,0.849,false,true,0.849,1.4438,63.2,light (I–II),melanocytic_Nevi,melanoma,false
Fhl090,melanocytic_Nevi,melanocytic_Nevi,0.7448,true,true,0.7448,0.1294,60.4,light (I–II),melanocytic_Nevi,melanocytic_Nevi,true
Fhl092,melanocytic_Nevi,melanocytic_Nevi,0.9459,true,true,0.9459,0.0058,75.0,light (I–II),melanocytic_Nevi,melanocytic_Nevi,true
Fhl094,melanocytic_Nevi,melanocytic_Nevi,0.9227,true,true,0.9227,0.0089,57.1,light (I–II),melanocytic_Nevi,melanocytic_Nevi,true
Fhl096,melanocytic_Nevi,melanoma,0.7727,false,true,0.7727,1.1953,59.2,light (I–II),melanocytic_Nevi,melanoma,false
Fhl098,melanocytic_Nevi,melanocytic_Nevi,0.5461,true,true,0.5461,0.4108,58.8,light (I–II),melanocytic_Nevi,melanocytic_Nevi,true
Fhl100,melanocytic_Nevi,melanocytic_Nevi,0.9583,true,true,0.9583,0.0035,71.9,light (I–II),melanocytic_Nevi,melanocytic_Nevi,true
Fil004,melanoma,melanocytic_Nevi,0.7625,false,true,0.7625,1.1661,80.6,light (I–II),melanoma,melanocytic_Nevi,false
Fil006,melanoma,melanocytic_Nevi,0.5749,false,true,0.5749,0.6612,68.2,light (I–II),melanoma,melanocytic_Nevi,false
Fil008,melanoma,melanoma,0.9601,true,true,0.9601,0.0024,66.3,light (I–II),melanoma,melanoma,true
Fil010,melanoma,melanoma,0.986,true,true,0.986,0.0004,63.3,light (I–II),melanoma,melanoma,true
Fil032,melanoma,melanocytic_Nevi,0.7712,false,true,0.7712,1.1953,58.1,light (I–II),melanoma,melanocytic_Nevi,false
Fil040,melanoma,vascular_lesions,0.4884,false,true,0.4884,0.8677,53.2,light (I–II),melanoma,vascular_lesions,false
Fil052,melanoma,melanoma,0.9247,true,true,0.9247,0.0113,79.3,light (I–II),melanoma,melanoma,true
Fil062,melanocytic_Nevi,melanocytic_Nevi,0.6883,true,true,0.6883,0.191,86.1,light (I–II),melanocytic_Nevi,melanocytic_Nevi,true
Fil064,benign_keratosis-like_lesions,melanocytic_Nevi,0.5605,false,true,0.5605,1.1583,87.2,light (I–II),benign_keratosis-like_lesions,melanocytic_Nevi,false
Fil070,melanoma,melanoma,0.5441,true,true,0.5441,0.4156,79.0,light (I–II),melanoma,melanoma,true
Fil080,benign_keratosis-like_lesions,benign_keratosis-like_lesions,0.7484,true,true,0.7484,0.0873,70.1,light (I–II),benign_keratosis-like_lesions,benign_keratosis-like_lesions,true
Fil082,vascular_lesions,vascular_lesions,0.9993,true,true,0.9993,0.0,78.9,light (I–II),vascular_lesions,vascular_lesions,true
Fil088,melanocytic_Nevi,melanocytic_Nevi,0.8606,true,true,0.8606,0.0293,76.6,light (I–II),melanocytic_Nevi,melanocytic_Nevi,true
Fil094,melanocytic_Nevi,melanocytic_Nevi,0.4427,true,true,0.4427,0.4845,78.4,light (I–II),melanocytic_Nevi,melanocytic_Nevi,true
Fll019,melanocytic_Nevi,melanocytic_Nevi,0.5948,true,true,0.5948,0.3278,30.3,medium (III–IV),melanocytic_Nevi,melanocytic_Nevi,true
Fll021,melanocytic_Nevi,melanocytic_Nevi,0.4481,true,true,0.4481,0.4848,69.7,light (I–II),melanocytic_Nevi,melanocytic_Nevi,true
Fll023,melanocytic_Nevi,melanocytic_Nevi,0.8926,true,true,0.8926,0.0231,62.9,light (I–II),melanocytic_Nevi,melanocytic_Nevi,true
Fll027,melanoma,melanoma,0.987,true,true,0.987,0.0003,68.0,light (I–II),melanoma,melanoma,true
Fll035,melanocytic_Nevi,melanocytic_Nevi,0.8468,true,true,0.8468,0.0469,63.3,light (I–II),melanocytic_Nevi,melanocytic_Nevi,true
Fll037,melanocytic_Nevi,melanocytic_Nevi,0.9534,true,true,0.9534,0.0041,74.9,light (I–II),melanocytic_Nevi,melanocytic_Nevi,true
Fll039,melanocytic_Nevi,melanoma,0.538,false,true,0.538,0.5804,55.2,light (I–II),melanocytic_Nevi,melanoma,false
Fll041,melanocytic_Nevi,melanoma,0.9234,false,true,0.9234,1.7054,60.3,light (I–II),melanocytic_Nevi,melanoma,false
Fll043,melanocytic_Nevi,melanocytic_Nevi,0.9282,true,true,0.9282,0.0103,76.5,light (I–II),melanocytic_Nevi,melanocytic_Nevi,true
Fll045,melanoma,melanoma,0.9936,true,true,0.9936,0.0001,-47.0,dark (V–VI),melanoma,melanoma,true
Fll047,melanoma,melanoma,0.9971,true,true,0.9971,0.0,66.7,light (I–II),melanoma,melanoma,true
Fll065,melanocytic_Nevi,melanocytic_Nevi,0.8471,true,true,0.8471,0.0437,65.7,light (I–II),melanocytic_Nevi,melanocytic_Nevi,true
Fll069,melanoma,melanoma,0.9715,true,true,0.9715,0.0016,72.3,light (I–II),melanoma,melanoma,true
Fll071,melanoma,melanoma,0.6692,true,true,0.6692,0.2186,68.3,light (I–II),melanoma,melanoma,true
Fll077,melanocytic_Nevi,melanoma,0.5044,false,true,0.5044,0.5092,79.4,light (I–II),melanocytic_Nevi,melanoma,false
Fll083,melanocytic_Nevi,melanoma,0.6339,false,true,0.6339,0.8039,60.2,light (I–II),melanocytic_Nevi,melanoma,false
Fll085,melanoma,melanoma,0.9009,true,true,0.9009,0.0152,45.9,light (I–II),melanoma,melanoma,true
Fll087,melanocytic_Nevi,melanocytic_Nevi,0.8985,true,true,0.8985,0.0206,74.9,light (I–II),melanocytic_Nevi,melanocytic_Nevi,true
Fll089,melanocytic_Nevi,melanocytic_Nevi,0.3924,true,true,0.3924,0.559,63.4,light (I–II),melanocytic_Nevi,melanocytic_Nevi,true
Fll091,melanocytic_Nevi,melanoma,0.5283,false,true,0.5283,0.5584,66.5,light (I–II),melanocytic_Nevi,melanoma,false
Fll097,melanoma,melanoma,1.0,true,true,1.0,0.0,-71.2,dark (V–VI),melanoma,melanoma,true
Fll104,benign_keratosis-like_lesions,melanoma,0.7345,false,true,0.7345,1.374,69.4,light (I–II),benign_keratosis-like_lesions,melanoma,false
Fll108,melanoma,melanocytic_Nevi,0.6244,false,true,0.6244,0.8279,18.8,dark (V–VI),melanoma,melanocytic_Nevi,false
Fll116,melanoma,melanoma,0.8089,true,true,0.8089,0.0718,26.3,medium (III–IV),melanoma,melanoma,true
Fll118,melanoma,melanoma,0.9728,true,true,0.9728,0.0011,72.6,light (I–II),melanoma,melanoma,true
Fll122,melanoma,melanoma,0.9795,true,true,0.9795,0.0007,88.7,light (I–II),melanoma,melanoma,true
Fll126,melanoma,melanoma,0.9981,true,true,0.9981,0.0,73.0,light (I–II),melanoma,melanoma,true
Fll128,melanoma,melanocytic_Nevi,0.7434,false,true,0.7434,1.186,74.2,light (I–II),melanoma,melanocytic_Nevi,false
Fll130,melanoma,melanoma,0.9949,true,true,0.9949,0.0001,39.5,medium (III–IV),melanoma,melanoma,true
Fll132,melanoma,melanoma,0.6239,true,true,0.6239,0.2829,87.0,light (I–II),melanoma,melanoma,true
Fll136,melanoma,melanoma,0.7767,true,true,0.7767,0.0996,71.6,light (I–II),melanoma,melanoma,true
Fll142,melanocytic_Nevi,melanoma,0.7211,false,true,0.7211,1.04,79.4,light (I–II),melanocytic_Nevi,melanoma,false
Fml010,melanocytic_Nevi,melanoma,0.732,false,true,0.732,1.0716,65.3,light (I–II),melanocytic_Nevi,melanoma,false
Fml020,melanocytic_Nevi,melanoma,0.609,false,true,0.609,0.7429,84.3,light (I–II),melanocytic_Nevi,melanoma,false
Fml026,benign_keratosis-like_lesions,benign_keratosis-like_lesions,0.7545,true,true,0.7545,0.1017,74.2,light (I–II),benign_keratosis-like_lesions,benign_keratosis-like_lesions,true
Gal006,melanocytic_Nevi,melanocytic_Nevi,0.9415,true,true,0.9415,0.0068,85.7,light (I–II),melanocytic_Nevi,melanocytic_Nevi,true
Gal008,benign_keratosis-like_lesions,melanocytic_Nevi,0.4569,false,true,0.4569,1.2173,86.7,light (I–II),benign_keratosis-like_lesions,melanocytic_Nevi,false
Gal010,melanocytic_Nevi,melanocytic_Nevi,0.9539,true,true,0.9539,0.0043,70.0,light (I–II),melanocytic_Nevi,melanocytic_Nevi,true
Gal016,melanocytic_Nevi,melanoma,0.9255,false,true,0.9255,1.713,68.9,light (I–II),melanocytic_Nevi,melanoma,false
Gal025,melanocytic_Nevi,melanocytic_Nevi,0.8306,true,true,0.8306,0.0574,92.3,light (I–II),melanocytic_Nevi,melanocytic_Nevi,true
Gal033,melanocytic_Nevi,melanocytic_Nevi,0.7642,true,true,0.7642,0.0742,79.1,light (I–II),melanocytic_Nevi,melanocytic_Nevi,true
Gal039,melanoma,melanocytic_Nevi,0.6673,false,true,0.6673,0.8907,81.1,light (I–II),melanoma,melanocytic_Nevi,false
Gal043,melanocytic_Nevi,melanoma,0.6954,false,true,0.6954,0.9671,89.6,light (I–II),melanocytic_Nevi,melanoma,false
Gal045,melanocytic_Nevi,melanocytic_Nevi,0.9793,true,true,0.9793,0.0008,88.8,light (I–II),melanocytic_Nevi,melanocytic_Nevi,true
Gal047,melanocytic_Nevi,melanocytic_Nevi,0.931,true,true,0.931,0.0088,81.6,light (I–II),melanocytic_Nevi,melanocytic_Nevi,true
Gal049,melanocytic_Nevi,melanocytic_Nevi,0.8994,true,true,0.8994,0.0155,78.8,light (I–II),melanocytic_Nevi,melanocytic_Nevi,true
Gal058,melanocytic_Nevi,melanocytic_Nevi,0.9648,true,true,0.9648,0.0025,71.3,light (I–II),melanocytic_Nevi,melanocytic_Nevi,true
Gal062,melanocytic_Nevi,melanoma,0.9664,false,true,0.9664,1.8785,-35.8,dark (V–VI),melanocytic_Nevi,melanoma,false
Gal098,basal_cell_carcinoma,melanoma,0.8502,false,true,0.8502,1.71,89.4,light (I–II),basal_cell_carcinoma,melanoma,false
Gal108,melanoma,melanoma,0.9756,true,true,0.9756,0.0012,76.8,light (I–II),melanoma,melanoma,true
Gal113,melanoma,melanoma,0.866,true,true,0.866,0.0359,90.0,light (I–II),melanoma,melanoma,true
Gal130,benign_keratosis-like_lesions,melanoma,0.932,false,true,0.932,1.7788,2.6,dark (V–VI),benign_keratosis-like_lesions,melanoma,false
Gal134,benign_keratosis-like_lesions,melanocytic_Nevi,0.7208,false,true,0.7208,1.5583,80.8,light (I–II),benign_keratosis-like_lesions,melanocytic_Nevi,false
Gal146,melanoma,melanoma,0.9966,true,true,0.9966,0.0,61.6,light (I–II),melanoma,melanoma,true
Gal152,melanocytic_Nevi,melanocytic_Nevi,0.9942,true,true,0.9942,0.0001,90.6,light (I–II),melanocytic_Nevi,melanocytic_Nevi,true
Gal169,benign_keratosis-like_lesions,melanoma,0.5219,false,true,0.5219,0.9611,74.3,light (I–II),benign_keratosis-like_lesions,melanoma,false
Gal171,benign_keratosis-like_lesions,actinic_keratoses,0.5602,false,true,0.5602,1.01,52.6,light (I–II),benign_keratosis-like_lesions,actinic_keratoses,false
Gal173,benign_keratosis-like_lesions,melanoma,0.837,false,true,0.837,1.7235,-59.1,dark (V–VI),benign_keratosis-like_lesions,melanoma,false
Gal185,melanoma,melanoma,0.727,true,true,0.727,0.1319,-90.0,dark (V–VI),melanoma,melanoma,true
Gal191,melanocytic_Nevi,melanoma,0.8076,false,true,0.8076,1.3078,83.9,light (I–II),melanocytic_Nevi,melanoma,false
Gal209,melanoma,melanocytic_Nevi,0.7454,false,true,0.7454,1.1266,42.2,light (I–II),melanoma,melanocytic_Nevi,false
Gal211,melanoma,melanoma,0.6884,true,true,0.6884,0.1941,68.4,light (I–II),melanoma,melanoma,true
Gal216,melanocytic_Nevi,melanocytic_Nevi,0.6531,true,true,0.6531,0.2363,86.4,light (I–II),melanocytic_Nevi,melanocytic_Nevi,true
Gal218,melanocytic_Nevi,melanoma,0.925,false,true,0.925,1.7446,90.0,light (I–II),melanocytic_Nevi,melanoma,false
Gal220,melanoma,melanoma,0.9946,true,true,0.9946,0.0001,81.1,light (I–II),melanoma,melanoma,true
Gal222,melanocytic_Nevi,melanoma,0.7317,false,true,0.7317,1.0707,91.4,light (I–II),melanocytic_Nevi,melanoma,false
Gal226,dermatofibroma,melanoma,0.7913,false,true,0.7913,1.5387,85.0,light (I–II),dermatofibroma,melanoma,false
Gal230,melanocytic_Nevi,melanocytic_Nevi,0.9766,true,true,0.9766,0.0011,86.8,light (I–II),melanocytic_Nevi,melanocytic_Nevi,true
Gal232,melanocytic_Nevi,melanocytic_Nevi,0.7244,true,true,0.7244,0.1518,88.9,light (I–II),melanocytic_Nevi,melanocytic_Nevi,true
Gal238,melanocytic_Nevi,melanocytic_Nevi,0.7718,true,true,0.7718,0.0853,88.3,light (I–II),melanocytic_Nevi,melanocytic_Nevi,true
Gal240,melanoma,melanoma,0.8372,true,true,0.8372,0.053,76.4,light (I–II),melanoma,melanoma,true
Gal257,melanoma,melanoma,0.9989,true,true,0.9989,0.0,-89.8,dark (V–VI),melanoma,melanoma,true
Gal262,melanoma,melanoma,0.5287,true,true,0.5287,0.4442,86.3,light (I–II),melanoma,melanoma,true
Gbl009,melanoma,melanoma,0.8902,true,true,0.8902,0.0183,52.1,light (I–II),melanoma,melanoma,true
Gbl014,melanoma,melanoma,0.9087,true,true,0.9087,0.0154,58.2,light (I–II),melanoma,melanoma,true
Gcl003,melanoma,melanoma,0.8266,true,true,0.8266,0.0438,72.7,light (I–II),melanoma,melanoma,true
Gcl039,melanoma,melanoma,0.8764,true,true,0.8764,0.0305,71.3,light (I–II),melanoma,melanoma,true
Gcl052,melanoma,melanoma,0.4184,true,true,0.4184,0.4551,79.2,light (I–II),melanoma,melanoma,true
Gcl058,melanoma,melanoma,0.7078,true,true,0.7078,0.1301,68.4,light (I–II),melanoma,melanoma,true
Gcl073,melanocytic_Nevi,melanocytic_Nevi,0.6153,true,true,0.6153,0.296,84.9,light (I–II),melanocytic_Nevi,melanocytic_Nevi,true
Gcl094,melanoma,melanoma,0.5184,true,true,0.5184,0.4518,37.5,medium (III–IV),melanoma,melanoma,true
Gdl012,melanoma,melanocytic_Nevi,0.5811,false,true,0.5811,1.0552,80.2,light (I–II),melanoma,melanocytic_Nevi,false
Gdl014,melanoma,melanocytic_Nevi,0.7488,false,true,0.7488,1.1264,76.1,light (I–II),melanoma,melanocytic_Nevi,false
Gdl021,melanoma,melanoma,0.7283,true,true,0.7283,0.1122,86.8,light (I–II),melanoma,melanoma,true
Gdl023,melanoma,melanoma,0.8085,true,true,0.8085,0.0681,90.0,light (I–II),melanoma,melanoma,true
Gdl025,melanoma,melanoma,0.9873,true,true,0.9873,0.0003,-84.5,dark (V–VI),melanoma,melanoma,true
Gdl034,melanoma,melanoma,0.5519,true,true,0.5519,0.3996,82.1,light (I–II),melanoma,melanoma,true
Gdl037,melanoma,melanocytic_Nevi,0.578,false,true,0.578,0.7323,48.4,light (I–II),melanoma,melanocytic_Nevi,false
Gdl089,melanoma,melanocytic_Nevi,0.732,false,true,0.732,1.1006,75.8,light (I–II),melanoma,melanocytic_Nevi,false
Gdl100,melanocytic_Nevi,melanoma,0.7789,false,true,0.7789,1.2397,55.9,light (I–II),melanocytic_Nevi,melanoma,false
Ggl002,melanocytic_Nevi,melanocytic_Nevi,0.9866,true,true,0.9866,0.0003,93.5,light (I–II),melanocytic_Nevi,melanocytic_Nevi,true
Ggl004,melanocytic_Nevi,melanocytic_Nevi,0.9912,true,true,0.9912,0.0001,87.6,light (I–II),melanocytic_Nevi,melanocytic_Nevi,true
Ggl006,melanocytic_Nevi,melanocytic_Nevi,0.9596,true,true,0.9596,0.0022,87.0,light (I–II),melanocytic_Nevi,melanocytic_Nevi,true
Ggl008,melanocytic_Nevi,melanocytic_Nevi,0.9636,true,true,0.9636,0.0021,77.5,light (I–II),melanocytic_Nevi,melanocytic_Nevi,true
Ggl010,melanocytic_Nevi,melanocytic_Nevi,0.8209,true,true,0.8209,0.0439,87.3,light (I–II),melanocytic_Nevi,melanocytic_Nevi,true
Ggl012,vascular_lesions,vascular_lesions,0.9941,true,true,0.9941,0.0001,87.7,light (I–II),vascular_lesions,vascular_lesions,true
Ggl014,vascular_lesions,vascular_lesions,0.9998,true,true,0.9998,0.0,96.9,light (I–II),vascular_lesions,vascular_lesions,true
Ggl016,vascular_lesions,vascular_lesions,0.9991,true,true,0.9991,0.0,88.1,light (I–II),vascular_lesions,vascular_lesions,true
Ggl018,benign_keratosis-like_lesions,melanocytic_Nevi,0.801,false,true,0.801,1.33,82.7,light (I–II),benign_keratosis-like_lesions,melanocytic_Nevi,false
Ggl020,benign_keratosis-like_lesions,benign_keratosis-like_lesions,0.9957,true,true,0.9957,0.0,87.8,light (I–II),benign_keratosis-like_lesions,benign_keratosis-like_lesions,true
Ggl022,benign_keratosis-like_lesions,benign_keratosis-like_lesions,0.9805,true,true,0.9805,0.0005,85.6,light (I–II),benign_keratosis-like_lesions,benign_keratosis-like_lesions,true
Ggl024,melanocytic_Nevi,melanocytic_Nevi,0.8644,true,true,0.8644,0.0334,87.1,light (I–II),melanocytic_Nevi,melanocytic_Nevi,true
Ggl026,melanocytic_Nevi,melanoma,0.5135,false,true,0.5135,0.606,84.8,light (I–II),melanocytic_Nevi,melanoma,false
Ggl028,basal_cell_carcinoma,benign_keratosis-like_lesions,0.8585,false,true,0.8585,1.7369,76.5,light (I–II),basal_cell_carcinoma,benign_keratosis-like_lesions,false
Ggl030,basal_cell_carcinoma,benign_keratosis-like_lesions,0.5376,false,true,0.5376,0.7101,61.6,light (I–II),basal_cell_carcinoma,benign_keratosis-like_lesions,false
Ggl032,vascular_lesions,melanocytic_Nevi,0.9425,false,true,0.9425,1.7827,74.8,light (I–II),vascular_lesions,melanocytic_Nevi,false
Ggl034,melanocytic_Nevi,melanocytic_Nevi,0.9869,true,true,0.9869,0.0003,87.5,light (I–II),melanocytic_Nevi,melanocytic_Nevi,true
Ggl036,melanoma,melanocytic_Nevi,0.9994,false,true,0.9994,1.9976,74.7,light (I–II),melanoma,melanocytic_Nevi,false
Ggl040,melanoma,vascular_lesions,0.5831,false,false,0.5831,1.4565,73.4,light (I–II),melanoma,vascular_lesions,false
Ggl042,melanocytic_Nevi,basal_cell_carcinoma,0.6835,false,false,0.6835,1.4456,80.3,light (I–II),melanocytic_Nevi,basal_cell_carcinoma,false
Ggl044,melanocytic_Nevi,melanocytic_Nevi,0.9988,true,true,0.9988,0.0,72.0,light (I–II),melanocytic_Nevi,melanocytic_Nevi,true
Ggl046,benign_keratosis-like_lesions,benign_keratosis-like_lesions,0.6255,true,true,0.6255,0.2794,79.7,light (I–II),benign_keratosis-like_lesions,benign_keratosis-like_lesions,true
Ggl048,dermatofibroma,dermatofibroma,0.9997,true,true,0.9997,0.0,92.8,light (I–II),dermatofibroma,dermatofibroma,true
Ggl050,melanoma,melanocytic_Nevi,0.958,false,true,0.958,1.8398,77.0,light (I–II),melanoma,melanocytic_Nevi,false
Ggl052,melanocytic_Nevi,melanocytic_Nevi,0.9969,true,true,0.9969,0.0,76.3,light (I–II),melanocytic_Nevi,melanocytic_Nevi,true
Ggl054,melanoma,melanocytic_Nevi,0.9329,false,true,0.9329,1.8161,64.5,light (I–II),melanoma,melanocytic_Nevi,false
Ggl056,dermatofibroma,basal_cell_carcinoma,0.9801,false,false,0.9801,1.9587,83.6,light (I–II),dermatofibroma,basal_cell_carcinoma,false
Ggl058,melanoma,melanoma,0.8731,true,true,0.8731,0.0321,86.3,light (I–II),melanoma,melanoma,true
Ggl060,melanocytic_Nevi,melanocytic_Nevi,0.9471,true,true,0.9471,0.0047,86.9,light (I–II),melanocytic_Nevi,melanocytic_Nevi,true
Ggl062,melanocytic_Nevi,melanocytic_Nevi,0.9969,true,true,0.9969,0.0,88.0,light (I–II),melanocytic_Nevi,melanocytic_Nevi,true
Ggl066,benign_keratosis-like_lesions,benign_keratosis-like_lesions,0.965,true,true,0.965,0.0024,86.8,light (I–II),benign_keratosis-like_lesions,benign_keratosis-like_lesions,true
Ggl068,melanoma,melanoma,0.583,true,true,0.583,0.3471,87.4,light (I–II),melanoma,melanoma,true
Ggl070,benign_keratosis-like_lesions,melanocytic_Nevi,0.7458,false,true,0.7458,1.1604,50.5,light (I–II),benign_keratosis-like_lesions,melanocytic_Nevi,false
Ggl072,benign_keratosis-like_lesions,benign_keratosis-like_lesions,0.9622,true,true,0.9622,0.002,76.0,light (I–II),benign_keratosis-like_lesions,benign_keratosis-like_lesions,true
Ggl074,melanocytic_Nevi,melanocytic_Nevi,0.9973,true,true,0.9973,0.0,92.8,light (I–II),melanocytic_Nevi,melanocytic_Nevi,true
Ggl076,melanocytic_Nevi,melanocytic_Nevi,0.9635,true,true,0.9635,0.0021,94.4,light (I–II),melanocytic_Nevi,melanocytic_Nevi,true
Ggl078,melanocytic_Nevi,melanocytic_Nevi,0.976,true,true,0.976,0.001,87.6,light (I–II),melanocytic_Nevi,melanocytic_Nevi,true
Ggl082,basal_cell_carcinoma,basal_cell_carcinoma,0.9894,true,true,0.9894,0.0002,87.6,light (I–II),basal_cell_carcinoma,basal_cell_carcinoma,true
Ggl084,dermatofibroma,dermatofibroma,0.9977,true,true,0.9977,0.0,71.4,light (I–II),dermatofibroma,dermatofibroma,true
Ggl086,benign_keratosis-like_lesions,melanocytic_Nevi,0.5779,false,true,0.5779,0.9428,75.3,light (I–II),benign_keratosis-like_lesions,melanocytic_Nevi,false
Ggl088,melanocytic_Nevi,melanocytic_Nevi,0.9097,true,true,0.9097,0.0121,89.3,light (I–II),melanocytic_Nevi,melanocytic_Nevi,true
Ggl090,melanocytic_Nevi,melanocytic_Nevi,0.634,true,true,0.634,0.1805,90.0,light (I–II),melanocytic_Nevi,melanocytic_Nevi,true
NBL041,melanoma,melanoma,0.4735,true,true,0.4735,0.4254,44.7,light (I–II),melanoma,melanoma,true
NBL049,melanoma,melanoma,0.8096,true,true,0.8096,0.0631,-51.9,dark (V–VI),melanoma,melanoma,true
NDL063,melanocytic_Nevi,melanocytic_Nevi,0.5884,true,true,0.5884,0.3102,87.9,light (I–II),melanocytic_Nevi,melanocytic_Nevi,true
NEL055,vascular_lesions,vascular_lesions,0.8609,true,true,0.8609,0.0283,18.9,dark (V–VI),vascular_lesions,vascular_lesions,true
NFL028,benign_keratosis-like_lesions,melanoma,0.6823,false,true,0.6823,1.5542,67.6,light (I–II),benign_keratosis-like_lesions,melanoma,false
NGL010,melanoma,melanoma,0.9813,true,true,0.9813,0.0006,89.3,light (I–II),melanoma,melanoma,true
NGL025,melanoma,melanoma,0.9443,true,true,0.9443,0.0058,82.7,light (I–II),melanoma,melanoma,true
NLL034,melanocytic_Nevi,melanocytic_Nevi,0.8805,true,true,0.8805,0.028,71.2,light (I–II),melanocytic_Nevi,melanocytic_Nevi,true
NLL052,melanocytic_Nevi,melanocytic_Nevi,0.9975,true,true,0.9975,0.0,68.0,light (I–II),melanocytic_Nevi,melanocytic_Nevi,true
NLL067,melanocytic_Nevi,melanocytic_Nevi,0.8741,true,true,0.8741,0.0317,66.8,light (I–II),melanocytic_Nevi,melanocytic_Nevi,true
NML032,melanocytic_Nevi,melanoma,0.6829,false,true,0.6829,0.9331,60.6,light (I–II),melanocytic_Nevi,melanoma,false
NML092,melanocytic_Nevi,melanocytic_Nevi,0.5544,true,true,0.5544,0.379,54.3,light (I–II),melanocytic_Nevi,melanocytic_Nevi,true
Nal002,melanoma,melanoma,0.9957,true,true,0.9957,0.0,44.7,light (I–II),melanoma,melanoma,true
Nal005,melanoma,melanoma,0.9997,true,true,0.9997,0.0,13.4,dark (V–VI),melanoma,melanoma,true
Nal008,melanoma,melanoma,0.9612,true,true,0.9612,0.0025,69.4,light (I–II),melanoma,melanoma,true
Nal018,melanoma,melanocytic_Nevi,0.5161,false,false,0.5161,1.1555,66.1,light (I–II),melanoma,melanocytic_Nevi,false
Nal020,melanoma,dermatofibroma,0.6137,false,true,0.6137,1.0178,64.0,light (I–II),melanoma,dermatofibroma,false
Nal022,melanoma,melanocytic_Nevi,0.5815,false,true,0.5815,0.678,81.6,light (I–II),melanoma,melanocytic_Nevi,false
Nal025,melanoma,melanoma,0.9128,true,true,0.9128,0.0136,72.8,light (I–II),melanoma,melanoma,true
Nal033,melanoma,melanoma,0.978,true,true,0.978,0.0009,-40.2,dark (V–VI),melanoma,melanoma,true
Nal035,melanoma,melanoma,0.936,true,true,0.936,0.0062,81.5,light (I–II),melanoma,melanoma,true
Nal037,melanoma,melanoma,0.4897,true,true,0.4897,0.4578,68.9,light (I–II),melanoma,melanoma,true
Nal044,melanoma,melanoma,0.8712,true,true,0.8712,0.027,67.2,light (I–II),melanoma,melanoma,true
Nal047,melanoma,melanoma,0.8401,true,true,0.8401,0.042,80.7,light (I–II),melanoma,melanoma,true
Nal049,melanoma,melanoma,0.984,true,true,0.984,0.0005,74.1,light (I–II),melanoma,melanoma,true
Nal052,melanoma,melanoma,0.9955,true,true,0.9955,0.0,-17.6,dark (V–VI),melanoma,melanoma,true
Nal057,melanoma,melanoma,0.9806,true,true,0.9806,0.0007,53.3,light (I–II),melanoma,melanoma,true
Nal058,melanoma,melanoma,0.784,true,true,0.784,0.0821,71.4,light (I–II),melanoma,melanoma,true
Nal064,melanoma,melanoma,0.9443,true,true,0.9443,0.0052,50.4,light (I–II),melanoma,melanoma,true
Nal066,melanoma,melanoma,0.8805,true,true,0.8805,0.0282,72.2,light (I–II),melanoma,melanoma,true
Nal070,melanoma,melanoma,0.9934,true,true,0.9934,0.0001,-41.2,dark (V–VI),melanoma,melanoma,true
Nal073,melanoma,melanoma,0.5061,true,true,0.5061,0.4877,40.6,medium (III–IV),melanoma,melanoma,true
Nal075,melanoma,melanoma,0.9789,true,true,0.9789,0.0007,84.5,light (I–II),melanoma,melanoma,true
Nal077,melanoma,melanoma,0.814,true,true,0.814,0.0691,80.8,light (I–II),melanoma,melanoma,true
Nal080,melanoma,melanoma,0.9869,true,true,0.9869,0.0003,67.5,light (I–II),melanoma,melanoma,true
Nal082,melanoma,melanoma,0.8676,true,true,0.8676,0.0306,50.7,light (I–II),melanoma,melanoma,true
Nal084,melanoma,melanocytic_Nevi,0.8709,false,true,0.8709,1.5191,60.0,light (I–II),melanoma,melanocytic_Nevi,false
Nal086,melanoma,melanoma,0.9815,true,true,0.9815,0.0005,65.3,light (I–II),melanoma,melanoma,true
Nal088,melanoma,melanoma,0.9683,true,true,0.9683,0.0017,83.6,light (I–II),melanoma,melanoma,true
Nal090,melanoma,melanoma,0.9883,true,true,0.9883,0.0002,72.6,light (I–II),melanoma,melanoma,true
Nal091,melanoma,melanoma,0.7744,true,true,0.7744,0.0985,-63.0,dark (V–VI),melanoma,melanoma,true
Nal097,melanoma,melanoma,0.9083,true,true,0.9083,0.0168,74.0,light (I–II),melanoma,melanoma,true
Nal099,melanoma,melanoma,0.7509,true,true,0.7509,0.1189,73.9,light (I–II),melanoma,melanoma,true
Nbl001,melanoma,melanocytic_Nevi,0.5995,false,true,0.5995,0.8329,83.8,light (I–II),melanoma,melanocytic_Nevi,false
Nbl004,melanoma,melanoma,0.7985,true,true,0.7985,0.0773,59.8,light (I–II),melanoma,melanoma,true
Nbl006,melanoma,melanocytic_Nevi,0.3878,false,true,0.3878,0.5758,79.1,light (I–II),melanoma,melanocytic_Nevi,false
Nbl007,melanoma,melanoma,0.8047,true,true,0.8047,0.0552,70.6,light (I–II),melanoma,melanoma,true
Nbl010,melanoma,melanoma,0.9885,true,true,0.9885,0.0003,-54.9,dark (V–VI),melanoma,melanoma,true
Nbl013,melanoma,melanoma,0.5075,true,true,0.5075,0.485,51.5,light (I–II),melanoma,melanoma,true
Nbl015,melanoma,melanoma,0.5592,true,true,0.5592,0.3886,74.0,light (I–II),melanoma,melanoma,true
Nbl017,melanoma,melanoma,0.9413,true,true,0.9413,0.0068,77.0,light (I–II),melanoma,melanoma,true
Nbl019,melanoma,melanoma,0.9993,true,true,0.9993,0.0,-50.3,dark (V–VI),melanoma,melanoma,true
Nbl022,melanoma,melanoma,0.9782,true,true,0.9782,0.0009,65.7,light (I–II),melanoma,melanoma,true
Nbl025,melanoma,melanoma,0.9623,true,true,0.9623,0.0028,19.2,medium (III–IV),melanoma,melanoma,true
Nbl028,melanoma,melanoma,0.8284,true,true,0.8284,0.0514,85.4,light (I–II),melanoma,melanoma,true
Nbl030,melanoma,melanoma,0.8997,true,true,0.8997,0.0159,80.3,light (I–II),melanoma,melanoma,true
Nbl031,melanoma,melanoma,0.8862,true,true,0.8862,0.0182,51.9,light (I–II),melanoma,melanoma,true
Nbl034,melanoma,melanoma,0.9957,true,true,0.9957,0.0,76.1,light (I–II),melanoma,melanoma,true
Nbl037,melanoma,melanoma,0.9952,true,true,0.9952,0.0,11.5,dark (V–VI),melanoma,melanoma,true
Nbl040,melanoma,melanoma,0.9917,true,true,0.9917,0.0001,0.9,dark (V–VI),melanoma,melanoma,true
Nbl042,melanoma,basal_cell_carcinoma,0.3653,false,false,0.3653,0.9234,72.7,light (I–II),melanoma,basal_cell_carcinoma,false
Nbl044,melanoma,melanoma,0.9977,true,true,0.9977,0.0,68.8,light (I–II),melanoma,melanoma,true
Nbl046,melanoma,basal_cell_carcinoma,0.6411,false,false,0.6411,1.267,85.8,light (I–II),melanoma,basal_cell_carcinoma,false
Nbl048,melanoma,melanoma,0.9987,true,true,0.9987,0.0,76.7,light (I–II),melanoma,melanoma,true
Nbl054,melanoma,melanoma,0.9922,true,true,0.9922,0.0001,-53.3,dark (V–VI),melanoma,melanoma,true
Nbl059,melanoma,melanoma,0.9914,true,true,0.9914,0.0001,58.7,light (I–II),melanoma,melanoma,true
Nbl060,melanoma,melanoma,0.8508,true,true,0.8508,0.0445,65.8,light (I–II),melanoma,melanoma,true
Nbl063,melanoma,melanoma,0.814,true,true,0.814,0.0681,79.3,light (I–II),melanoma,melanoma,true
Nbl065,melanoma,benign_keratosis-like_lesions,0.7719,false,true,0.7719,1.2431,8.5,dark (V–VI),melanoma,benign_keratosis-like_lesions,false
Nbl074,melanoma,melanoma,0.9927,true,true,0.9927,0.0001,82.1,light (I–II),melanoma,melanoma,true
Nbl076,melanocytic_Nevi,melanocytic_Nevi,0.905,true,true,0.905,0.0181,66.3,light (I–II),melanocytic_Nevi,melanocytic_Nevi,true
Nbl080,melanocytic_Nevi,melanocytic_Nevi,0.7145,true,true,0.7145,0.1197,73.4,light (I–II),melanocytic_Nevi,melanocytic_Nevi,true
Nbl081,melanocytic_Nevi,benign_keratosis-like_lesions,0.9384,false,true,0.9384,1.8009,86.2,light (I–II),melanocytic_Nevi,benign_keratosis-like_lesions,false
Nbl086,melanocytic_Nevi,melanocytic_Nevi,0.6554,true,true,0.6554,0.2374,84.8,light (I–II),melanocytic_Nevi,melanocytic_Nevi,true
Nbl088,melanocytic_Nevi,melanocytic_Nevi,0.6247,true,true,0.6247,0.2728,69.7,light (I–II),melanocytic_Nevi,melanocytic_Nevi,true
Nbl095,melanocytic_Nevi,melanocytic_Nevi,0.9603,true,true,0.9603,0.0031,73.5,light (I–II),melanocytic_Nevi,melanocytic_Nevi,true
Nbl098,melanocytic_Nevi,melanocytic_Nevi,0.9721,true,true,0.9721,0.0016,81.0,light (I–II),melanocytic_Nevi,melanocytic_Nevi,true
Nbl100,melanocytic_Nevi,melanocytic_Nevi,0.8921,true,true,0.8921,0.0205,70.7,light (I–II),melanocytic_Nevi,melanocytic_Nevi,true
Ncl004,melanocytic_Nevi,melanocytic_Nevi,0.9607,true,true,0.9607,0.0031,79.8,light (I–II),melanocytic_Nevi,melanocytic_Nevi,true
Ncl006,melanocytic_Nevi,melanocytic_Nevi,0.9638,true,true,0.9638,0.0026,79.9,light (I–II),melanocytic_Nevi,melanocytic_Nevi,true
Ncl008,melanocytic_Nevi,melanocytic_Nevi,0.6832,true,true,0.6832,0.199,82.3,light (I–II),melanocytic_Nevi,melanocytic_Nevi,true
Ncl010,melanocytic_Nevi,melanocytic_Nevi,0.8957,true,true,0.8957,0.0208,66.0,light (I–II),melanocytic_Nevi,melanocytic_Nevi,true
Ncl012,melanocytic_Nevi,melanoma,0.9503,false,true,0.9503,1.8078,75.7,light (I–II),melanocytic_Nevi,melanoma,false
Ncl014,melanocytic_Nevi,melanocytic_Nevi,0.9693,true,true,0.9693,0.0017,84.1,light (I–II),melanocytic_Nevi,melanocytic_Nevi,true
Ncl020,melanocytic_Nevi,benign_keratosis-like_lesions,0.6064,false,true,0.6064,0.7855,84.5,light (I–II),melanocytic_Nevi,benign_keratosis-like_lesions,false
Ncl022,melanocytic_Nevi,melanoma,0.6265,false,true,0.6265,0.9449,81.0,light (I–II),melanocytic_Nevi,melanoma,false
Ncl027,melanocytic_Nevi,melanoma,0.7853,false,true,0.7853,1.4689,57.6,light (I–II),melanocytic_Nevi,melanoma,false
Ncl030,melanocytic_Nevi,melanoma,0.7045,false,true,0.7045,0.9927,74.4,light (I–II),melanocytic_Nevi,melanoma,false
Ncl032,melanocytic_Nevi,melanocytic_Nevi,0.8307,true,true,0.8307,0.0508,70.2,light (I–II),melanocytic_Nevi,melanocytic_Nevi,true
Ncl035,melanocytic_Nevi,melanoma,0.5251,false,true,0.5251,0.6469,78.7,light (I–II),melanocytic_Nevi,melanoma,false
Ncl044,melanocytic_Nevi,melanocytic_Nevi,0.9782,true,true,0.9782,0.0008,70.9,light (I–II),melanocytic_Nevi,melanocytic_Nevi,true
Ncl048,melanocytic_Nevi,melanocytic_Nevi,0.9883,true,true,0.9883,0.0003,83.3,light (I–II),melanocytic_Nevi,melanocytic_Nevi,true
Ncl050,melanocytic_Nevi,melanocytic_Nevi,0.9752,true,true,0.9752,0.0009,78.6,light (I–II),melanocytic_Nevi,melanocytic_Nevi,true
Ncl051,melanocytic_Nevi,melanocytic_Nevi,0.8004,true,true,0.8004,0.0724,85.0,light (I–II),melanocytic_Nevi,melanocytic_Nevi,true
Ncl053,melanocytic_Nevi,melanocytic_Nevi,0.8791,true,true,0.8791,0.0217,73.0,light (I–II),melanocytic_Nevi,melanocytic_Nevi,true
Ncl056,melanocytic_Nevi,melanocytic_Nevi,0.5341,true,true,0.5341,0.4338,83.4,light (I–II),melanocytic_Nevi,melanocytic_Nevi,true
Ncl063,melanocytic_Nevi,melanocytic_Nevi,0.8099,true,true,0.8099,0.0592,82.4,light (I–II),melanocytic_Nevi,melanocytic_Nevi,true
Ncl064,melanocytic_Nevi,melanocytic_Nevi,0.6902,true,true,0.6902,0.1626,68.0,light (I–II),melanocytic_Nevi,melanocytic_Nevi,true
Ncl069,melanocytic_Nevi,benign_keratosis-like_lesions,0.4613,false,true,0.4613,0.8396,73.1,light (I–II),melanocytic_Nevi,benign_keratosis-like_lesions,false
Ncl071,melanocytic_Nevi,melanoma,0.7354,false,true,0.7354,1.2355,44.2,light (I–II),melanocytic_Nevi,melanoma,false
Ncl076,melanocytic_Nevi,melanocytic_Nevi,0.6881,true,true,0.6881,0.1389,68.9,light (I–II),melanocytic_Nevi,melanocytic_Nevi,true
Ncl078,melanocytic_Nevi,melanocytic_Nevi,0.6284,true,true,0.6284,0.2638,73.8,light (I–II),melanocytic_Nevi,melanocytic_Nevi,true
Ncl079,melanocytic_Nevi,melanoma,0.9396,false,true,0.9396,1.7691,69.4,light (I–II),melanocytic_Nevi,melanoma,false
Ncl083,melanocytic_Nevi,melanocytic_Nevi,0.9748,true,true,0.9748,0.0013,77.7,light (I–II),melanocytic_Nevi,melanocytic_Nevi,true
Ncl085,melanocytic_Nevi,melanocytic_Nevi,0.7159,true,true,0.7159,0.161,83.7,light (I–II),melanocytic_Nevi,melanocytic_Nevi,true
Ncl093,melanocytic_Nevi,melanocytic_Nevi,0.7765,true,true,0.7765,0.0749,72.9,light (I–II),melanocytic_Nevi,melanocytic_Nevi,true
Ncl095,melanocytic_Nevi,melanocytic_Nevi,0.9753,true,true,0.9753,0.0008,74.1,light (I–II),melanocytic_Nevi,melanocytic_Nevi,true
Ncl100,melanocytic_Nevi,melanoma,0.9513,false,true,0.9513,1.8435,63.1,light (I–II),melanocytic_Nevi,melanoma,false
Ndl005,melanocytic_Nevi,melanocytic_Nevi,0.9682,true,true,0.9682,0.002,69.4,light (I–II),melanocytic_Nevi,melanocytic_Nevi,true
Ndl009,melanocytic_Nevi,melanocytic_Nevi,0.3962,true,true,0.3962,0.5458,74.1,light (I–II),melanocytic_Nevi,melanocytic_Nevi,true
Ndl012,melanocytic_Nevi,melanocytic_Nevi,0.779,true,true,0.779,0.0723,85.3,light (I–II),melanocytic_Nevi,melanocytic_Nevi,true
Ndl018,melanocytic_Nevi,melanocytic_Nevi,0.9548,true,true,0.9548,0.0041,59.3,light (I–II),melanocytic_Nevi,melanocytic_Nevi,true
Ndl021,melanocytic_Nevi,melanocytic_Nevi,0.9836,true,true,0.9836,0.0004,80.0,light (I–II),melanocytic_Nevi,melanocytic_Nevi,true
Ndl022,melanocytic_Nevi,melanocytic_Nevi,0.8062,true,true,0.8062,0.056,78.1,light (I–II),melanocytic_Nevi,melanocytic_Nevi,true
Ndl025,melanocytic_Nevi,melanocytic_Nevi,0.8176,true,true,0.8176,0.0666,71.5,light (I–II),melanocytic_Nevi,melanocytic_Nevi,true
Ndl027,melanocytic_Nevi,melanocytic_Nevi,0.8727,true,true,0.8727,0.0251,72.2,light (I–II),melanocytic_Nevi,melanocytic_Nevi,true
Ndl028,melanocytic_Nevi,melanoma,0.5557,false,true,0.5557,0.6176,68.4,light (I–II),melanocytic_Nevi,melanoma,false
Ndl031,melanocytic_Nevi,melanocytic_Nevi,0.9747,true,true,0.9747,0.0013,82.4,light (I–II),melanocytic_Nevi,melanocytic_Nevi,true
Ndl033,melanocytic_Nevi,melanocytic_Nevi,0.9846,true,true,0.9846,0.0005,85.6,light (I–II),melanocytic_Nevi,melanocytic_Nevi,true
Ndl035,melanocytic_Nevi,melanocytic_Nevi,0.9601,true,true,0.9601,0.0032,79.1,light (I–II),melanocytic_Nevi,melanocytic_Nevi,true
Ndl037,melanocytic_Nevi,melanocytic_Nevi,0.5707,true,true,0.5707,0.3598,84.1,light (I–II),melanocytic_Nevi,melanocytic_Nevi,true
Ndl039,melanocytic_Nevi,melanocytic_Nevi,0.9893,true,true,0.9893,0.0002,74.7,light (I–II),melanocytic_Nevi,melanocytic_Nevi,true
Ndl040,melanocytic_Nevi,melanocytic_Nevi,0.8554,true,true,0.8554,0.0417,81.8,light (I–II),melanocytic_Nevi,melanocytic_Nevi,true
Ndl046,melanocytic_Nevi,melanocytic_Nevi,0.6451,true,true,0.6451,0.2308,75.6,light (I–II),melanocytic_Nevi,melanocytic_Nevi,true
Ndl050,melanocytic_Nevi,melanoma,0.5942,false,true,0.5942,0.7069,84.8,light (I–II),melanocytic_Nevi,melanoma,false
Ndl052,melanocytic_Nevi,melanocytic_Nevi,0.909,true,true,0.909,0.0124,73.3,light (I–II),melanocytic_Nevi,melanocytic_Nevi,true
Ndl054,melanocytic_Nevi,melanocytic_Nevi,0.4619,true,true,0.4619,0.4532,86.6,light (I–II),melanocytic_Nevi,melanocytic_Nevi,true
Ndl056,melanocytic_Nevi,melanocytic_Nevi,0.9831,true,true,0.9831,0.0004,69.9,light (I–II),melanocytic_Nevi,melanocytic_Nevi,true
Ndl058,melanocytic_Nevi,melanoma,0.4808,false,true,0.4808,0.5245,81.3,light (I–II),melanocytic_Nevi,melanoma,false
Ndl060,melanocytic_Nevi,melanoma,0.6201,false,true,0.6201,0.7696,90.4,light (I–II),melanocytic_Nevi,melanoma,false
Ndl061,melanocytic_Nevi,melanocytic_Nevi,0.6515,true,true,0.6515,0.1882,83.4,light (I–II),melanocytic_Nevi,melanocytic_Nevi,true
Ndl068,melanocytic_Nevi,melanocytic_Nevi,0.8015,true,true,0.8015,0.067,82.9,light (I–II),melanocytic_Nevi,melanocytic_Nevi,true
Ndl069,melanocytic_Nevi,melanocytic_Nevi,0.9239,true,true,0.9239,0.0115,80.8,light (I–II),melanocytic_Nevi,melanocytic_Nevi,true
Ndl071,melanocytic_Nevi,melanocytic_Nevi,0.9962,true,true,0.9962,0.0,83.4,light (I–II),melanocytic_Nevi,melanocytic_Nevi,true
Ndl074,melanocytic_Nevi,melanoma,0.7086,false,true,0.7086,1.021,79.3,light (I–II),melanocytic_Nevi,melanoma,false
Ndl075,melanocytic_Nevi,melanoma,0.5271,false,true,0.5271,0.5561,81.8,light (I–II),melanocytic_Nevi,melanoma,false
Ndl079,melanocytic_Nevi,melanocytic_Nevi,0.6699,true,true,0.6699,0.2063,73.3,light (I–II),melanocytic_Nevi,melanocytic_Nevi,true
Ndl081,melanocytic_Nevi,melanoma,0.6329,false,true,0.6329,1.1829,75.7,light (I–II),melanocytic_Nevi,melanoma,false
Ndl083,melanocytic_Nevi,melanocytic_Nevi,0.9138,true,true,0.9138,0.0116,78.9,light (I–II),melanocytic_Nevi,melanocytic_Nevi,true
Ndl089,benign_keratosis-like_lesions,melanoma,0.6013,false,true,0.6013,1.5204,67.0,light (I–II),benign_keratosis-like_lesions,melanoma,false
Ndl091,benign_keratosis-like_lesions,melanoma,0.9137,false,true,0.9137,1.8151,52.5,light (I–II),benign_keratosis-like_lesions,melanoma,false
Ndl094,benign_keratosis-like_lesions,melanoma,0.707,false,true,0.707,1.5425,80.5,light (I–II),benign_keratosis-like_lesions,melanoma,false
Ndl100,benign_keratosis-like_lesions,melanocytic_Nevi,0.5119,false,true,0.5119,1.2202,76.6,light (I–II),benign_keratosis-like_lesions,melanocytic_Nevi,false
Nel005,melanocytic_Nevi,melanocytic_Nevi,0.8171,true,true,0.8171,0.0505,44.0,light (I–II),melanocytic_Nevi,melanocytic_Nevi,true
Nel008,melanocytic_Nevi,melanoma,0.9777,false,true,0.9777,1.9134,23.3,medium (III–IV),melanocytic_Nevi,melanoma,false
Nel010,melanocytic_Nevi,melanoma,0.6412,false,true,0.6412,0.8237,29.7,medium (III–IV),melanocytic_Nevi,melanoma,false
Nel012,melanocytic_Nevi,melanocytic_Nevi,0.7265,true,true,0.7265,0.1437,85.3,light (I–II),melanocytic_Nevi,melanocytic_Nevi,true
Nel021,benign_keratosis-like_lesions,melanoma,0.8107,false,true,0.8107,1.3577,25.2,medium (III–IV),benign_keratosis-like_lesions,melanoma,false
Nel023,benign_keratosis-like_lesions,melanoma,0.7544,false,true,0.7544,1.5336,67.3,light (I–II),benign_keratosis-like_lesions,melanoma,false
Nel026,basal_cell_carcinoma,melanoma,0.4367,false,true,0.4367,0.8749,16.8,dark (V–VI),basal_cell_carcinoma,melanoma,false
Nel028,basal_cell_carcinoma,melanoma,0.6721,false,false,0.6721,1.5133,-31.5,dark (V–VI),basal_cell_carcinoma,melanoma,false
Nel033,basal_cell_carcinoma,benign_keratosis-like_lesions,0.923,false,true,0.923,1.7758,49.5,light (I–II),basal_cell_carcinoma,benign_keratosis-like_lesions,false
Nel035,basal_cell_carcinoma,melanoma,0.9997,false,false,0.9997,1.9994,-84.0,dark (V–VI),basal_cell_carcinoma,melanoma,false
Nel037,basal_cell_carcinoma,vascular_lesions,0.3126,false,false,0.3126,1.1017,75.1,light (I–II),basal_cell_carcinoma,vascular_lesions,false
Nel039,basal_cell_carcinoma,vascular_lesions,0.7382,false,false,0.7382,1.5546,51.9,light (I–II),basal_cell_carcinoma,vascular_lesions,false
Nel041,basal_cell_carcinoma,basal_cell_carcinoma,0.7625,true,true,0.7625,0.0992,65.1,light (I–II),basal_cell_carcinoma,basal_cell_carcinoma,true
Nel044,vascular_lesions,benign_keratosis-like_lesions,0.5068,false,false,0.5068,1.3676,92.7,light (I–II),vascular_lesions,benign_keratosis-like_lesions,false
Nel056,vascular_lesions,melanoma,0.9346,false,true,0.9346,1.8743,-35.7,dark (V–VI),vascular_lesions,melanoma,false
Nel059,vascular_lesions,melanocytic_Nevi,0.7734,false,false,0.7734,1.6494,74.1,light (I–II),vascular_lesions,melanocytic_Nevi,false
Nel061,vascular_lesions,melanoma,0.8804,false,false,0.8804,1.7892,54.7,light (I–II),vascular_lesions,melanoma,false
Nel062,vascular_lesions,dermatofibroma,0.4245,false,false,0.4245,1.2284,69.8,light (I–II),vascular_lesions,dermatofibroma,false
Nel064,vascular_lesions,melanoma,0.4664,false,false,0.4664,1.31,72.0,light (I–II),vascular_lesions,melanoma,false
Nel066,vascular_lesions,melanoma,0.4255,false,false,0.4255,1.3191,72.8,light (I–II),vascular_lesions,melanoma,false
Nel068,vascular_lesions,melanocytic_Nevi,0.5838,false,false,0.5838,1.4153,59.4,light (I–II),vascular_lesions,melanocytic_Nevi,false
Nel071,vascular_lesions,melanoma,0.6216,false,false,0.6216,1.5224,78.3,light (I–II),vascular_lesions,melanoma,false
Nel073,vascular_lesions,benign_keratosis-like_lesions,0.4382,false,false,0.4382,1.3475,54.2,light (I–II),vascular_lesions,benign_keratosis-like_lesions,false
Nel075,vascular_lesions,melanoma,0.9996,false,false,0.9996,1.9993,73.2,light (I–II),vascular_lesions,melanoma,false
Nel078,vascular_lesions,melanoma,0.8929,false,false,0.8929,1.8042,18.1,dark (V–VI),vascular_lesions,melanoma,false
Nel081,vascular_lesions,melanocytic_Nevi,0.8122,false,false,0.8122,1.695,54.2,light (I–II),vascular_lesions,melanocytic_Nevi,false
Nel085,basal_cell_carcinoma,melanoma,0.7989,false,false,0.7989,1.678,35.6,medium (III–IV),basal_cell_carcinoma,melanoma,false
Nel087,basal_cell_carcinoma,basal_cell_carcinoma,0.4132,true,true,0.4132,0.4757,79.7,light (I–II),basal_cell_carcinoma,basal_cell_carcinoma,true
Nel089,basal_cell_carcinoma,melanoma,0.7237,false,false,0.7237,1.5653,2.8,dark (V–VI),basal_cell_carcinoma,melanoma,false
Nel091,basal_cell_carcinoma,benign_keratosis-like_lesions,0.5119,false,false,0.5119,1.398,45.7,light (I–II),basal_cell_carcinoma,benign_keratosis-like_lesions,false
Nel092,basal_cell_carcinoma,melanoma,0.8744,false,true,0.8744,1.6403,37.1,medium (III–IV),basal_cell_carcinoma,melanoma,false
Nel095,basal_cell_carcinoma,melanoma,0.9942,false,false,0.9942,1.9878,-40.4,dark (V–VI),basal_cell_carcinoma,melanoma,false
Nel097,basal_cell_carcinoma,melanoma,0.8248,false,false,0.8248,1.7043,84.9,light (I–II),basal_cell_carcinoma,melanoma,false
Nel098,basal_cell_carcinoma,melanoma,0.754,false,true,0.754,1.1579,88.8,light (I–II),basal_cell_carcinoma,melanoma,false
Nel100,basal_cell_carcinoma,melanoma,0.5262,false,true,0.5262,1.0195,73.5,light (I–II),basal_cell_carcinoma,melanoma,false
Nfl004,dermatofibroma,melanoma,0.3693,false,false,0.3693,1.0958,78.6,light (I–II),dermatofibroma,melanoma,false
Nfl006,benign_keratosis-like_lesions,benign_keratosis-like_lesions,0.9862,true,true,0.9862,0.0003,77.5,light (I–II),benign_keratosis-like_lesions,benign_keratosis-like_lesions,true
Nfl008,benign_keratosis-like_lesions,melanoma,0.8033,false,true,0.8033,1.4174,80.5,light (I–II),benign_keratosis-like_lesions,melanoma,false
Nfl010,benign_keratosis-like_lesions,melanoma,0.5238,false,true,0.5238,1.4867,28.8,medium (III–IV),benign_keratosis-like_lesions,melanoma,false
Nfl012,benign_keratosis-like_lesions,benign_keratosis-like_lesions,0.5182,true,true,0.5182,0.3601,61.7,light (I–II),benign_keratosis-like_lesions,benign_keratosis-like_lesions,true
Nfl014,benign_keratosis-like_lesions,melanocytic_Nevi,0.7919,false,true,0.7919,1.4161,73.2,light (I–II),benign_keratosis-like_lesions,melanocytic_Nevi,false
Nfl016,benign_keratosis-like_lesions,benign_keratosis-like_lesions,0.9818,true,true,0.9818,0.0004,81.4,light (I–II),benign_keratosis-like_lesions,benign_keratosis-like_lesions,true
Nfl018,benign_keratosis-like_lesions,benign_keratosis-like_lesions,0.9266,true,true,0.9266,0.0079,69.5,light (I–II),benign_keratosis-like_lesions,benign_keratosis-like_lesions,true
Nfl020,benign_keratosis-like_lesions,actinic_keratoses,0.5281,false,true,0.5281,0.9563,62.5,light (I–II),benign_keratosis-like_lesions,actinic_keratoses,false
Nfl022,benign_keratosis-like_lesions,benign_keratosis-like_lesions,0.5447,true,true,0.5447,0.3835,79.2,light (I–II),benign_keratosis-like_lesions,benign_keratosis-like_lesions,true
Nfl024,benign_keratosis-like_lesions,benign_keratosis-like_lesions,0.9091,true,true,0.9091,0.012,55.6,light (I–II),benign_keratosis-like_lesions,benign_keratosis-like_lesions,true
Nfl026,benign_keratosis-like_lesions,benign_keratosis-like_lesions,0.9867,true,true,0.9867,0.0003,75.4,light (I–II),benign_keratosis-like_lesions,benign_keratosis-like_lesions,true
Nfl032,melanocytic_Nevi,melanocytic_Nevi,0.9908,true,true,0.9908,0.0002,78.8,light (I–II),melanocytic_Nevi,melanocytic_Nevi,true
Nfl034,melanocytic_Nevi,melanocytic_Nevi,0.7074,true,true,0.7074,0.149,75.6,light (I–II),melanocytic_Nevi,melanocytic_Nevi,true
Nfl036,melanocytic_Nevi,melanocytic_Nevi,0.9618,true,true,0.9618,0.0029,73.2,light (I–II),melanocytic_Nevi,melanocytic_Nevi,true
Nfl038,benign_keratosis-like_lesions,melanoma,0.5065,false,true,0.5065,1.1596,38.8,medium (III–IV),benign_keratosis-like_lesions,melanoma,false
Nfl040,melanocytic_Nevi,melanocytic_Nevi,0.9387,true,true,0.9387,0.0056,86.0,light (I–II),melanocytic_Nevi,melanocytic_Nevi,true
Nfl042,melanocytic_Nevi,melanocytic_Nevi,0.7927,true,true,0.7927,0.0688,76.5,light (I–II),melanocytic_Nevi,melanocytic_Nevi,true
Nfl044,melanocytic_Nevi,melanocytic_Nevi,0.8801,true,true,0.8801,0.0249,80.8,light (I–II),melanocytic_Nevi,melanocytic_Nevi,true
Nfl046,melanocytic_Nevi,melanoma,0.9364,false,true,0.9364,1.86,86.1,light (I–II),melanocytic_Nevi,melanoma,false
Nfl048,melanocytic_Nevi,benign_keratosis-like_lesions,0.4321,false,true,0.4321,0.6004,53.7,light (I–II),melanocytic_Nevi,benign_keratosis-like_lesions,false
Nfl050,melanocytic_Nevi,melanocytic_Nevi,0.6678,true,true,0.6678,0.2198,79.2,light (I–II),melanocytic_Nevi,melanocytic_Nevi,true
Nfl052,melanocytic_Nevi,melanoma,0.6516,false,true,0.6516,1.1786,84.9,light (I–II),melanocytic_Nevi,melanoma,false
Nfl054,melanoma,melanoma,0.8097,true,true,0.8097,0.0562,80.6,light (I–II),melanoma,melanoma,true
Nfl063,melanoma,melanoma,0.916,true,true,0.916,0.0139,81.0,light (I–II),melanoma,melanoma,true
Nfl068,basal_cell_carcinoma,melanoma,0.5339,false,true,0.5339,1.0231,75.6,light (I–II),basal_cell_carcinoma,melanoma,false
Nfl074,melanocytic_Nevi,melanoma,0.4321,false,true,0.4321,0.6114,70.8,light (I–II),melanocytic_Nevi,melanoma,false
Ngl002,melanoma,melanocytic_Nevi,0.6381,false,true,0.6381,0.8143,74.2,light (I–II),melanoma,melanocytic_Nevi,false
Ngl004,melanoma,melanoma,0.8086,true,true,0.8086,0.0619,86.0,light (I–II),melanoma,melanoma,true
Ngl006,melanoma,melanoma,0.9876,true,true,0.9876,0.0003,90.0,light (I–II),melanoma,melanoma,true
Ngl008,melanoma,melanoma,0.9079,true,true,0.9079,0.0169,65.8,light (I–II),melanoma,melanoma,true
Ngl013,melanoma,melanocytic_Nevi,0.6763,false,true,0.6763,0.9147,80.1,light (I–II),melanoma,melanocytic_Nevi,false
Ngl015,melanoma,melanoma,0.9785,true,true,0.9785,0.0009,64.7,light (I–II),melanoma,melanoma,true
Ngl017,melanoma,melanoma,0.9297,true,true,0.9297,0.0081,57.9,light (I–II),melanoma,melanoma,true
Ngl019,melanoma,melanoma,0.9851,true,true,0.9851,0.0003,58.2,light (I–II),melanoma,melanoma,true
Ngl021,melanoma,melanoma,0.9393,true,true,0.9393,0.0074,60.0,light (I–II),melanoma,melanoma,true
Ngl023,melanocytic_Nevi,melanoma,0.5524,false,true,0.5524,0.6735,64.6,light (I–II),melanocytic_Nevi,melanoma,false
Ngl027,melanoma,melanoma,0.9954,true,true,0.9954,0.0,84.7,light (I–II),melanoma,melanoma,true
Ngl029,melanocytic_Nevi,melanocytic_Nevi,0.7919,true,true,0.7919,0.0767,70.0,light (I–II),melanocytic_Nevi,melanocytic_Nevi,true
Ngl031,melanocytic_Nevi,melanoma,0.6728,false,true,0.6728,1.0295,77.3,light (I–II),melanocytic_Nevi,melanoma,false
Ngl033,melanocytic_Nevi,benign_keratosis-like_lesions,0.6567,false,true,0.6567,1.4833,79.3,light (I–II),melanocytic_Nevi,benign_keratosis-like_lesions,false
Ngl037,melanocytic_Nevi,melanoma,0.9476,false,true,0.9476,1.8237,84.5,light (I–II),melanocytic_Nevi,melanoma,false
Ngl039,melanoma,melanoma,0.8147,true,true,0.8147,0.0674,79.3,light (I–II),melanoma,melanoma,true
Ngl041,melanoma,melanocytic_Nevi,0.43,false,true,0.43,0.565,56.6,light (I–II),melanoma,melanocytic_Nevi,false
Ngl043,melanocytic_Nevi,benign_keratosis-like_lesions,0.6658,false,true,0.6658,0.9013,79.4,light (I–II),melanocytic_Nevi,benign_keratosis-like_lesions,false
Ngl047,basal_cell_carcinoma,benign_keratosis-like_lesions,0.5671,false,true,0.5671,1.3535,58.5,light (I–II),basal_cell_carcinoma,benign_keratosis-like_lesions,false
Ngl049,melanocytic_Nevi,melanocytic_Nevi,0.7234,true,true,0.7234,0.153,72.2,light (I–II),melanocytic_Nevi,melanocytic_Nevi,true
Ngl053,melanocytic_Nevi,melanocytic_Nevi,0.7788,true,true,0.7788,0.0747,78.8,light (I–II),melanocytic_Nevi,melanocytic_Nevi,true
Ngl055,melanoma,melanoma,0.9863,true,true,0.9863,0.0004,59.6,light (I–II),melanoma,melanoma,true
Ngl057,melanoma,melanoma,0.9231,true,true,0.9231,0.0089,79.1,light (I–II),melanoma,melanoma,true
Ngl060,melanocytic_Nevi,melanocytic_Nevi,0.6281,true,true,0.6281,0.206,68.5,light (I–II),melanocytic_Nevi,melanocytic_Nevi,true
Ngl062,melanoma,melanoma,0.9674,true,true,0.9674,0.0016,63.4,light (I–II),melanoma,melanoma,true
Ngl064,melanoma,melanoma,0.936,true,true,0.936,0.0077,67.5,light (I–II),melanoma,melanoma,true
Ngl066,melanoma,melanoma,0.9492,true,true,0.9492,0.0051,81.3,light (I–II),melanoma,melanoma,true
Ngl068,melanoma,benign_keratosis-like_lesions,0.4048,false,true,0.4048,0.9247,86.2,light (I–II),melanoma,benign_keratosis-like_lesions,false
Ngl072,melanocytic_Nevi,melanocytic_Nevi,0.9649,true,true,0.9649,0.0022,80.6,light (I–II),melanocytic_Nevi,melanocytic_Nevi,true
Ngl074,melanocytic_Nevi,melanocytic_Nevi,0.8362,true,true,0.8362,0.0457,82.5,light (I–II),melanocytic_Nevi,melanocytic_Nevi,true
Ngl076,melanocytic_Nevi,dermatofibroma,0.7941,false,true,0.7941,1.5948,79.1,light (I–II),melanocytic_Nevi,dermatofibroma,false
Ngl078,melanocytic_Nevi,melanocytic_Nevi,0.7622,true,true,0.7622,0.0888,75.5,light (I–II),melanocytic_Nevi,melanocytic_Nevi,true
Ngl082,vascular_lesions,melanoma,0.5325,false,false,0.5325,1.4313,34.6,medium (III–IV),vascular_lesions,melanoma,false
Ngl084,melanoma,melanoma,0.4496,true,true,0.4496,0.4043,51.7,light (I–II),melanoma,melanoma,true
Ngl086,melanocytic_Nevi,benign_keratosis-like_lesions,0.3877,false,true,0.3877,0.6464,84.6,light (I–II),melanocytic_Nevi,benign_keratosis-like_lesions,false
Ngl088,melanoma,melanocytic_Nevi,0.4259,false,true,0.4259,0.6354,81.4,light (I–II),melanoma,melanocytic_Nevi,false
Ngl090,melanocytic_Nevi,melanocytic_Nevi,0.4816,true,true,0.4816,0.4284,80.6,light (I–II),melanocytic_Nevi,melanocytic_Nevi,true
Ngl092,melanocytic_Nevi,melanocytic_Nevi,0.6775,true,true,0.6775,0.2034,81.7,light (I–II),melanocytic_Nevi,melanocytic_Nevi,true
Ngl094,melanocytic_Nevi,melanoma,0.6207,false,true,0.6207,0.7717,73.5,light (I–II),melanocytic_Nevi,melanoma,false
Ngl096,melanocytic_Nevi,melanocytic_Nevi,0.8597,true,true,0.8597,0.0297,85.8,light (I–II),melanocytic_Nevi,melanocytic_Nevi,true
Ngl098,melanocytic_Nevi,melanocytic_Nevi,0.9233,true,true,0.9233,0.0106,72.3,light (I–II),melanocytic_Nevi,melanocytic_Nevi,true
Ngl100,melanoma,melanoma,0.7624,true,true,0.7624,0.1123,75.9,light (I–II),melanoma,melanoma,true
Nhl009,melanoma,melanoma,0.6038,true,true,0.6038,0.2983,61.9,light (I–II),melanoma,melanoma,true
Nhl011,basal_cell_carcinoma,melanoma,0.5894,false,true,0.5894,1.4103,83.7,light (I–II),basal_cell_carcinoma,melanoma,false
Nhl013,melanocytic_Nevi,melanocytic_Nevi,0.8908,true,true,0.8908,0.0238,70.5,light (I–II),melanocytic_Nevi,melanocytic_Nevi,true
Nhl015,melanocytic_Nevi,benign_keratosis-like_lesions,0.3658,false,true,0.3658,0.9738,59.3,light (I–II),melanocytic_Nevi,benign_keratosis-like_lesions,false
Nhl017,melanoma,melanoma,0.9394,true,true,0.9394,0.0053,61.7,light (I–II),melanoma,melanoma,true
Nil002,melanocytic_Nevi,melanocytic_Nevi,0.5854,true,true,0.5854,0.3438,87.4,light (I–II),melanocytic_Nevi,melanocytic_Nevi,true
Nil004,melanocytic_Nevi,melanocytic_Nevi,0.9705,true,true,0.9705,0.0016,79.3,light (I–II),melanocytic_Nevi,melanocytic_Nevi,true
Nil006,melanocytic_Nevi,melanocytic_Nevi,0.6765,true,true,0.6765,0.2092,83.6,light (I–II),melanocytic_Nevi,melanocytic_Nevi,true
Nil008,melanocytic_Nevi,melanoma,0.8523,false,true,0.8523,1.4577,74.4,light (I–II),melanocytic_Nevi,melanoma,false
Nil010,melanocytic_Nevi,melanoma,0.7329,false,true,0.7329,1.0977,79.8,light (I–II),melanocytic_Nevi,melanoma,false
Nil021,melanocytic_Nevi,melanocytic_Nevi,0.8927,true,true,0.8927,0.0188,66.0,light (I–II),melanocytic_Nevi,melanocytic_Nevi,true
Nil023,melanocytic_Nevi,benign_keratosis-like_lesions,0.622,false,true,0.622,1.2694,57.6,light (I–II),melanocytic_Nevi,benign_keratosis-like_lesions,false
Nil025,melanocytic_Nevi,melanoma,0.6369,false,true,0.6369,1.1388,58.4,light (I–II),melanocytic_Nevi,melanoma,false
Nil027,melanocytic_Nevi,melanoma,0.6151,false,true,0.6151,0.7584,83.2,light (I–II),melanocytic_Nevi,melanoma,false
Nil029,melanocytic_Nevi,melanocytic_Nevi,0.9632,true,true,0.9632,0.0021,85.9,light (I–II),melanocytic_Nevi,melanocytic_Nevi,true
Nil031,melanoma,melanocytic_Nevi,0.5611,false,true,0.5611,0.6323,69.2,light (I–II),melanoma,melanocytic_Nevi,false
Nil033,melanocytic_Nevi,melanocytic_Nevi,0.727,true,true,0.727,0.1482,74.3,light (I–II),melanocytic_Nevi,melanocytic_Nevi,true
Nil035,melanocytic_Nevi,melanocytic_Nevi,0.5078,true,true,0.5078,0.4838,79.5,light (I–II),melanocytic_Nevi,melanocytic_Nevi,true
Nil037,melanocytic_Nevi,melanocytic_Nevi,0.6023,true,true,0.6023,0.3163,85.1,light (I–II),melanocytic_Nevi,melanocytic_Nevi,true
Nil041,melanocytic_Nevi,melanocytic_Nevi,0.8136,true,true,0.8136,0.057,77.8,light (I–II),melanocytic_Nevi,melanocytic_Nevi,true
Nil043,melanocytic_Nevi,melanocytic_Nevi,0.7006,true,true,0.7006,0.1756,80.4,light (I–II),melanocytic_Nevi,melanocytic_Nevi,true
Nil045,melanocytic_Nevi,melanocytic_Nevi,0.6061,true,true,0.6061,0.3089,78.9,light (I–II),melanocytic_Nevi,melanocytic_Nevi,true
Nil048,melanocytic_Nevi,melanocytic_Nevi,0.9613,true,true,0.9613,0.003,80.4,light (I–II),melanocytic_Nevi,melanocytic_Nevi,true
Nil052,melanocytic_Nevi,melanocytic_Nevi,0.8757,true,true,0.8757,0.0293,72.7,light (I–II),melanocytic_Nevi,melanocytic_Nevi,true
Nil054,melanocytic_Nevi,melanoma,0.5989,false,true,0.5989,0.7199,66.9,light (I–II),melanocytic_Nevi,melanoma,false
Nil056,melanocytic_Nevi,melanocytic_Nevi,0.6367,true,true,0.6367,0.221,46.9,light (I–II),melanocytic_Nevi,melanocytic_Nevi,true
Nil058,melanocytic_Nevi,melanocytic_Nevi,0.5958,true,true,0.5958,0.2183,75.6,light (I–II),melanocytic_Nevi,melanocytic_Nevi,true
Nil060,melanocytic_Nevi,melanocytic_Nevi,0.8793,true,true,0.8793,0.0291,83.0,light (I–II),melanocytic_Nevi,melanocytic_Nevi,true
Nil062,melanoma,melanoma,0.9983,true,true,0.9983,0.0,66.9,light (I–II),melanoma,melanoma,true
Nil064,melanoma,melanocytic_Nevi,0.5996,false,true,0.5996,0.7378,85.9,light (I–II),melanoma,melanocytic_Nevi,false
Nil066,melanoma,melanoma,0.935,true,true,0.935,0.0067,77.2,light (I–II),melanoma,melanoma,true
Nil068,melanoma,melanocytic_Nevi,0.7075,false,true,0.7075,1.1016,76.3,light (I–II),melanoma,melanocytic_Nevi,false
Nil070,melanoma,melanoma,0.7771,true,true,0.7771,0.0965,80.6,light (I–II),melanoma,melanoma,true
Nil076,melanoma,melanoma,0.9626,true,true,0.9626,0.0022,78.5,light (I–II),melanoma,melanoma,true
Nil078,melanoma,melanoma,0.7723,true,true,0.7723,0.0923,62.7,light (I–II),melanoma,melanoma,true
Nil080,melanoma,melanoma,0.9779,true,true,0.9779,0.001,69.8,light (I–II),melanoma,melanoma,true
Nil082,melanoma,melanoma,0.988,true,true,0.988,0.0002,51.3,light (I–II),melanoma,melanoma,true
Nil084,melanoma,melanoma,0.8515,true,true,0.8515,0.0441,83.7,light (I–II),melanoma,melanoma,true
Nil086,melanoma,melanoma,0.9914,true,true,0.9914,0.0001,24.6,medium (III–IV),melanoma,melanoma,true
Nil088,melanoma,melanoma,0.9625,true,true,0.9625,0.0025,46.3,light (I–II),melanoma,melanoma,true
Nil090,melanoma,melanoma,0.9633,true,true,0.9633,0.0023,63.5,light (I–II),melanoma,melanoma,true
Nil093,melanoma,melanoma,0.9226,true,true,0.9226,0.0094,11.3,dark (V–VI),melanoma,melanoma,true
Nil096,melanoma,melanoma,0.574,true,true,0.574,0.3183,67.8,light (I–II),melanoma,melanoma,true
Nil100,melanoma,melanoma,0.8563,true,true,0.8563,0.0271,78.1,light (I–II),melanoma,melanoma,true
Nil103,melanoma,melanoma,0.8756,true,true,0.8756,0.0244,36.6,medium (III–IV),melanoma,melanoma,true
Nll002,melanoma,melanoma,0.9606,true,true,0.9606,0.003,71.7,light (I–II),melanoma,melanoma,true
Nll004,melanoma,melanoma,0.9826,true,true,0.9826,0.0005,58.5,light (I–II),melanoma,melanoma,true
Nll016,melanocytic_Nevi,melanocytic_Nevi,0.9345,true,true,0.9345,0.0086,71.7,light (I–II),melanocytic_Nevi,melanocytic_Nevi,true
Nll018,melanocytic_Nevi,melanocytic_Nevi,0.9962,true,true,0.9962,0.0,86.4,light (I–II),melanocytic_Nevi,melanocytic_Nevi,true
Nll020,melanocytic_Nevi,melanocytic_Nevi,0.9996,true,true,0.9996,0.0,77.7,light (I–II),melanocytic_Nevi,melanocytic_Nevi,true
Nll024,melanocytic_Nevi,melanoma,0.5155,false,true,0.5155,0.6328,71.7,light (I–II),melanocytic_Nevi,melanoma,false
Nll030,melanocytic_Nevi,benign_keratosis-like_lesions,0.7231,false,true,0.7231,1.1724,76.0,light (I–II),melanocytic_Nevi,benign_keratosis-like_lesions,false
Nll038,melanocytic_Nevi,benign_keratosis-like_lesions,0.939,false,true,0.939,1.8163,77.4,light (I–II),melanocytic_Nevi,benign_keratosis-like_lesions,false
Nll040,melanocytic_Nevi,benign_keratosis-like_lesions,0.9569,false,true,0.9569,1.8337,80.0,light (I–II),melanocytic_Nevi,benign_keratosis-like_lesions,false
Nll042,melanocytic_Nevi,melanocytic_Nevi,0.7355,true,true,0.7355,0.1304,78.3,light (I–II),melanocytic_Nevi,melanocytic_Nevi,true
Nll046,melanocytic_Nevi,melanocytic_Nevi,0.7619,true,true,0.7619,0.0942,85.2,light (I–II),melanocytic_Nevi,melanocytic_Nevi,true
Nll048,melanocytic_Nevi,melanocytic_Nevi,0.4295,true,true,0.4295,0.5105,61.0,light (I–II),melanocytic_Nevi,melanocytic_Nevi,true
Nll050,melanocytic_Nevi,melanocytic_Nevi,0.9108,true,true,0.9108,0.0159,76.5,light (I–II),melanocytic_Nevi,melanocytic_Nevi,true
Nll056,melanocytic_Nevi,melanocytic_Nevi,0.9658,true,true,0.9658,0.0018,69.9,light (I–II),melanocytic_Nevi,melanocytic_Nevi,true
Nll058,melanocytic_Nevi,melanocytic_Nevi,0.7305,true,true,0.7305,0.1058,74.3,light (I–II),melanocytic_Nevi,melanocytic_Nevi,true
Nll060,melanocytic_Nevi,melanocytic_Nevi,0.9412,true,true,0.9412,0.0069,78.2,light (I–II),melanocytic_Nevi,melanocytic_Nevi,true
Nll062,melanocytic_Nevi,melanocytic_Nevi,0.8481,true,true,0.8481,0.0456,75.5,light (I–II),melanocytic_Nevi,melanocytic_Nevi,true
Nll069,melanocytic_Nevi,melanocytic_Nevi,0.983,true,true,0.983,0.0005,69.3,light (I–II),melanocytic_Nevi,melanocytic_Nevi,true
Nll072,melanocytic_Nevi,melanoma,0.5372,false,true,0.5372,0.5771,76.2,light (I–II),melanocytic_Nevi,melanoma,false
Nll076,melanocytic_Nevi,melanoma,0.5868,false,true,0.5868,0.7063,85.9,light (I–II),melanocytic_Nevi,melanoma,false
Nll084,melanocytic_Nevi,melanocytic_Nevi,0.7623,true,true,0.7623,0.1129,78.0,light (I–II),melanocytic_Nevi,melanocytic_Nevi,true
Nll088,melanocytic_Nevi,melanocytic_Nevi,0.9505,true,true,0.9505,0.0048,74.5,light (I–II),melanocytic_Nevi,melanocytic_Nevi,true
Nll094,melanocytic_Nevi,melanocytic_Nevi,0.5856,true,true,0.5856,0.2807,67.5,light (I–II),melanocytic_Nevi,melanocytic_Nevi,true
Nll098,melanocytic_Nevi,melanocytic_Nevi,0.8586,true,true,0.8586,0.0398,80.5,light (I–II),melanocytic_Nevi,melanocytic_Nevi,true
Nll100,melanocytic_Nevi,melanocytic_Nevi,0.899,true,true,0.899,0.0148,83.6,light (I–II),melanocytic_Nevi,melanocytic_Nevi,true
Nll102,melanocytic_Nevi,melanocytic_Nevi,0.9172,true,true,0.9172,0.0136,74.6,light (I–II),melanocytic_Nevi,melanocytic_Nevi,true
Nll104,melanocytic_Nevi,melanocytic_Nevi,0.7706,true,true,0.7706,0.1052,86.4,light (I–II),melanocytic_Nevi,melanocytic_Nevi,true
Nll106,melanocytic_Nevi,melanoma,0.5072,false,true,0.5072,0.5368,76.8,light (I–II),melanocytic_Nevi,melanoma,false
Nml002,melanocytic_Nevi,melanocytic_Nevi,0.8392,true,true,0.8392,0.0515,95.4,light (I–II),melanocytic_Nevi,melanocytic_Nevi,true
Nml004,melanocytic_Nevi,benign_keratosis-like_lesions,0.4794,false,true,0.4794,0.9435,66.5,light (I–II),melanocytic_Nevi,benign_keratosis-like_lesions,false
Nml006,melanocytic_Nevi,melanoma,0.9005,false,true,0.9005,1.6244,98.3,light (I–II),melanocytic_Nevi,melanoma,false
Nml008,melanocytic_Nevi,melanocytic_Nevi,0.6544,true,true,0.6544,0.2388,73.0,light (I–II),melanocytic_Nevi,melanocytic_Nevi,true
Nml010,melanocytic_Nevi,melanocytic_Nevi,0.7257,true,true,0.7257,0.1451,74.1,light (I–II),melanocytic_Nevi,melanocytic_Nevi,true
Nml012,melanocytic_Nevi,melanoma,0.5864,false,true,0.5864,0.6882,80.1,light (I–II),melanocytic_Nevi,melanoma,false
Nml014,melanocytic_Nevi,melanocytic_Nevi,0.7091,true,true,0.7091,0.1621,83.4,light (I–II),melanocytic_Nevi,melanocytic_Nevi,true
Nml016,melanocytic_Nevi,dermatofibroma,0.9681,false,true,0.9681,1.8904,75.5,light (I–II),melanocytic_Nevi,dermatofibroma,false
Nml018,melanocytic_Nevi,melanocytic_Nevi,0.6886,true,true,0.6886,0.1849,65.0,light (I–II),melanocytic_Nevi,melanocytic_Nevi,true
Nml020,melanoma,melanoma,0.9352,true,true,0.9352,0.0069,74.4,light (I–II),melanoma,melanoma,true
Nml022,melanoma,melanoma,0.9857,true,true,0.9857,0.0003,30.2,medium (III–IV),melanoma,melanoma,true
Nml024,melanoma,melanoma,0.9089,true,true,0.9089,0.013,-45.1,dark (V–VI),melanoma,melanoma,true
Nml030,melanocytic_Nevi,melanocytic_Nevi,0.6855,true,true,0.6855,0.197,81.1,light (I–II),melanocytic_Nevi,melanocytic_Nevi,true
Nml034,melanocytic_Nevi,melanocytic_Nevi,0.5616,true,true,0.5616,0.3826,71.8,light (I–II),melanocytic_Nevi,melanocytic_Nevi,true
Nml039,melanocytic_Nevi,melanocytic_Nevi,0.5264,true,true,0.5264,0.4484,70.1,light (I–II),melanocytic_Nevi,melanocytic_Nevi,true
Nml041,vascular_lesions,melanocytic_Nevi,0.8521,false,false,0.8521,1.7463,87.4,light (I–II),vascular_lesions,melanocytic_Nevi,false
Nml043,melanocytic_Nevi,melanocytic_Nevi,0.6997,true,true,0.6997,0.1245,76.9,light (I–II),melanocytic_Nevi,melanocytic_Nevi,true
Nml045,melanocytic_Nevi,melanocytic_Nevi,0.8573,true,true,0.8573,0.0301,83.2,light (I–II),melanocytic_Nevi,melanocytic_Nevi,true
Nml047,melanocytic_Nevi,melanocytic_Nevi,0.9242,true,true,0.9242,0.0114,64.8,light (I–II),melanocytic_Nevi,melanocytic_Nevi,true
Nml049,melanocytic_Nevi,melanocytic_Nevi,0.8671,true,true,0.8671,0.0295,80.2,light (I–II),melanocytic_Nevi,melanocytic_Nevi,true
Nml051,melanocytic_Nevi,melanocytic_Nevi,0.8075,true,true,0.8075,0.0687,70.6,light (I–II),melanocytic_Nevi,melanocytic_Nevi,true
Nml063,melanocytic_Nevi,melanocytic_Nevi,0.6609,true,true,0.6609,0.2293,72.2,light (I–II),melanocytic_Nevi,melanocytic_Nevi,true
Nml065,melanocytic_Nevi,melanocytic_Nevi,0.6521,true,true,0.6521,0.2229,66.6,light (I–II),melanocytic_Nevi,melanocytic_Nevi,true
Nml067,melanocytic_Nevi,melanoma,0.5865,false,true,0.5865,0.6887,70.1,light (I–II),melanocytic_Nevi,melanoma,false
Nml071,melanocytic_Nevi,melanocytic_Nevi,0.3474,true,true,0.3474,0.621,58.4,light (I–II),melanocytic_Nevi,melanocytic_Nevi,true
Nml073,melanoma,benign_keratosis-like_lesions,0.8123,false,true,0.8123,1.3565,76.7,light (I–II),melanoma,benign_keratosis-like_lesions,false
Nml077,melanoma,melanocytic_Nevi,0.8445,false,true,0.8445,1.4422,78.2,light (I–II),melanoma,melanocytic_Nevi,false
Nml079,melanoma,melanocytic_Nevi,0.9061,false,true,0.9061,1.6534,78.7,light (I–II),melanoma,melanocytic_Nevi,false
Nml081,melanoma,melanocytic_Nevi,0.5193,false,true,0.5193,0.5806,84.4,light (I–II),melanoma,melanocytic_Nevi,false
Nml085,melanocytic_Nevi,melanoma,0.7373,false,true,0.7373,1.1514,71.1,light (I–II),melanocytic_Nevi,melanoma,false
Nml087,melanocytic_Nevi,melanocytic_Nevi,0.9527,true,true,0.9527,0.003,76.4,light (I–II),melanocytic_Nevi,melanocytic_Nevi,true
Nml089,melanocytic_Nevi,melanocytic_Nevi,0.9135,true,true,0.9135,0.013,75.5,light (I–II),melanocytic_Nevi,melanocytic_Nevi,true
Nml094,melanocytic_Nevi,melanocytic_Nevi,0.9881,true,true,0.9881,0.0003,85.9,light (I–II),melanocytic_Nevi,melanocytic_Nevi,true
Nml096,melanocytic_Nevi,melanocytic_Nevi,0.8045,true,true,0.8045,0.0674,84.9,light (I–II),melanocytic_Nevi,melanocytic_Nevi,true
Nml098,basal_cell_carcinoma,melanoma,0.6753,false,true,0.6753,0.955,81.3,light (I–II),basal_cell_carcinoma,melanoma,false
Nml102,basal_cell_carcinoma,basal_cell_carcinoma,0.4515,true,true,0.4515,0.4455,44.5,light (I–II),basal_cell_carcinoma,basal_cell_carcinoma,true
Nml104,basal_cell_carcinoma,melanocytic_Nevi,0.6281,false,true,0.6281,1.3469,79.2,light (I–II),basal_cell_carcinoma,melanocytic_Nevi,false
Nml106,basal_cell_carcinoma,melanocytic_Nevi,0.3531,false,true,0.3531,0.9866,78.4,light (I–II),basal_cell_carcinoma,melanocytic_Nevi,false
Nml108,vascular_lesions,melanoma,0.9006,false,false,0.9006,1.8144,45.5,light (I–II),vascular_lesions,melanoma,false
Nml114,benign_keratosis-like_lesions,benign_keratosis-like_lesions,0.3314,true,true,0.3314,0.5735,86.2,light (I–II),benign_keratosis-like_lesions,benign_keratosis-like_lesions,true
gzl02,basal_cell_carcinoma,basal_cell_carcinoma,0.7071,true,true,0.7071,0.1206,88.0,light (I–II),basal_cell_carcinoma,basal_cell_carcinoma,true
gzl04,melanoma,basal_cell_carcinoma,0.7652,false,false,0.7652,1.6009,87.9,light (I–II),melanoma,basal_cell_carcinoma,false
gzl06,basal_cell_carcinoma,melanocytic_Nevi,0.8074,false,false,0.8074,1.6578,38.8,medium (III–IV),basal_cell_carcinoma,melanocytic_Nevi,false
gzl08,melanocytic_Nevi,melanocytic_Nevi,0.9707,true,true,0.9707,0.0017,86.3,light (I–II),melanocytic_Nevi,melanocytic_Nevi,true
gzl10,melanocytic_Nevi,melanocytic_Nevi,0.9677,true,true,0.9677,0.0016,81.5,light (I–II),melanocytic_Nevi,melanocytic_Nevi,true
gzl12,melanoma,melanocytic_Nevi,0.3811,false,false,0.3811,1.0904,47.3,light (I–II),melanoma,melanocytic_Nevi,false
gzl14,melanocytic_Nevi,melanocytic_Nevi,0.9896,true,true,0.9896,0.0002,84.5,light (I–II),melanocytic_Nevi,melanocytic_Nevi,true
gzl16,melanoma,melanocytic_Nevi,0.5913,false,true,0.5913,0.7195,81.1,light (I–II),melanoma,melanocytic_Nevi,false
gzl18,benign_keratosis-like_lesions,melanocytic_Nevi,0.9264,false,true,0.9264,1.7356,81.4,light (I–II),benign_keratosis-like_lesions,melanocytic_Nevi,false
gzl20,melanoma,melanocytic_Nevi,0.6531,false,true,0.6531,0.8531,83.0,light (I–II),melanoma,melanocytic_Nevi,false
gzl22,melanocytic_Nevi,melanocytic_Nevi,0.9681,true,true,0.9681,0.0015,77.5,light (I–II),melanocytic_Nevi,melanocytic_Nevi,true
gzl24,melanocytic_Nevi,melanocytic_Nevi,0.8363,true,true,0.8363,0.0443,87.2,light (I–II),melanocytic_Nevi,melanocytic_Nevi,true
gzl26,melanoma,melanocytic_Nevi,0.8342,false,true,0.8342,1.4429,96.2,light (I–II),melanoma,melanocytic_Nevi,false
gzl28,melanoma,melanocytic_Nevi,0.7809,false,true,0.7809,1.2405,87.8,light (I–II),melanoma,melanocytic_Nevi,false
gzl30,benign_keratosis-like_lesions,benign_keratosis-like_lesions,0.4091,true,true,0.4091,0.4594,85.9,light (I–II),benign_keratosis-like_lesions,benign_keratosis-like_lesions,true
gzl32,melanocytic_Nevi,melanocytic_Nevi,0.9984,true,true,0.9984,0.0,79.7,light (I–II),melanocytic_Nevi,melanocytic_Nevi,true
gzl34,melanocytic_Nevi,melanocytic_Nevi,0.9983,true,true,0.9983,0.0,83.8,light (I–II),melanocytic_Nevi,melanocytic_Nevi,true
gzl36,melanocytic_Nevi,melanocytic_Nevi,0.9725,true,true,0.9725,0.0012,86.9,light (I–II),melanocytic_Nevi,melanocytic_Nevi,true
gzl38,basal_cell_carcinoma,benign_keratosis-like_lesions,0.8522,false,true,0.8522,1.5263,82.7,light (I–II),basal_cell_carcinoma,benign_keratosis-like_lesions,false
gzl42,melanocytic_Nevi,melanocytic_Nevi,0.8318,true,true,0.8318,0.0407,85.9,light (I–II),melanocytic_Nevi,melanocytic_Nevi,true
gzl46,benign_keratosis-like_lesions,benign_keratosis-like_lesions,0.8336,true,true,0.8336,0.041,76.0,light (I–II),benign_keratosis-like_lesions,benign_keratosis-like_lesions,true
gzl48,benign_keratosis-like_lesions,melanocytic_Nevi,0.9501,false,true,0.9501,1.8625,83.2,light (I–II),benign_keratosis-like_lesions,melanocytic_Nevi,false
gzl50,melanoma,melanocytic_Nevi,0.8323,false,true,0.8323,1.4436,80.8,light (I–II),melanoma,melanocytic_Nevi,false
gzl52,melanocytic_Nevi,benign_keratosis-like_lesions,0.5131,false,true,0.5131,1.2858,83.9,light (I–II),melanocytic_Nevi,benign_keratosis-like_lesions,false
gzl54,melanocytic_Nevi,melanocytic_Nevi,0.9984,true,true,0.9984,0.0,80.3,light (I–II),melanocytic_Nevi,melanocytic_Nevi,true
gzl56,melanocytic_Nevi,melanocytic_Nevi,0.9633,true,true,0.9633,0.0024,86.9,light (I–II),melanocytic_Nevi,melanocytic_Nevi,true
gzl58,melanocytic_Nevi,melanocytic_Nevi,0.9254,true,true,0.9254,0.0096,88.3,light (I–II),melanocytic_Nevi,melanocytic_Nevi,true
gzl60,benign_keratosis-like_lesions,vascular_lesions,0.4005,false,true,0.4005,0.8011,87.9,light (I–II),benign_keratosis-like_lesions,vascular_lesions,false
gzl62,melanocytic_Nevi,melanocytic_Nevi,0.9978,true,true,0.9978,0.0,86.0,light (I–II),melanocytic_Nevi,melanocytic_Nevi,true
gzl64,melanoma,melanocytic_Nevi,0.9493,false,true,0.9493,1.8114,74.9,light (I–II),melanoma,melanocytic_Nevi,false
gzl66,melanocytic_Nevi,dermatofibroma,0.6658,false,true,0.6658,0.8917,60.6,light (I–II),melanocytic_Nevi,dermatofibroma,false
gzl68,melanocytic_Nevi,melanocytic_Nevi,0.9689,true,true,0.9689,0.0016,82.6,light (I–II),melanocytic_Nevi,melanocytic_Nevi,true
gzl70,melanocytic_Nevi,melanocytic_Nevi,0.8838,true,true,0.8838,0.019,86.4,light (I–II),melanocytic_Nevi,melanocytic_Nevi,true
gzl72,benign_keratosis-like_lesions,melanocytic_Nevi,0.979,false,true,0.979,1.9439,62.3,light (I–II),benign_keratosis-like_lesions,melanocytic_Nevi,false
gzl74,vascular_lesions,melanocytic_Nevi,0.9262,false,true,0.9262,1.8473,76.6,light (I–II),vascular_lesions,melanocytic_Nevi,false
gzl76,melanoma,melanocytic_Nevi,0.954,false,true,0.954,1.8235,78.3,light (I–II),melanoma,melanocytic_Nevi,false
gzl78,melanoma,benign_keratosis-like_lesions,0.9496,false,false,0.9496,1.9034,87.3,light (I–II),melanoma,benign_keratosis-like_lesions,false
gzl80,melanocytic_Nevi,melanocytic_Nevi,0.998,true,true,0.998,0.0,86.8,light (I–II),melanocytic_Nevi,melanocytic_Nevi,true
gzl82,melanocytic_Nevi,melanocytic_Nevi,0.8311,true,true,0.8311,0.0359,89.9,light (I–II),melanocytic_Nevi,melanocytic_Nevi,true
gzl84,melanocytic_Nevi,melanocytic_Nevi,0.9452,true,true,0.9452,0.0048,87.7,light (I–II),melanocytic_Nevi,melanocytic_Nevi,true
gzl86,melanocytic_Nevi,melanocytic_Nevi,0.4277,true,true,0.4277,0.5189,87.0,light (I–II),melanocytic_Nevi,melanocytic_Nevi,true
gzl88,melanocytic_Nevi,melanocytic_Nevi,0.9698,true,true,0.9698,0.0012,92.2,light (I–II),melanocytic_Nevi,melanocytic_Nevi,true
nal095,melanoma,melanoma,0.7919,true,true,0.7919,0.0796,88.0,light (I–II),melanoma,melanoma,true
ndl013,melanocytic_Nevi,melanocytic_Nevi,0.6197,true,true,0.6197,0.2891,51.8,light (I–II),melanocytic_Nevi,melanocytic_Nevi,true
ndl085,melanocytic_Nevi,melanoma,0.5636,false,true,0.5636,0.6357,62.1,light (I–II),melanocytic_Nevi,melanoma,false
newl006,benign_keratosis-like_lesions,melanocytic_Nevi,0.867,false,true,0.867,1.7577,80.6,light (I–II),benign_keratosis-like_lesions,melanocytic_Nevi,false
newl008,benign_keratosis-like_lesions,melanocytic_Nevi,0.4817,false,false,0.4817,1.3579,87.3,light (I–II),benign_keratosis-like_lesions,melanocytic_Nevi,false
newl010,benign_keratosis-like_lesions,melanocytic_Nevi,0.35,false,false,0.35,1.1245,86.1,light (I–II),benign_keratosis-like_lesions,melanocytic_Nevi,false
newl012,benign_keratosis-like_lesions,melanocytic_Nevi,0.9408,false,false,0.9408,1.8841,87.4,light (I–II),benign_keratosis-like_lesions,melanocytic_Nevi,false
newl014,melanoma,melanocytic_Nevi,0.9783,false,true,0.9783,1.9165,79.8,light (I–II),melanoma,melanocytic_Nevi,false
newl016,vascular_lesions,vascular_lesions,0.9791,true,true,0.9791,0.0006,76.6,light (I–II),vascular_lesions,vascular_lesions,true
newl018,benign_keratosis-like_lesions,melanocytic_Nevi,0.9482,false,true,0.9482,1.882,83.5,light (I–II),benign_keratosis-like_lesions,melanocytic_Nevi,false
newl020,benign_keratosis-like_lesions,melanocytic_Nevi,0.8001,false,false,0.8001,1.6029,83.2,light (I–II),benign_keratosis-like_lesions,melanocytic_Nevi,false
newl022,benign_keratosis-like_lesions,dermatofibroma,0.8579,false,false,0.8579,1.7302,86.4,light (I–II),benign_keratosis-like_lesions,dermatofibroma,false
newl024,benign_keratosis-like_lesions,melanocytic_Nevi,0.8589,false,false,0.8589,1.7456,81.5,light (I–II),benign_keratosis-like_lesions,melanocytic_Nevi,false
newl026,benign_keratosis-like_lesions,melanocytic_Nevi,0.9093,false,false,0.9093,1.8292,83.2,light (I–II),benign_keratosis-like_lesions,melanocytic_Nevi,false
newl030,melanocytic_Nevi,melanoma,0.5698,false,true,0.5698,0.6536,78.6,light (I–II),melanocytic_Nevi,melanoma,false
newl032,melanoma,melanoma,0.8913,true,true,0.8913,0.0183,36.8,medium (III–IV),melanoma,melanoma,true
newl034,melanocytic_Nevi,melanoma,0.9595,false,true,0.9595,1.8418,86.4,light (I–II),melanocytic_Nevi,melanoma,false
newl036,melanoma,benign_keratosis-like_lesions,0.5812,false,true,0.5812,0.8285,83.7,light (I–II),melanoma,benign_keratosis-like_lesions,false
newl039,melanocytic_Nevi,melanocytic_Nevi,0.8272,true,true,0.8272,0.0414,94.8,light (I–II),melanocytic_Nevi,melanocytic_Nevi,true
newl043,melanoma,melanoma,0.9956,true,true,0.9956,0.0,-34.0,dark (V–VI),melanoma,melanoma,true
newl045,melanoma,melanoma,0.9557,true,true,0.9557,0.0034,58.3,light (I–II),melanoma,melanoma,true
newl047,melanoma,melanoma,0.985,true,true,0.985,0.0004,45.3,light (I–II),melanoma,melanoma,true
newl049,melanoma,melanoma,0.9841,true,true,0.9841,0.0005,96.9,light (I–II),melanoma,melanoma,true
newl051,melanoma,melanoma,0.8076,true,true,0.8076,0.0722,60.8,light (I–II),melanoma,melanoma,true
newl053,melanoma,benign_keratosis-like_lesions,0.4549,false,true,0.4549,0.6389,55.4,light (I–II),melanoma,benign_keratosis-like_lesions,false
newl055,melanoma,melanoma,0.9106,true,true,0.9106,0.0159,40.5,medium (III–IV),melanoma,melanoma,true
newl059,melanoma,melanoma,0.9921,true,true,0.9921,0.0001,39.8,medium (III–IV),melanoma,melanoma,true
nfl070,melanoma,melanocytic_Nevi,0.9468,false,true,0.9468,1.7929,80.3,light (I–II),melanoma,melanocytic_Nevi,false
nfl072,melanoma,melanoma,0.7362,true,true,0.7362,0.1392,81.6,light (I–II),melanoma,melanoma,true
nll014,melanoma,melanoma,0.9016,true,true,0.9016,0.0194,71.5,light (I–II),melanoma,melanoma,true
nll022,melanocytic_Nevi,melanocytic_Nevi,0.5059,true,true,0.5059,0.4872,66.1,light (I–II),melanocytic_Nevi,melanocytic_Nevi,true
nll026,melanocytic_Nevi,melanocytic_Nevi,0.9456,true,true,0.9456,0.0058,72.6,light (I–II),melanocytic_Nevi,melanocytic_Nevi,true
nll032,melanocytic_Nevi,melanocytic_Nevi,0.5578,true,true,0.5578,0.3893,71.5,light (I–II),melanocytic_Nevi,melanocytic_Nevi,true
