id,top1_accuracy.true,top1_accuracy.pred,top1_accuracy.confidence,top1_accuracy.correct,top1_accuracy.in_top3,skin_tone_ita.ita,skin_tone_ita.bin,skin_tone_ita.true,skin_tone_ita.pred,skin_tone_ita.correct
Aal002,melanoma,melanocytic_Nevi,0.4807,false,false,75.6,light (I–II),melanoma,melanocytic_Nevi,false
Aal002bis,melanoma,melanoma,0.9171,true,true,71.1,light (I–II),melanoma,melanoma,true
Aal004,melanocytic_Nevi,melanocytic_Nevi,0.9947,true,true,85.1,light (I–II),melanocytic_Nevi,melanocytic_Nevi,true
Aal006,melanocytic_Nevi,melanocytic_Nevi,0.9773,true,true,77.5,light (I–II),melanocytic_Nevi,melanocytic_Nevi,true
Aal008,melanocytic_Nevi,melanocytic_Nevi,0.9629,true,true,84.6,light (I–II),melanocytic_Nevi,melanocytic_Nevi,true
Aal010,melanocytic_Nevi,melanocytic_Nevi,0.6349,true,true,89.0,light (I–II),melanocytic_Nevi,melanocytic_Nevi,true
Aal012,melanocytic_Nevi,melanocytic_Nevi,0.9985,true,true,85.1,light (I–II),melanocytic_Nevi,melanocytic_Nevi,true
Aal014,dermatofibroma,dermatofibroma,0.9851,true,true,86.4,light (I–II),dermatofibroma,dermatofibroma,true
Aal018,dermatofibroma,dermatofibroma,0.9978,true,true,87.5,light (I–II),dermatofibroma,dermatofibroma,true
Aal020,dermatofibroma,dermatofibroma,0.325,true,true,44.5,light (I–II),dermatofibroma,dermatofibroma,true
Aal024,dermatofibroma,dermatofibroma,0.9368,true,true,56.5,light (I–II),dermatofibroma,dermatofibroma,true
Aal028,dermatofibroma,dermatofibroma,0.9119,true,true,83.4,light (I–II),dermatofibroma,dermatofibroma,true
Aal030,dermatofibroma,dermatofibroma,0.9884,true,true,86.5,light (I–II),dermatofibroma,dermatofibroma,true
Aal038,dermatofibroma,dermatofibroma,0.9995,true,true,84.7,light (I–II),dermatofibroma,dermatofibroma,true
Aal044,melanocytic_Nevi,melanocytic_Nevi,0.9865,true,true,81.8,light (I–II),melanocytic_Nevi,melanocytic_Nevi,true
Aal046,melanocytic_Nevi,melanocytic_Nevi,0.8384,true,true,82.8,light (I–II),melanocytic_Nevi,melanocytic_Nevi,true
Aal048,melanocytic_Nevi,melanocytic_Nevi,0.947,true,true,78.4,light (I–II),melanocytic_Nevi,melanocytic_Nevi,true
Aal052,melanocytic_Nevi,melanocytic_Nevi,0.8476,true,true,90.3,light (I–II),melanocytic_Nevi,melanocytic_Nevi,true
Aal056,melanocytic_Nevi,melanocytic_Nevi,0.7698,true,true,86.3,light (I–II),melanocytic_Nevi,melanocytic_Nevi,true
Aal062,melanocytic_Nevi,melanocytic_Nevi,0.6697,true,true,92.0,light (I–II),melanocytic_Nevi,melanocytic_Nevi,true
Aal064,melanocytic_Nevi,melanocytic_Nevi,0.8888,true,true,92.0,light (I–II),melanocytic_Nevi,melanocytic_Nevi,true
Aal066,melanocytic_Nevi,melanoma,0.7058,false,true,78.8,light (I–II),melanocytic_Nevi,melanoma,false
Aal068,melanocytic_Nevi,vascular_lesions,0.9824,false,true,87.2,light (I–II),melanocytic_Nevi,vascular_lesions,false
Aal078,melanocytic_Nevi,melanocytic_Nevi,0.4521,true,true,86.4,light (I–II),melanocytic_Nevi,melanocytic_Nevi,true
Aal086,melanocytic_Nevi,melanocytic_Nevi,0.7898,true,true,90.3,light (I–II),melanocytic_Nevi,melanocytic_Nevi,true
Aal088,melanocytic_Nevi,melanocytic_Nevi,0.8669,true,true,86.4,light (I–II),melanocytic_Nevi,melanocytic_Nevi,true
Aal090,melanocytic_Nevi,melanocytic_Nevi,0.8125,true,true,86.5,light (I–II),melanocytic_Nevi,melanocytic_Nevi,true
Aal094,melanocytic_Nevi,melanocytic_Nevi,0.8107,true,true,84.6,light (I–II),melanocytic_Nevi,melanocytic_Nevi,true
Aal096,melanocytic_Nevi,melanocytic_Nevi,0.5151,true,true,88.6,light (I–II),melanocytic_Nevi,melanocytic_Nevi,true
Aal099bis,melanocytic_Nevi,melanocytic_Nevi,0.993,true,true,87.2,light (I–II),melanocytic_Nevi,melanocytic_Nevi,true
Abl101,melanocytic_Nevi,melanocytic_Nevi,0.9852,true,true,92.5,light (I–II),melanocytic_Nevi,melanocytic_Nevi,true
Abl108,melanocytic_Nevi,melanocytic_Nevi,0.5167,true,true,78.4,light (I–II),melanocytic_Nevi,melanocytic_Nevi,true
Abl112,melanocytic_Nevi,melanocytic_Nevi,0.9844,true,true,88.8,light (I–II),melanocytic_Nevi,melanocytic_Nevi,true
Abl116,melanocytic_Nevi,melanocytic_Nevi,0.7261,true,true,87.0,light (I–II),melanocytic_Nevi,melanocytic_Nevi,true
Abl118,melanocytic_Nevi,melanocytic_Nevi,0.5875,true,true,-90.0,dark (V–VI),melanocytic_Nevi,melanocytic_Nevi,true
Abl121,melanocytic_Nevi,melanocytic_Nevi,0.8721,true,true,91.3,light (I–II),melanocytic_Nevi,melanocytic_Nevi,true
Abl123,melanocytic_Nevi,melanocytic_Nevi,0.6121,true,true,88.7,light (I–II),melanocytic_Nevi,melanocytic_Nevi,true
Abl127,melanocytic_Nevi,melanocytic_Nevi,0.9479,true,true,80.3,light (I–II),melanocytic_Nevi,melanocytic_Nevi,true
Abl129,melanocytic_Nevi,melanocytic_Nevi,0.5864,true,true,84.8,light (I–II),melanocytic_Nevi,melanocytic_Nevi,true
Abl135,melanocytic_Nevi,melanocytic_Nevi,0.9103,true,true,75.4,light (I–II),melanocytic_Nevi,melanocytic_Nevi,true
Abl137,melanocytic_Nevi,melanocytic_Nevi,0.9595,true,true,72.9,light (I–II),melanocytic_Nevi,melanocytic_Nevi,true
Abl139,melanocytic_Nevi,melanocytic_Nevi,0.9352,true,true,81.3,light (I–II),melanocytic_Nevi,melanocytic_Nevi,true
Abl141,melanocytic_Nevi,melanocytic_Nevi,0.8719,true,true,81.4,light (I–II),melanocytic_Nevi,melanocytic_Nevi,true
Abl143,melanocytic_Nevi,melanocytic_Nevi,0.9967,true,true,62.3,light (I–II),melanocytic_Nevi,melanocytic_Nevi,true
Abl145,melanocytic_Nevi,melanocytic_Nevi,0.9824,true,true,76.8,light (I–II),melanocytic_Nevi,melanocytic_Nevi,true
Abl147,melanocytic_Nevi,melanocytic_Nevi,0.9167,true,true,75.8,light (I–II),melanocytic_Nevi,melanocytic_Nevi,true
Abl151,melanocytic_Nevi,melanocytic_Nevi,0.7581,true,true,86.4,light (I–II),melanocytic_Nevi,melanocytic_Nevi,true
Abl153,melanocytic_Nevi,melanocytic_Nevi,0.9943,true,true,79.0,light (I–II),melanocytic_Nevi,melanocytic_Nevi,true
Abl155,melanocytic_Nevi,melanocytic_Nevi,0.6196,true,true,86.0,light (I–II),melanocytic_Nevi,melanocytic_Nevi,true
Abl157,melanocytic_Nevi,melanocytic_Nevi,0.8967,true,true,80.1,light (I–II),melanocytic_Nevi,melanocytic_Nevi,true
Abl161,melanocytic_Nevi,melanocytic_Nevi,0.9658,true,true,84.8,light (I–II),melanocytic_Nevi,melanocytic_Nevi,true
Abl163,melanocytic_Nevi,melanocytic_Nevi,0.9738,true,true,76.3,light (I–II),melanocytic_Nevi,melanocytic_Nevi,true
Abl165,melanocytic_Nevi,melanocytic_Nevi,0.9444,true,true,73.7,light (I–II),melanocytic_Nevi,melanocytic_Nevi,true
Abl167,melanocytic_Nevi,melanocytic_Nevi,0.9855,true,true,84.8,light (I–II),melanocytic_Nevi,melanocytic_Nevi,true
Abl168,melanocytic_Nevi,melanocytic_Nevi,0.9893,true,true,86.7,light (I–II),melanocytic_Nevi,melanocytic_Nevi,true
Abl171,melanocytic_Nevi,melanocytic_Nevi,0.9203,true,true,74.8,light (I–II),melanocytic_Nevi,melanocytic_Nevi,true
Abl175,melanocytic_Nevi,melanocytic_Nevi,0.9368,true,true,92.7,light (I–II),melanocytic_Nevi,melanocytic_Nevi,true
Abl177,melanocytic_Nevi,benign_keratosis-like_lesions,0.7004,false,true,90.0,light (I–II),melanocytic_Nevi,benign_keratosis-like_lesions,false
Abl179,melanocytic_Nevi,melanocytic_Nevi,0.9505,true,true,83.0,light (I–II),melanocytic_Nevi,melanocytic_Nevi,true
Abl183,melanocytic_Nevi,melanocytic_Nevi,0.9362,true,true,78.1,light (I–II),melanocytic_Nevi,melanocytic_Nevi,true
Abl185,melanocytic_Nevi,melanocytic_Nevi,0.9833,true,true,83.8,light (I–II),melanocytic_Nevi,melanocytic_Nevi,true
Abl189,melanocytic_Nevi,benign_keratosis-like_lesions,0.6192,false,true,81.9,light (I–II),melanocytic_Nevi,benign_keratosis-like_lesions,false
Abl191,melanocytic_Nevi,benign_keratosis-like_lesions,0.6242,false,true,73.7,light (I–II),melanocytic_Nevi,benign_keratosis-like_lesions,false
Abl193,melanocytic_Nevi,melanocytic_Nevi,0.9241,true,true,82.4,light (I–II),melanocytic_Nevi,melanocytic_Nevi,true
Abl195,melanocytic_Nevi,benign_keratosis-like_lesions,0.6024,false,true,81.4,light (I–II),melanocytic_Nevi,benign_keratosis-like_lesions,false
Abl197,dermatofibroma,dermatofibroma,0.7689,true,true,78.9,light (I–II),dermatofibroma,dermatofibroma,true
Acl201,melanocytic_Nevi,melanocytic_Nevi,0.9742,true,true,79.3,light (I–II),melanocytic_Nevi,melanocytic_Nevi,true
Acl203,melanocytic_Nevi,benign_keratosis-like_lesions,0.8928,false,true,43.9,light (I–II),melanocytic_Nevi,benign_keratosis-like_lesions,false
Acl205,benign_keratosis-like_lesions,benign_keratosis-like_lesions,0.9181,true,true,56.7,light (I–II),benign_keratosis-like_lesions,benign_keratosis-like_lesions,true
Acl207,melanocytic_Nevi,melanocytic_Nevi,0.9668,true,true,90.0,light (I–II),melanocytic_Nevi,melanocytic_Nevi,true
Acl209,dermatofibroma,dermatofibroma,0.981,true,true,64.0,light (I–II),dermatofibroma,dermatofibroma,true
Acl211,dermatofibroma,dermatofibroma,0.9965,true,true,78.9,light (I–II),dermatofibroma,dermatofibroma,true
Acl215,melanocytic_Nevi,melanocytic_Nevi,0.9727,true,true,80.5,light (I–II),melanocytic_Nevi,melanocytic_Nevi,true
Acl217,melanocytic_Nevi,melanocytic_Nevi,0.9899,true,true,81.0,light (I–II),melanocytic_Nevi,melanocytic_Nevi,true
Acl219,melanocytic_Nevi,melanocytic_Nevi,0.9504,true,true,87.4,light (I–II),melanocytic_Nevi,melanocytic_Nevi,true
Acl221,melanocytic_Nevi,melanocytic_Nevi,0.9599,true,true,70.9,light (I–II),melanocytic_Nevi,melanocytic_Nevi,true
Acl223,melanocytic_Nevi,melanocytic_Nevi,0.978,true,true,86.4,light (I–II),melanocytic_Nevi,melanocytic_Nevi,true
Acl225,melanocytic_Nevi,dermatofibroma,0.9451,false,true,86.9,light (I–II),melanocytic_Nevi,dermatofibroma,false
Acl227,benign_keratosis-like_lesions,melanocytic_Nevi,0.8491,false,true,62.4,light (I–II),benign_keratosis-like_lesions,melanocytic_Nevi,false
Acl229,benign_keratosis-like_lesions,benign_keratosis-like_lesions,0.6602,true,true,74.5,light (I–II),benign_keratosis-like_lesions,benign_keratosis-like_lesions,true
Acl231,dermatofibroma,dermatofibroma,0.9983,true,true,66.1,light (I–II),dermatofibroma,dermatofibroma,true
Acl233,dermatofibroma,dermatofibroma,0.9998,true,true,76.7,light (I–II),dermatofibroma,dermatofibroma,true
Acl235,melanocytic_Nevi,melanocytic_Nevi,0.5633,true,true,80.7,light (I–II),melanocytic_Nevi,melanocytic_Nevi,true
Acl237,vascular_lesions,melanoma,0.8295,false,false,81.7,light (I–II),vascular_lesions,melanoma,false
Acl239,melanocytic_Nevi,melanocytic_Nevi,0.9435,true,true,72.0,light (I–II),melanocytic_Nevi,melanocytic_Nevi,true
Acl241,melanocytic_Nevi,melanocytic_Nevi,0.554,true,true,81.9,light (I–II),melanocytic_Nevi,melanocytic_Nevi,true
Acl243,melanocytic_Nevi,melanocytic_Nevi,0.9884,true,true,85.2,light (I–II),melanocytic_Nevi,melanocytic_Nevi,true
Acl245,melanocytic_Nevi,melanocytic_Nevi,0.755,true,true,82.5,light (I–II),melanocytic_Nevi,melanocytic_Nevi,true
Acl247,melanocytic_Nevi,melanocytic_Nevi,0.9515,true,true,88.7,light (I–II),melanocytic_Nevi,melanocytic_Nevi,true
Acl249,melanocytic_Nevi,melanocytic_Nevi,0.586,true,true,83.1,light (I–II),melanocytic_Nevi,melanocytic_Nevi,true
Acl251,melanocytic_Nevi,melanocytic_Nevi,0.8615,true,true,87.5,light (I–II),melanocytic_Nevi,melanocytic_Nevi,true
Acl253,melanocytic_Nevi,melanocytic_Nevi,0.8761,true,true,83.7,light (I–II),melanocytic_Nevi,melanocytic_Nevi,true
Acl259,melanocytic_Nevi,melanocytic_Nevi,0.7604,true,true,79.8,light (I–II),melanocytic_Nevi,melanocytic_Nevi,true
Acl261,benign_keratosis-like_lesions,melanocytic_Nevi,0.7226,false,true,72.9,light (I–II),benign_keratosis-like_lesions,melanocytic_Nevi,false
Acl263,melanocytic_Nevi,benign_keratosis-like_lesions,0.488,false,true,61.4,light (I–II),melanocytic_Nevi,benign_keratosis-like_lesions,false
Acl264,melanocytic_Nevi,melanocytic_Nevi,0.9612,true,true,86.4,light (I–II),melanocytic_Nevi,melanocytic_Nevi,true
Acl271,melanocytic_Nevi,melanocytic_Nevi,0.9428,true,true,81.4,light (I–II),melanocytic_Nevi,melanocytic_Nevi,true
Acl279,melanocytic_Nevi,melanocytic_Nevi,0.9734,true,true,67.0,light (I–II),melanocytic_Nevi,melanocytic_Nevi,true
Acl281,melanocytic_Nevi,melanocytic_Nevi,0.8954,true,true,76.8,light (I–II),melanocytic_Nevi,melanocytic_Nevi,true
Acl283,melanocytic_Nevi,melanocytic_Nevi,0.6174,true,true,84.1,light (I–II),melanocytic_Nevi,melanocytic_Nevi,true
Acl285,melanocytic_Nevi,melanocytic_Nevi,0.8346,true,true,74.0,light (I–II),melanocytic_Nevi,melanocytic_Nevi,true
Acl287,melanocytic_Nevi,melanocytic_Nevi,0.9452,true,true,79.4,light (I–II),melanocytic_Nevi,melanocytic_Nevi,true
Acl295,melanocytic_Nevi,melanocytic_Nevi,0.9419,true,true,78.7,light (I–II),melanocytic_Nevi,melanocytic_Nevi,true
Acl299,melanocytic_Nevi,melanocytic_Nevi,0.7801,true,true,81.7,light (I–II),melanocytic_Nevi,melanocytic_Nevi,true
Adl301,melanoma,melanocytic_Nevi,0.9839,false,true,57.7,light (I–II),melanoma,melanocytic_Nevi,false
Adl305,melanoma,melanocytic_Nevi,0.9842,false,true,61.8,light (I–II),melanoma,melanocytic_Nevi,false
Adl311,melanocytic_Nevi,melanocytic_Nevi,0.7636,true,true,92.4,light (I–II),melanocytic_Nevi,melanocytic_Nevi,true
Adl313,melanoma,benign_keratosis-like_lesions,0.495,false,true,80.9,light (I–II),melanoma,benign_keratosis-like_lesions,false
Adl319,melanocytic_Nevi,melanocytic_Nevi,0.8849,true,true,87.0,light (I–II),melanocytic_Nevi,melanocytic_Nevi,true
Adl321,melanocytic_Nevi,melanocytic_Nevi,0.9801,true,true,87.2,light (I–II),melanocytic_Nevi,melanocytic_Nevi,true
Adl325,melanocytic_Nevi,melanocytic_Nevi,0.6554,true,true,82.0,light (I–II),melanocytic_Nevi,melanocytic_Nevi,true
Adl329,melanocytic_Nevi,melanocytic_Nevi,0.9833,true,true,82.6,light (I–II),melanocytic_Nevi,melanocytic_Nevi,true
Adl331,melanocytic_Nevi,benign_keratosis-like_lesions,0.4856,false,true,85.8,light (I–II),melanocytic_Nevi,benign_keratosis-like_lesions,false
Adl333,melanocytic_Nevi,melanocytic_Nevi,0.8108,true,true,90.0,light (I–II),melanocytic_Nevi,melanocytic_Nevi,true
Adl335,melanocytic_Nevi,melanocytic_Nevi,0.7055,true,true,88.2,light (I–II),melanocytic_Nevi,melanocytic_Nevi,true
Adl337bis,melanocytic_Nevi,benign_keratosis-like_lesions,0.7153,false,true,79.1,light (I–II),melanocytic_Nevi,benign_keratosis-like_lesions,false
Adl340,melanocytic_Nevi,melanocytic_Nevi,0.9675,true,true,88.3,light (I–II),melanocytic_Nevi,melanocytic_Nevi,true
Adl344,melanocytic_Nevi,melanocytic_Nevi,0.8764,true,true,87.2,light (I–II),melanocytic_Nevi,melanocytic_Nevi,true
Adl346,melanocytic_Nevi,melanocytic_Nevi,0.9556,true,true,68.3,light (I–II),melanocytic_Nevi,melanocytic_Nevi,true
Adl348,melanocytic_Nevi,melanocytic_Nevi,0.7785,true,true,65.6,light (I–II),melanocytic_Nevi,melanocytic_Nevi,true
Adl350,melanocytic_Nevi,dermatofibroma,0.5182,false,true,80.0,light (I–II),melanocytic_Nevi,dermatofibroma,false
Adl356,melanocytic_Nevi,melanocytic_Nevi,0.9279,true,true,83.3,light (I–II),melanocytic_Nevi,melanocytic_Nevi,true
Adl358,melanocytic_Nevi,melanocytic_Nevi,0.997,true,true,70.8,light (I–II),melanocytic_Nevi,melanocytic_Nevi,true
Adl362,melanocytic_Nevi,melanocytic_Nevi,0.9992,true,true,70.2,light (I–II),melanocytic_Nevi,melanocytic_Nevi,true
Adl366,melanocytic_Nevi,melanocytic_Nevi,0.9828,true,true,88.7,light (I–II),melanocytic_Nevi,melanocytic_Nevi,true
Adl371,melanocytic_Nevi,melanocytic_Nevi,0.9589,true,true,88.6,light (I–II),melanocytic_Nevi,melanocytic_Nevi,true
Adl373,dermatofibroma,dermatofibroma,0.542,true,true,73.1,light (I–II),dermatofibroma,dermatofibroma,true
Adl375,melanocytic_Nevi,melanocytic_Nevi,0.9424,true,true,90.0,light (I–II),melanocytic_Nevi,melanocytic_Nevi,true
Adl377,melanocytic_Nevi,benign_keratosis-like_lesions,0.5158,false,true,80.0,light (I–II),melanocytic_Nevi,benign_keratosis-like_lesions,false
Adl379,basal_cell_carcinoma,benign_keratosis-like_lesions,0.3788,false,true,83.4,light (I–II),basal_cell_carcinoma,benign_keratosis-like_lesions,false
Adl381,melanocytic_Nevi,melanocytic_Nevi,0.6193,true,true,81.7,light (I–II),melanocytic_Nevi,melanocytic_Nevi,true
Adl383,benign_keratosis-like_lesions,benign_keratosis-like_lesions,0.6133,true,true,86.6,light (I–II),benign_keratosis-like_lesions,benign_keratosis-like_lesions,true
Adl385,benign_keratosis-like_lesions,benign_keratosis-like_lesions,0.5481,true,true,76.2,light (I–II),benign_keratosis-like_lesions,benign_keratosis-like_lesions,true
Adl387,melanocytic_Nevi,melanocytic_Nevi,0.9266,true,true,85.1,light (I–II),melanocytic_Nevi,melanocytic_Nevi,true
Adl387bis,benign_keratosis-like_lesions,melanocytic_Nevi,0.9623,false,false,79.9,light (I–II),benign_keratosis-like_lesions,melanocytic_Nevi,false
Adl389,melanoma,dermatofibroma,0.5272,false,true,72.3,light (I–II),melanoma,dermatofibroma,false
Adl391,melanocytic_Nevi,melanocytic_Nevi,0.9582,true,true,71.1,light (I–II),melanocytic_Nevi,melanocytic_Nevi,true
Adl395,melanocytic_Nevi,vascular_lesions,0.9037,false,true,77.5,light (I–II),melanocytic_Nevi,vascular_lesions,false
Adl399,melanocytic_Nevi,melanocytic_Nevi,0.9949,true,true,79.4,light (I–II),melanocytic_Nevi,melanocytic_Nevi,true
Ael401,melanocytic_Nevi,melanocytic_Nevi,0.6136,true,true,83.7,light (I–II),melanocytic_Nevi,melanocytic_Nevi,true
Ael405,melanocytic_Nevi,melanocytic_Nevi,0.8426,true,true,78.0,light (I–II),melanocytic_Nevi,melanocytic_Nevi,true
Ael407,melanocytic_Nevi,melanocytic_Nevi,0.9244,true,true,82.4,light (I–II),melanocytic_Nevi,melanocytic_Nevi,true
Ael409,benign_keratosis-like_lesions,melanocytic_Nevi,0.5375,false,true,46.9,light (I–II),benign_keratosis-like_lesions,melanocytic_Nevi,false
Ael413,melanocytic_Nevi,melanocytic_Nevi,0.9834,true,true,76.1,light (I–II),melanocytic_Nevi,melanocytic_Nevi,true
Ael415,benign_keratosis-like_lesions,melanocytic_Nevi,0.7968,false,true,81.2,light (I–II),benign_keratosis-like_lesions,melanocytic_Nevi,false
Ael419,melanocytic_Nevi,melanocytic_Nevi,0.8884,true,true,85.4,light (I–II),melanocytic_Nevi,melanocytic_Nevi,true
Ael421,melanocytic_Nevi,melanocytic_Nevi,0.9833,true,true,60.1,light (I–II),melanocytic_Nevi,melanocytic_Nevi,true
Ael425,melanocytic_Nevi,melanocytic_Nevi,0.5335,true,true,87.9,light (I–II),melanocytic_Nevi,melanocytic_Nevi,true
Ael427,benign_keratosis-like_lesions,benign_keratosis-like_lesions,0.645,true,true,83.0,light (I–II),benign_keratosis-like_lesions,benign_keratosis-like_lesions,true
Ael431,melanocytic_Nevi,melanocytic_Nevi,0.9641,true,true,87.2,light (I–II),melanocytic_Nevi,melanocytic_Nevi,true
Ael433,melanocytic_Nevi,melanocytic_Nevi,0.9207,true,true,80.7,light (I–II),melanocytic_Nevi,melanocytic_Nevi,true
Ael435,melanocytic_Nevi,melanocytic_Nevi,0.9831,true,true,71.2,light (I–II),melanocytic_Nevi,melanocytic_Nevi,true
Ael442,melanocytic_Nevi,melanocytic_Nevi,0.9926,true,true,82.0,light (I–II),melanocytic_Nevi,melanocytic_Nevi,true
Ael444,melanocytic_Nevi,melanocytic_Nevi,0.9774,true,true,81.2,light (I–II),melanocytic_Nevi,melanocytic_Nevi,true
Ael446,melanocytic_Nevi,melanocytic_Nevi,0.8074,true,true,81.3,light (I–II),melanocytic_Nevi,melanocytic_Nevi,true
Ael448,melanocytic_Nevi,benign_keratosis-like_lesions,0.5327,false,true,73.4,light (I–II),melanocytic_Nevi,benign_keratosis-like_lesions,false
Ael452,melanocytic_Nevi,melanocytic_Nevi,0.9937,true,true,76.0,light (I–II),melanocytic_Nevi,melanocytic_Nevi,true
Ael455,basal_cell_carcinoma,benign_keratosis-like_lesions,0.8325,false,false,59.7,light (I–II),basal_cell_carcinoma,benign_keratosis-like_lesions,false
Ael459,vascular_lesions,vascular_lesions,0.9958,true,true,91.3,light (I–II),vascular_lesions,vascular_lesions,true
Ael465,melanocytic_Nevi,melanocytic_Nevi,0.9201,true,true,88.5,light (I–II),melanocytic_Nevi,melanocytic_Nevi,true
Ael467,melanocytic_Nevi,melanocytic_Nevi,0.802,true,true,87.2,light (I–II),melanocytic_Nevi,melanocytic_Nevi,true
Ael469,basal_cell_carcinoma,benign_keratosis-like_lesions,0.6064,false,false,45.0,light (I–II),basal_cell_carcinoma,benign_keratosis-like_lesions,false
Ael471,melanocytic_Nevi,melanocytic_Nevi,0.9991,true,true,80.2,light (I–II),melanocytic_Nevi,melanocytic_Nevi,true
Ael475,melanocytic_Nevi,melanocytic_Nevi,0.6695,true,true,86.8,light (I–II),melanocytic_Nevi,melanocytic_Nevi,true
Ael477,melanocytic_Nevi,melanocytic_Nevi,0.7887,true,true,81.9,light (I–II),melanocytic_Nevi,melanocytic_Nevi,true
Ael481,melanocytic_Nevi,melanocytic_Nevi,0.6703,true,true,87.0,light (I–II),melanocytic_Nevi,melanocytic_Nevi,true
Ael484,melanocytic_Nevi,melanocytic_Nevi,0.9286,true,true,86.3,light (I–II),melanocytic_Nevi,melanocytic_Nevi,true
Ael488,benign_keratosis-like_lesions,melanocytic_Nevi,0.8383,false,true,77.5,light (I–II),benign_keratosis-like_lesions,melanocytic_Nevi,false
Ael490,melanoma,melanocytic_Nevi,0.7554,false,true,71.9,light (I–II),melanoma,melanocytic_Nevi,false
Ael492,melanoma,melanoma,0.954,true,true,73.3,light (I–II),melanoma,melanoma,true
Ael494,melanoma,melanoma,0.7127,true,true,60.3,light (I–II),melanoma,melanoma,true
Ael496,melanoma,melanocytic_Nevi,0.9923,false,true,75.7,light (I–II),melanoma,melanocytic_Nevi,false
Ael498,melanoma,melanoma,0.5869,true,true,84.2,light (I–II),melanoma,melanoma,true
Ael502,basal_cell_carcinoma,melanoma,0.6272,false,true,79.0,light (I–II),basal_cell_carcinoma,melanoma,false
Ael504,melanoma,melanocytic_Nevi,0.576,false,true,80.4,light (I–II),melanoma,melanocytic_Nevi,false
Ael505,basal_cell_carcinoma,dermatofibroma,0.5441,false,false,84.7,light (I–II),basal_cell_carcinoma,dermatofibroma,false
Ael508,melanocytic_Nevi,melanocytic_Nevi,0.9587,true,true,86.8,light (I–II),melanocytic_Nevi,melanocytic_Nevi,true
Ael510,melanocytic_Nevi,melanocytic_Nevi,0.5172,true,true,84.7,light (I–II),melanocytic_Nevi,melanocytic_Nevi,true
Ael512,melanocytic_Nevi,melanocytic_Nevi,0.7314,true,true,88.5,light (I–II),melanocytic_Nevi,melanocytic_Nevi,true
Ael514,melanoma,benign_keratosis-like_lesions,0.4719,false,true,33.8,medium (III–IV),melanoma,benign_keratosis-like_lesions,false
Ael517,melanocytic_Nevi,melanocytic_Nevi,0.8348,true,true,86.4,light (I–II),melanocytic_Nevi,melanocytic_Nevi,true
Ael519bis,vascular_lesions,vascular_lesions,0.9971,true,true,89.0,light (I–II),vascular_lesions,vascular_lesions,true
Ael521,melanocytic_Nevi,melanocytic_Nevi,0.9222,true,true,84.2,light (I–II),melanocytic_Nevi,melanocytic_Nevi,true
Ael523,melanocytic_Nevi,melanocytic_Nevi,0.9306,true,true,91.0,light (I–II),melanocytic_Nevi,melanocytic_Nevi,true
Ael525,melanocytic_Nevi,melanocytic_Nevi,0.8366,true,true,83.8,light (I–II),melanocytic_Nevi,melanocytic_Nevi,true
Ael527,dermatofibroma,dermatofibroma,0.8676,true,true,69.5,light (I–II),dermatofibroma,dermatofibroma,true
FAL006,melanoma,melanoma,0.6219,true,true,39.7,medium (III–IV),melanoma,melanoma,true
FAL022,melanocytic_Nevi,melanocytic_Nevi,0.8713,true,true,50.8,light (I–II),melanocytic_Nevi,melanocytic_Nevi,true
FAL036,melanocytic_Nevi,melanocytic_Nevi,0.985,true,true,38.9,medium (III–IV),melanocytic_Nevi,melanocytic_Nevi,true
FAL038,melanocytic_Nevi,melanocytic_Nevi,0.9201,true,true,61.4,light (I–II),melanocytic_Nevi,melanocytic_Nevi,true
FAL042,melanocytic_Nevi,melanocytic_Nevi,0.77,true,true,49.0,light (I–II),melanocytic_Nevi,melanocytic_Nevi,true
FAL044,melanocytic_Nevi,melanocytic_Nevi,0.8363,true,true,36.3,medium (III–IV),melanocytic_Nevi,melanocytic_Nevi,true
FAL054,melanocytic_Nevi,melanocytic_Nevi,0.821,true,true,54.8,light (I–II),melanocytic_Nevi,melanocytic_Nevi,true
FAL066,melanoma,melanoma,0.7499,true,true,67.4,light (I–II),melanoma,melanoma,true
FAL070,melanocytic_Nevi,melanocytic_Nevi,0.8261,true,true,62.6,light (I–II),melanocytic_Nevi,melanocytic_Nevi,true
FAL094,melanoma,benign_keratosis-like_lesions,0.5595,false,true,22.0,medium (III–IV),melanoma,benign_keratosis-like_lesions,false
FBL012,melanocytic_Nevi,melanocytic_Nevi,0.9495,true,true,72.7,light (I–II),melanocytic_Nevi,melanocytic_Nevi,true
FBL020,melanoma,melanoma,0.8095,true,true,92.2,light (I–II),melanoma,melanoma,true
FBL026,melanoma,melanocytic_Nevi,0.7816,false,true,80.7,light (I–II),melanoma,melanocytic_Nevi,false
FBL032,melanocytic_Nevi,melanoma,0.617,false,true,84.1,light (I–II),melanocytic_Nevi,melanoma,false
FBL042,melanocytic_Nevi,melanocytic_Nevi,0.7915,true,true,77.5,light (I–II),melanocytic_Nevi,melanocytic_Nevi,true
FBL046,melanoma,melanocytic_Nevi,0.6072,false,true,90.3,light (I–II),melanoma,melanocytic_Nevi,false
FBL058,melanoma,melanocytic_Nevi,0.9982,false,true,29.1,medium (III–IV),melanoma,melanocytic_Nevi,false
FBL062,melanocytic_Nevi,melanocytic_Nevi,0.9995,true,true,41.3,light (I–II),melanocytic_Nevi,melanocytic_Nevi,true
FCL018,melanocytic_Nevi,melanocytic_Nevi,0.9988,true,true,42.8,light (I–II),melanocytic_Nevi,melanocytic_Nevi,true
FCL052,melanocytic_Nevi,melanocytic_Nevi,0.9652,true,true,80.0,light (I–II),melanocytic_Nevi,melanocytic_Nevi,true
FCL054,melanoma,melanoma,0.7573,true,true,83.4,light (I–II),melanoma,melanoma,true
FCL056,melanoma,melanoma,0.6608,true,true,48.7,light (I–II),melanoma,melanoma,true
FCL058,melanoma,melanocytic_Nevi,0.8781,false,true,44.9,light (I–II),melanoma,melanocytic_Nevi,false
FCL066,melanocytic_Nevi,melanocytic_Nevi,0.9354,true,true,57.2,light (I–II),melanocytic_Nevi,melanocytic_Nevi,true
FCL074,melanoma,melanocytic_Nevi,0.9233,false,true,80.9,light (I–II),melanoma,melanocytic_Nevi,false
FCL084,melanoma,melanoma,0.7937,true,true,55.8,light (I–II),melanoma,melanoma,true
FDL016,melanocytic_Nevi,melanocytic_Nevi,0.5378,true,true,72.0,light (I–II),melanocytic_Nevi,melanocytic_Nevi,true
FDL022,melanocytic_Nevi,melanoma,0.8085,false,true,62.9,light (I–II),melanocytic_Nevi,melanoma,false
FDL026,melanocytic_Nevi,vascular_lesions,0.5214,false,true,28.7,medium (III–IV),melanocytic_Nevi,vascular_lesions,false
FDL036,melanoma,melanocytic_Nevi,0.6419,false,true,66.2,light (I–II),melanoma,melanocytic_Nevi,false
FDL052,melanoma,melanoma,0.9497,true,true,54.9,light (I–II),melanoma,melanoma,true
FFL002,melanocytic_Nevi,melanocytic_Nevi,0.7857,true,true,87.7,light (I–II),melanocytic_Nevi,melanocytic_Nevi,true
FFL004,melanocytic_Nevi,benign_keratosis-like_lesions,0.4947,false,true,68.9,light (I–II),melanocytic_Nevi,benign_keratosis-like_lesions,false
FFL006,melanocytic_Nevi,melanocytic_Nevi,0.9628,true,true,86.0,light (I–II),melanocytic_Nevi,melanocytic_Nevi,true
FFL008,melanocytic_Nevi,melanocytic_Nevi,0.9568,true,true,83.2,light (I–II),melanocytic_Nevi,melanocytic_Nevi,true
FFL020,melanoma,melanocytic_Nevi,0.5674,false,true,79.6,light (I–II),melanoma,melanocytic_Nevi,false
FFL032,melanocytic_Nevi,melanocytic_Nevi,0.9722,true,true,57.5,light (I–II),melanocytic_Nevi,melanocytic_Nevi,true
FFL052,benign_keratosis-like_lesions,benign_keratosis-like_lesions,0.8532,true,true,34.6,medium (III–IV),benign_keratosis-like_lesions,benign_keratosis-like_lesions,true
FFL068,melanoma,melanoma,0.4884,true,true,6.5,dark (V–VI),melanoma,melanoma,true
Fal012,melanocytic_Nevi,melanocytic_Nevi,0.9903,true,true,70.4,light (I–II),melanocytic_Nevi,melanocytic_Nevi,true
Fal020,melanocytic_Nevi,melanocytic_Nevi,0.9068,true,true,67.9,light (I–II),melanocytic_Nevi,melanocytic_Nevi,true
Fal024,melanocytic_Nevi,melanocytic_Nevi,0.9508,true,true,74.9,light (I–II),melanocytic_Nevi,melanocytic_Nevi,true
Fal048,benign_keratosis-like_lesions,melanocytic_Nevi,0.7131,false,true,35.8,medium (III–IV),benign_keratosis-like_lesions,melanocytic_Nevi,false
Fal050,melanocytic_Nevi,melanocytic_Nevi,0.8418,true,true,73.6,light (I–II),melanocytic_Nevi,melanocytic_Nevi,true
Fal064,melanocytic_Nevi,melanocytic_Nevi,0.9364,true,true,72.4,light (I–II),melanocytic_Nevi,melanocytic_Nevi,true
Fal072,melanocytic_Nevi,melanocytic_Nevi,0.6249,true,true,82.8,light (I–II),melanocytic_Nevi,melanocytic_Nevi,true
Fal078,melanoma,melanoma,0.7719,true,true,65.9,light (I–II),melanoma,melanoma,true
Fal090,melanocytic_Nevi,melanocytic_Nevi,0.8492,true,true,77.0,light (I–II),melanocytic_Nevi,melanocytic_Nevi,true
Fal096,basal_cell_carcinoma,basal_cell_carcinoma,0.7883,true,true,51.3,light (I–II),basal_cell_carcinoma,basal_cell_carcinoma,true
Fal100,melanocytic_Nevi,melanocytic_Nevi,0.9918,true,true,64.0,light (I–II),melanocytic_Nevi,melanocytic_Nevi,true
Fbl002,melanocytic_Nevi,melanocytic_Nevi,0.9714,true,true,68.1,light (I–II),melanocytic_Nevi,melanocytic_Nevi,true
Fbl004,melanocytic_Nevi,dermatofibroma,0.4954,false,true,44.5,light (I–II),melanocytic_Nevi,dermatofibroma,false
Fbl006,melanocytic_Nevi,melanocytic_Nevi,0.9553,true,true,73.5,light (I–II),melanocytic_Nevi,melanocytic_Nevi,true
Fbl010,melanocytic_Nevi,melanocytic_Nevi,0.8184,true,true,52.3,light (I–II),melanocytic_Nevi,melanocytic_Nevi,true
Fbl018,melanocytic_Nevi,melanocytic_Nevi,0.8236,true,true,76.5,light (I–II),melanocytic_Nevi,melanocytic_Nevi,true
Fbl022,melanocytic_Nevi,melanocytic_Nevi,0.9663,true,true,81.0,light (I–II),melanocytic_Nevi,melanocytic_Nevi,true
Fbl024,melanocytic_Nevi,melanocytic_Nevi,0.9894,true,true,78.1,light (I–II),melanocytic_Nevi,melanocytic_Nevi,true
Fbl028,melanoma,melanocytic_Nevi,0.9015,false,true,45.6,light (I–II),melanoma,melanocytic_Nevi,false
Fbl030,melanocytic_Nevi,benign_keratosis-like_lesions,0.6031,false,true,51.3,light (I–II),melanocytic_Nevi,benign_keratosis-like_lesions,false
Fbl036,melanocytic_Nevi,melanocytic_Nevi,0.8199,true,true,83.3,light (I–II),melanocytic_Nevi,melanocytic_Nevi,true
Fbl038,melanocytic_Nevi,melanocytic_Nevi,0.9834,true,true,74.2,light (I–II),melanocytic_Nevi,melanocytic_Nevi,true
Fbl040,melanocytic_Nevi,melanocytic_Nevi,0.8276,true,true,74.4,light (I–II),melanocytic_Nevi,melanocytic_Nevi,true
Fbl044,melanocytic_Nevi,melanocytic_Nevi,0.8516,true,true,69.5,light (I–II),melanocytic_Nevi,melanocytic_Nevi,true
Fbl048,melanocytic_Nevi,benign_keratosis-like_lesions,0.3964,false,true,83.8,light (I–II),melanocytic_Nevi,benign_keratosis-like_lesions,false
Fbl050,melanoma,melanocytic_Nevi,0.9957,false,true,62.9,light (I–II),melanoma,melanocytic_Nevi,false
Fbl054,melanocytic_Nevi,melanocytic_Nevi,0.7707,true,true,72.5,light (I–II),melanocytic_Nevi,melanocytic_Nevi,true
Fbl056,melanocytic_Nevi,melanocytic_Nevi,0.4839,true,true,77.7,light (I–II),melanocytic_Nevi,melanocytic_Nevi,true
Fbl064,melanocytic_Nevi,melanocytic_Nevi,0.9327,true,true,78.1,light (I–II),melanocytic_Nevi,melanocytic_Nevi,true
Fbl068,melanocytic_Nevi,melanocytic_Nevi,0.8667,true,true,79.2,light (I–II),melanocytic_Nevi,melanocytic_Nevi,true
Fbl072,melanocytic_Nevi,benign_keratosis-like_lesions,0.557,false,true,79.8,light (I–II),melanocytic_Nevi,benign_keratosis-like_lesions,false
Fbl074,melanocytic_Nevi,melanocytic_Nevi,0.971,true,true,73.6,light (I–II),melanocytic_Nevi,melanocytic_Nevi,true
Fbl076,melanocytic_Nevi,benign_keratosis-like_lesions,0.3691,false,true,83.3,light (I–II),melanocytic_Nevi,benign_keratosis-like_lesions,false
Fbl080,melanocytic_Nevi,melanocytic_Nevi,0.9043,true,true,62.6,light (I–II),melanocytic_Nevi,melanocytic_Nevi,true
Fbl082,melanoma,melanocytic_Nevi,0.9936,false,true,74.2,light (I–II),melanoma,melanocytic_Nevi,false
Fbl088,melanocytic_Nevi,melanocytic_Nevi,0.9763,true,true,73.9,light (I–II),melanocytic_Nevi,melanocytic_Nevi,true
Fbl090,melanocytic_Nevi,melanocytic_Nevi,0.8719,true,true,77.8,light (I–II),melanocytic_Nevi,melanocytic_Nevi,true
Fbl092,melanocytic_Nevi,melanocytic_Nevi,0.9224,true,true,78.7,light (I–II),melanocytic_Nevi,melanocytic_Nevi,true
Fbl094,melanocytic_Nevi,melanocytic_Nevi,0.9528,true,true,72.5,light (I–II),melanocytic_Nevi,melanocytic_Nevi,true
Fbl098,melanocytic_Nevi,melanocytic_Nevi,0.8825,true,true,75.9,light (I–II),melanocytic_Nevi,melanocytic_Nevi,true
Fcl010,melanocytic_Nevi,melanocytic_Nevi,0.7823,true,true,64.1,light (I–II),melanocytic_Nevi,melanocytic_Nevi,true
Fcl012,melanocytic_Nevi,melanocytic_Nevi,0.9318,true,true,57.6,light (I–II),melanocytic_Nevi,melanocytic_Nevi,true
Fcl014,melanocytic_Nevi,melanocytic_Nevi,0.8219,true,true,71.0,light (I–II),melanocytic_Nevi,melanocytic_Nevi,true
Fcl016,melanoma,melanocytic_Nevi,0.7729,false,false,72.7,light (I–II),melanoma,melanocytic_Nevi,false
Fcl022,melanoma,benign_keratosis-like_lesions,0.5084,false,false,69.8,light (I–II),melanoma,benign_keratosis-like_lesions,false
Fcl024,melanocytic_Nevi,melanocytic_Nevi,0.9909,true,true,68.1,light (I–II),melanocytic_Nevi,melanocytic_Nevi,true
Fcl026,melanoma,melanocytic_Nevi,0.9331,false,true,67.9,light (I–II),melanoma,melanocytic_Nevi,false
Fcl028,melanocytic_Nevi,melanocytic_Nevi,0.4604,true,true,39.6,medium (III–IV),melanocytic_Nevi,melanocytic_Nevi,true
Fcl030,melanocytic_Nevi,melanocytic_Nevi,0.9849,true,true,53.6,light (I–II),melanocytic_Nevi,melanocytic_Nevi,true
Fcl032,melanocytic_Nevi,benign_keratosis-like_lesions,0.5088,false,true,63.9,light (I–II),melanocytic_Nevi,benign_keratosis-like_lesions,false
Fcl034,melanocytic_Nevi,melanocytic_Nevi,0.9063,true,true,72.1,light (I–II),melanocytic_Nevi,melanocytic_Nevi,true
Fcl036,melanocytic_Nevi,melanocytic_Nevi,0.9822,true,true,82.2,light (I–II),melanocytic_Nevi,melanocytic_Nevi,true
Fcl038,melanocytic_Nevi,basal_cell_carcinoma,0.6895,false,true,74.4,light (I–II),melanocytic_Nevi,basal_cell_carcinoma,false
Fcl040,melanoma,melanocytic_Nevi,0.6859,false,true,78.2,light (I–II),melanoma,melanocytic_Nevi,false
Fcl044,melanoma,melanocytic_Nevi,0.7963,false,true,73.7,light (I–II),melanoma,melanocytic_Nevi,false
Fcl048,melanocytic_Nevi,melanocytic_Nevi,0.6967,true,true,47.1,light (I–II),melanocytic_Nevi,melanocytic_Nevi,true
Fcl050,melanocytic_Nevi,melanocytic_Nevi,0.9828,true,true,74.9,light (I–II),melanocytic_Nevi,melanocytic_Nevi,true
Fcl060,melanoma,melanocytic_Nevi,0.8028,false,true,74.4,light (I–II),melanoma,melanocytic_Nevi,false
Fcl062,basal_cell_carcinoma,melanocytic_Nevi,0.477,false,false,53.4,light (I–II),basal_cell_carcinoma,melanocytic_Nevi,false
Fcl068,melanoma,melanocytic_Nevi,0.8148,false,true,72.2,light (I–II),melanoma,melanocytic_Nevi,false
Fcl070,melanocytic_Nevi,melanocytic_Nevi,0.9855,true,true,61.1,light (I–II),melanocytic_Nevi,melanocytic_Nevi,true
Fcl076,melanocytic_Nevi,melanocytic_Nevi,0.9003,true,true,69.0,light (I–II),melanocytic_Nevi,melanocytic_Nevi,true
Fcl080,melanocytic_Nevi,benign_keratosis-like_lesions,0.3298,false,false,76.1,light (I–II),melanocytic_Nevi,benign_keratosis-like_lesions,false
Fcl088,melanocytic_Nevi,melanocytic_Nevi,0.979,true,true,65.4,light (I–II),melanocytic_Nevi,melanocytic_Nevi,true
Fcl090,melanocytic_Nevi,melanocytic_Nevi,0.8653,true,true,75.8,light (I–II),melanocytic_Nevi,melanocytic_Nevi,true
Fcl092,melanoma,melanoma,0.8893,true,true,74.5,light (I–II),melanoma,melanoma,true
Fcl094,melanocytic_Nevi,benign_keratosis-like_lesions,0.5534,false,true,72.9,light (I–II),melanocytic_Nevi,benign_keratosis-like_lesions,false
Fcl096,melanocytic_Nevi,melanocytic_Nevi,0.913,true,true,69.4,light (I–II),melanocytic_Nevi,melanocytic_Nevi,true
Fcl098,melanocytic_Nevi,melanocytic_Nevi,0.9244,true,true,78.3,light (I–II),melanocytic_Nevi,melanocytic_Nevi,true
Fcl100,melanoma,melanoma,0.9621,true,true,69.3,light (I–II),melanoma,melanoma,true
Fdl002,melanocytic_Nevi,melanocytic_Nevi,0.9593,true,true,80.8,light (I–II),melanocytic_Nevi,melanocytic_Nevi,true
Fdl014,melanoma,benign_keratosis-like_lesions,0.7954,false,false,54.4,light (I–II),melanoma,benign_keratosis-like_lesions,false
Fdl020,melanocytic_Nevi,melanocytic_Nevi,0.7202,true,true,79.6,light (I–II),melanocytic_Nevi,melanocytic_Nevi,true
Fdl028,melanocytic_Nevi,melanocytic_Nevi,0.6071,true,true,64.9,light (I–II),melanocytic_Nevi,melanocytic_Nevi,true
Fdl030,melanocytic_Nevi,melanocytic_Nevi,0.6465,true,true,80.3,light (I–II),melanocytic_Nevi,melanocytic_Nevi,true
Fdl032,benign_keratosis-like_lesions,basal_cell_carcinoma,0.9347,false,false,76.4,light (I–II),benign_keratosis-like_lesions,basal_cell_carcinoma,false
Fdl054,melanocytic_Nevi,melanocytic_Nevi,0.6249,true,true,76.0,light (I–II),melanocytic_Nevi,melanocytic_Nevi,true
Fdl056,melanoma,melanocytic_Nevi,0.3821,false,false,56.2,light (I–II),melanoma,melanocytic_Nevi,false
Fdl058,benign_keratosis-like_lesions,benign_keratosis-like_lesions,0.6153,true,true,61.7,light (I–II),benign_keratosis-like_lesions,benign_keratosis-like_lesions,true
Fdl060,benign_keratosis-like_lesions,melanoma,0.4794,false,false,66.5,light (I–II),benign_keratosis-like_lesions,melanoma,false
Fdl062,melanocytic_Nevi,melanocytic_Nevi,0.501,true,true,63.9,light (I–II),melanocytic_Nevi,melanocytic_Nevi,true
Fdl070,basal_cell_carcinoma,basal_cell_carcinoma,0.8816,true,true,70.8,light (I–II),basal_cell_carcinoma,basal_cell_carcinoma,true
Fdl071,benign_keratosis-like_lesions,benign_keratosis-like_lesions,0.5489,true,true,61.4,light (I–II),benign_keratosis-like_lesions,benign_keratosis-like_lesions,true
Fdl074,benign_keratosis-like_lesions,benign_keratosis-like_lesions,0.6431,true,true,69.1,light (I–II),benign_keratosis-like_lesions,benign_keratosis-like_lesions,true
Fel002,melanocytic_Nevi,melanocytic_Nevi,0.9802,true,true,75.0,light (I–II),melanocytic_Nevi,melanocytic_Nevi,true
Fel016,melanocytic_Nevi,melanocytic_Nevi,0.7906,true,true,83.6,light (I–II),melanocytic_Nevi,melanocytic_Nevi,true
Fel018,melanocytic_Nevi,melanocytic_Nevi,0.9373,true,true,80.5,light (I–II),melanocytic_Nevi,melanocytic_Nevi,true
Fel024,melanocytic_Nevi,melanocytic_Nevi,0.7579,true,true,55.3,light (I–II),melanocytic_Nevi,melanocytic_Nevi,true
Fel030,melanocytic_Nevi,melanocytic_Nevi,0.8542,true,true,75.7,light (I–II),melanocytic_Nevi,melanocytic_Nevi,true
Fel034,melanocytic_Nevi,melanoma,0.5614,false,true,51.9,light (I–II),melanocytic_Nevi,melanoma,false
Fel038,melanocytic_Nevi,melanocytic_Nevi,0.6818,true,true,77.0,light (I–II),melanocytic_Nevi,melanocytic_Nevi,true
Fel052,melanocytic_Nevi,melanocytic_Nevi,0.9673,true,true,78.4,light (I–II),melanocytic_Nevi,melanocytic_Nevi,true
Fel064,melanocytic_Nevi,melanocytic_Nevi,0.8436,true,true,28.1,medium (III–IV),melanocytic_Nevi,melanocytic_Nevi,true
Fel068,melanocytic_Nevi,melanocytic_Nevi,0.9858,true,true,57.7,light (I–II),melanocytic_Nevi,melanocytic_Nevi,true
Fel070,melanocytic_Nevi,melanocytic_Nevi,0.979,true,true,81.7,light (I–II),melanocytic_Nevi,melanocytic_Nevi,true
Fel072,melanocytic_Nevi,melanocytic_Nevi,0.6421,true,true,54.4,light (I–II),melanocytic_Nevi,melanocytic_Nevi,true
Fel074,melanocytic_Nevi,benign_keratosis-like_lesions,0.471,false,true,61.2,light (I–II),melanocytic_Nevi,benign_keratosis-like_lesions,false
Fel080,melanocytic_Nevi,melanocytic_Nevi,0.9443,true,true,83.9,light (I–II),melanocytic_Nevi,melanocytic_Nevi,true
Fel082,melanocytic_Nevi,melanocytic_Nevi,0.9484,true,true,81.3,light (I–II),melanocytic_Nevi,melanocytic_Nevi,true
Fel084,melanocytic_Nevi,melanocytic_Nevi,0.9898,true,true,79.1,light (I–II),melanocytic_Nevi,melanocytic_Nevi,true
Fel086,melanocytic_Nevi,melanocytic_Nevi,0.9283,true,true,74.7,light (I–II),melanocytic_Nevi,melanocytic_Nevi,true
Fel088,melanocytic_Nevi,melanocytic_Nevi,0.6476,true,true,84.4,light (I–II),melanocytic_Nevi,melanocytic_Nevi,true
Fel092,melanocytic_Nevi,melanocytic_Nevi,0.7046,true,true,67.4,light (I–II),melanocytic_Nevi,melanocytic_Nevi,true
Fel096,melanocytic_Nevi,melanocytic_Nevi,0.8038,true,true,78.4,light (I–II),melanocytic_Nevi,melanocytic_Nevi,true
Fel098,melanoma,melanocytic_Nevi,0.8197,false,true,82.2,light (I–II),melanoma,melanocytic_Nevi,false
Fel100,melanocytic_Nevi,benign_keratosis-like_lesions,0.453,false,true,72.5,light (I–II),melanocytic_Nevi,benign_keratosis-like_lesions,false
Ffl010,melanocytic_Nevi,melanocytic_Nevi,0.9679,true,true,58.4,light (I–II),melanocytic_Nevi,melanocytic_Nevi,true
Ffl014,melanocytic_Nevi,melanocytic_Nevi,0.5524,true,true,69.8,light (I–II),melanocytic_Nevi,melanocytic_Nevi,true
Ffl016,melanocytic_Nevi,benign_keratosis-like_lesions,0.6615,false,true,85.4,light (I–II),melanocytic_Nevi,benign_keratosis-like_lesions,false
Ffl034,melanocytic_Nevi,melanocytic_Nevi,0.7427,true,true,73.6,light (I–II),melanocytic_Nevi,melanocytic_Nevi,true
Ffl042,melanocytic_Nevi,melanocytic_Nevi,0.7938,true,true,71.3,light (I–II),melanocytic_Nevi,melanocytic_Nevi,true
Ffl062,melanocytic_Nevi,melanocytic_Nevi,0.9043,true,true,-32.2,dark (V–VI),melanocytic_Nevi,melanocytic_Nevi,true
Ffl066,melanocytic_Nevi,melanocytic_Nevi,0.9725,true,true,71.7,light (I–II),melanocytic_Nevi,melanocytic_Nevi,true
Ffl070,benign_keratosis-like_lesions,benign_keratosis-like_lesions,0.4446,true,true,51.8,light (I–II),benign_keratosis-like_lesions,benign_keratosis-like_lesions,true
Ffl078,melanocytic_Nevi,melanocytic_Nevi,0.9823,true,true,77.1,light (I–II),melanocytic_Nevi,melanocytic_Nevi,true
Ffl080,melanoma,melanocytic_Nevi,0.8846,false,true,84.9,light (I–II),melanoma,melanocytic_Nevi,false
Ffl082,melanocytic_Nevi,melanocytic_Nevi,0.7036,true,true,50.9,light (I–II),melanocytic_Nevi,melanocytic_Nevi,true
Ffl084,melanocytic_Nevi,melanoma,0.6605,false,true,74.4,light (I–II),melanocytic_Nevi,melanoma,false
Ffl092,melanoma,melanocytic_Nevi,0.7022,false,true,75.2,light (I–II),melanoma,melanocytic_Nevi,false
Ffl094,melanoma,benign_keratosis-like_lesions,0.8252,false,true,47.8,light (I–II),melanoma,benign_keratosis-like_lesions,false
Ffl096,melanocytic_Nevi,benign_keratosis-like_lesions,0.8545,false,true,31.2,medium (III–IV),melanocytic_Nevi,benign_keratosis-like_lesions,false
Ffl100,melanocytic_Nevi,melanocytic_Nevi,0.9821,true,true,58.8,light (I–II),melanocytic_Nevi,melanocytic_Nevi,true
Fgl002,melanocytic_Nevi,melanocytic_Nevi,0.6003,true,true,74.2,light (I–II),melanocytic_Nevi,melanocytic_Nevi,true
Fgl005,melanocytic_Nevi,benign_keratosis-like_lesions,0.4384,false,true,58.1,light (I–II),melanocytic_Nevi,benign_keratosis-like_lesions,false
Fgl006,melanoma,melanoma,0.8687,true,true,56.7,light (I–II),melanoma,melanoma,true
Fgl008,melanocytic_Nevi,melanocytic_Nevi,0.9708,true,true,80.3,light (I–II),melanocytic_Nevi,melanocytic_Nevi,true
Fgl010,melanocytic_Nevi,melanocytic_Nevi,0.9898,true,true,77.6,light (I–II),melanocytic_Nevi,melanocytic_Nevi,true
Fgl012,melanocytic_Nevi,melanocytic_Nevi,0.9384,true,true,79.9,light (I–II),melanocytic_Nevi,melanocytic_Nevi,true
Fgl014,melanocytic_Nevi,melanocytic_Nevi,0.9469,true,true,44.8,light (I–II),melanocytic_Nevi,melanocytic_Nevi,true
Fgl018,melanoma,melanocytic_Nevi,0.6398,false,true,76.2,light (I–II),melanoma,melanocytic_Nevi,false
Fgl020,melanocytic_Nevi,melanocytic_Nevi,0.9385,true,true,59.1,light (I–II),melanocytic_Nevi,melanocytic_Nevi,true
Fgl023,melanocytic_Nevi,melanocytic_Nevi,0.9914,true,true,70.7,light (I–II),melanocytic_Nevi,melanocytic_Nevi,true
Fgl029,melanoma,benign_keratosis-like_lesions,0.4069,false,true,53.5,light (I–II),melanoma,benign_keratosis-like_lesions,false
Fgl035,melanocytic_Nevi,benign_keratosis-like_lesions,0.6272,false,false,75.5,light (I–II),melanocytic_Nevi,benign_keratosis-like_lesions,false
Fgl036,melanocytic_Nevi,melanocytic_Nevi,0.8722,true,true,79.8,light (I–II),melanocytic_Nevi,melanocytic_Nevi,true
Fgl037,melanocytic_Nevi,melanocytic_Nevi,0.9526,true,true,71.6,light (I–II),melanocytic_Nevi,melanocytic_Nevi,true
Fgl042,melanocytic_Nevi,melanocytic_Nevi,0.8867,true,true,85.3,light (I–II),melanocytic_Nevi,melanocytic_Nevi,true
Fgl044,melanoma,melanoma,0.7977,true,true,-12.9,dark (V–VI),melanoma,melanoma,true
Fgl047,melanocytic_Nevi,melanocytic_Nevi,0.6832,true,true,37.3,medium (III–IV),melanocytic_Nevi,melanocytic_Nevi,true
Fgl051,melanocytic_Nevi,melanocytic_Nevi,0.8373,true,true,81.7,light (I–II),melanocytic_Nevi,melanocytic_Nevi,true
Fgl053,basal_cell_carcinoma,basal_cell_carcinoma,0.9362,true,true,-1.2,dark (V–VI),basal_cell_carcinoma,basal_cell_carcinoma,true
Fgl055,melanocytic_Nevi,melanocytic_Nevi,0.9833,true,true,81.4,light (I–II),melanocytic_Nevi,melanocytic_Nevi,true
Fgl057,melanoma,melanocytic_Nevi,0.7055,false,true,56.8,light (I–II),melanoma,melanocytic_Nevi,false
Fgl059,benign_keratosis-like_lesions,melanoma,0.4801,false,true,-3.8,dark (V–VI),benign_keratosis-like_lesions,melanoma,false
Fgl061,melanoma,melanoma,0.9552,true,true,61.8,light (I–II),melanoma,melanoma,true
Fgl063,melanocytic_Nevi,melanocytic_Nevi,0.748,true,true,73.9,light (I–II),melanocytic_Nevi,melanocytic_Nevi,true
Fgl068,melanocytic_Nevi,melanocytic_Nevi,0.8916,true,true,55.0,light (I–II),melanocytic_Nevi,melanocytic_Nevi,true
Fgl072,melanocytic_Nevi,melanocytic_Nevi,0.7636,true,true,69.2,light (I–II),melanocytic_Nevi,melanocytic_Nevi,true
Fgl074,melanocytic_Nevi,melanocytic_Nevi,0.972,true,true,76.8,light (I–II),melanocytic_Nevi,melanocytic_Nevi,true
Fgl078,melanocytic_Nevi,melanocytic_Nevi,0.9928,true,true,55.4,light (I–II),melanocytic_Nevi,melanocytic_Nevi,true
Fgl082,melanoma,melanocytic_Nevi,0.8034,false,true,60.0,light (I–II),melanoma,melanocytic_Nevi,false
Fgl083,melanoma,melanocytic_Nevi,0.4846,false,true,64.8,light (I–II),melanoma,melanocytic_Nevi,false
Fgl087,melanocytic_Nevi,melanocytic_Nevi,0.7217,true,true,61.6,light (I–II),melanocytic_Nevi,melanocytic_Nevi,true
Fgl088,basal_cell_carcinoma,benign_keratosis-like_lesions,0.3774,false,true,71.5,light (I–II),basal_cell_carcinoma,benign_keratosis-like_lesions,false
Fgl090,melanocytic_Nevi,vascular_lesions,0.9531,false,true,53.8,light (I–II),melanocytic_Nevi,vascular_lesions,false
Fhl002,benign_keratosis-like_lesions,dermatofibroma,0.8962,false,false,72.2,light (I–II),benign_keratosis-like_lesions,dermatofibroma,false
Fhl004,benign_keratosis-like_lesions,benign_keratosis-like_lesions,0.3582,true,true,62.7,light (I–II),benign_keratosis-like_lesions,benign_keratosis-like_lesions,true
Fhl006,benign_keratosis-like_lesions,melanoma,0.559,false,true,54.4,light (I–II),benign_keratosis-like_lesions,melanoma,false
Fhl008,benign_keratosis-like_lesions,melanocytic_Nevi,0.4757,false,false,58.6,light (I–II),benign_keratosis-like_lesions,melanocytic_Nevi,false
Fhl010,benign_keratosis-like_lesions,melanoma,0.9149,false,true,20.2,medium (III–IV),benign_keratosis-like_lesions,melanoma,false
Fhl012,benign_keratosis-like_lesions,melanocytic_Nevi,0.2905,false,true,79.0,light (I–II),benign_keratosis-like_lesions,melanocytic_Nevi,false
Fhl014,benign_keratosis-like_lesions,basal_cell_carcinoma,0.4132,false,false,83.1,light (I–II),benign_keratosis-like_lesions,basal_cell_carcinoma,false
Fhl016,benign_keratosis-like_lesions,benign_keratosis-like_lesions,0.5307,true,true,84.9,light (I–II),benign_keratosis-like_lesions,benign_keratosis-like_lesions,true
Fhl018,benign_keratosis-like_lesions,melanocytic_Nevi,0.4681,false,true,17.5,dark (V–VI),benign_keratosis-like_lesions,melanocytic_Nevi,false
Fhl022,benign_keratosis-like_lesions,melanoma,0.7942,false,false,25.1,medium (III–IV),benign_keratosis-like_lesions,melanoma,false
Fhl028,benign_keratosis-like_lesions,melanocytic_Nevi,0.2793,false,true,61.2,light (I–II),benign_keratosis-like_lesions,melanocytic_Nevi,false
Fhl030,melanocytic_Nevi,melanoma,0.5054,false,true,73.6,light (I–II),melanocytic_Nevi,melanoma,false
Fhl032,melanocytic_Nevi,melanocytic_Nevi,0.9464,true,true,79.9,light (I–II),melanocytic_Nevi,melanocytic_Nevi,true
Fhl034,melanocytic_Nevi,melanocytic_Nevi,0.7758,true,true,59.2,light (I–II),melanocytic_Nevi,melanocytic_Nevi,true
Fhl038,melanocytic_Nevi,melanocytic_Nevi,0.8826,true,true,92.0,light (I–II),melanocytic_Nevi,melanocytic_Nevi,true
Fhl040,melanocytic_Nevi,melanocytic_Nevi,0.9901,true,true,76.4,light (I–II),melanocytic_Nevi,melanocytic_Nevi,true
Fhl042,melanocytic_Nevi,melanocytic_Nevi,0.9817,true,true,70.5,light (I–II),melanocytic_Nevi,melanocytic_Nevi,true
Fhl044,dermatofibroma,basal_cell_carcinoma,0.2889,false,true,74.7,light (I–II),dermatofibroma,basal_cell_carcinoma,false
Fhl046,melanoma,melanocytic_Nevi,0.6856,false,true,79.8,light (I–II),melanoma,melanocytic_Nevi,false
Fhl048,benign_keratosis-like_lesions,melanocytic_Nevi,0.8902,false,true,64.7,light (I–II),benign_keratosis-like_lesions,melanocytic_Nevi,false
Fhl050,basal_cell_carcinoma,basal_cell_carcinoma,0.9757,true,true,73.9,light (I–II),basal_cell_carcinoma,basal_cell_carcinoma,true
Fhl052,basal_cell_carcinoma,benign_keratosis-like_lesions,0.3942,false,true,57.6,light (I–II),basal_cell_carcinoma,benign_keratosis-like_lesions,false
Fhl058,vascular_lesions,vascular_lesions,0.3598,true,true,43.3,light (I–II),vascular_lesions,vascular_lesions,true
Fhl060,vascular_lesions,melanoma,0.7417,false,false,84.3,light (I–II),vascular_lesions,melanoma,false
Fhl064,melanocytic_Nevi,melanocytic_Nevi,0.9584,true,true,46.3,light (I–II),melanocytic_Nevi,melanocytic_Nevi,true
Fhl066,melanocytic_Nevi,melanocytic_Nevi,0.9834,true,true,35.8,medium (III–IV),melanocytic_Nevi,melanocytic_Nevi,true
Fhl070,melanocytic_Nevi,melanocytic_Nevi,0.9951,true,true,67.9,light (I–II),melanocytic_Nevi,melanocytic_Nevi,true
Fhl072,melanocytic_Nevi,melanocytic_Nevi,0.9512,true,true,37.7,medium (III–IV),melanocytic_Nevi,melanocytic_Nevi,true
Fhl074,melanocytic_Nevi,melanocytic_Nevi,0.9984,true,true,65.0,light (I–II),melanocytic_Nevi,melanocytic_Nevi,true
Fhl076,melanocytic_Nevi,melanocytic_Nevi,0.9814,true,true,64.5,light (I–II),melanocytic_Nevi,melanocytic_Nevi,true
Fhl078,melanocytic_Nevi,melanocytic_Nevi,0.9927,true,true,65.5,light (I–II),melanocytic_Nevi,melanocytic_Nevi,true
Fhl080,melanocytic_Nevi,melanocytic_Nevi,0.7753,true,true,43.1,light (I–II),melanocytic_Nevi,melanocytic_Nevi,true
Fhl082,melanocytic_Nevi,benign_keratosis-like_lesions,0.5473,false,true,57.6,light (I–II),melanocytic_Nevi,benign_keratosis-like_lesions,false
Fhl084,melanocytic_Nevi,melanocytic_Nevi,0.9454,true,true,53.9,light (I–II),melanocytic_Nevi,melanocytic_Nevi,true
Fhl086,melanocytic_Nevi,melanocytic_Nevi,0.9809,true,true,63.5,light (I–II),melanocytic_Nevi,melanocytic_Nevi,true
Fhl088,melanocytic_Nevi,melanocytic_Nevi,0.6368,true,true,63.2,light (I–II),melanocytic_Nevi,melanocytic_Nevi,true
Fhl090,melanocytic_Nevi,melanocytic_Nevi,0.7932,true,true,60.4,light (I–II),melanocytic_Nevi,melanocytic_Nevi,true
Fhl092,melanocytic_Nevi,melanocytic_Nevi,0.9835,true,true,75.0,light (I–II),melanocytic_Nevi,melanocytic_Nevi,true
Fhl094,melanocytic_Nevi,melanocytic_Nevi,0.8926,true,true,57.1,light (I–II),melanocytic_Nevi,melanocytic_Nevi,true
Fhl096,melanocytic_Nevi,melanocytic_Nevi,0.9085,true,true,59.2,light (I–II),melanocytic_Nevi,melanocytic_Nevi,true
Fhl098,melanocytic_Nevi,benign_keratosis-like_lesions,0.5857,false,true,58.8,light (I–II),melanocytic_Nevi,benign_keratosis-like_lesions,false
Fhl100,melanocytic_Nevi,melanocytic_Nevi,0.9808,true,true,71.9,light (I–II),melanocytic_Nevi,melanocytic_Nevi,true
Fil004,melanoma,melanocytic_Nevi,0.7879,false,true,80.6,light (I–II),melanoma,melanocytic_Nevi,false
Fil006,melanoma,melanocytic_Nevi,0.9823,false,true,68.2,light (I–II),melanoma,melanocytic_Nevi,false
Fil008,melanoma,melanoma,0.9754,true,true,66.3,light (I–II),melanoma,melanoma,true
Fil010,melanoma,melanoma,0.5895,true,true,63.3,light (I–II),melanoma,melanoma,true
Fil032,melanoma,melanocytic_Nevi,0.9003,false,true,58.1,light (I–II),melanoma,melanocytic_Nevi,false
Fil040,melanoma,melanoma,0.3727,true,true,53.2,light (I–II),melanoma,melanoma,true
Fil052,melanoma,melanoma,0.5131,true,true,79.3,light (I–II),melanoma,melanoma,true
Fil062,melanocytic_Nevi,melanocytic_Nevi,0.8896,true,true,86.1,light (I–II),melanocytic_Nevi,melanocytic_Nevi,true
Fil064,benign_keratosis-like_lesions,melanocytic_Nevi,0.3403,false,true,87.2,light (I–II),benign_keratosis-like_lesions,melanocytic_Nevi,false
Fil070,melanoma,melanocytic_Nevi,0.9634,false,true,79.0,light (I–II),melanoma,melanocytic_Nevi,false
Fil080,benign_keratosis-like_lesions,benign_keratosis-like_lesions,0.859,true,true,70.1,light (I–II),benign_keratosis-like_lesions,benign_keratosis-like_lesions,true
Fil082,vascular_lesions,vascular_lesions,0.5195,true,true,78.9,light (I–II),vascular_lesions,vascular_lesions,true
Fil088,melanocytic_Nevi,melanocytic_Nevi,0.9964,true,true,76.6,light (I–II),melanocytic_Nevi,melanocytic_Nevi,true
Fil094,melanocytic_Nevi,melanocytic_Nevi,0.4913,true,true,78.4,light (I–II),melanocytic_Nevi,melanocytic_Nevi,true
Fll019,melanocytic_Nevi,melanocytic_Nevi,0.8332,true,true,30.3,medium (III–IV),melanocytic_Nevi,melanocytic_Nevi,true
Fll021,melanocytic_Nevi,melanocytic_Nevi,0.7556,true,true,69.7,light (I–II),melanocytic_Nevi,melanocytic_Nevi,true
Fll023,melanocytic_Nevi,melanocytic_Nevi,0.9909,true,true,62.9,light (I–II),melanocytic_Nevi,melanocytic_Nevi,true
Fll027,melanoma,melanoma,0.6986,true,true,68.0,light (I–II),melanoma,melanoma,true
Fll035,melanocytic_Nevi,melanocytic_Nevi,0.9503,true,true,63.3,light (I–II),melanocytic_Nevi,melanocytic_Nevi,true
Fll037,melanocytic_Nevi,melanocytic_Nevi,0.5624,true,true,74.9,light (I–II),melanocytic_Nevi,melanocytic_Nevi,true
Fll039,melanocytic_Nevi,melanocytic_Nevi,0.6902,true,true,55.2,light (I–II),melanocytic_Nevi,melanocytic_Nevi,true
Fll041,melanocytic_Nevi,melanocytic_Nevi,0.7114,true,true,60.3,light (I–II),melanocytic_Nevi,melanocytic_Nevi,true
Fll043,melanocytic_Nevi,melanocytic_Nevi,0.8805,true,true,76.5,light (I–II),melanocytic_Nevi,melanocytic_Nevi,true
Fll045,melanoma,melanoma,0.9115,true,true,-47.0,dark (V–VI),melanoma,melanoma,true
Fll047,melanoma,melanoma,0.9596,true,true,66.7,light (I–II),melanoma,melanoma,true
Fll065,melanocytic_Nevi,melanocytic_Nevi,0.924,true,true,65.7,light (I–II),melanocytic_Nevi,melanocytic_Nevi,true
Fll069,melanoma,melanoma,0.6553,true,true,72.3,light (I–II),melanoma,melanoma,true
Fll071,melanoma,melanocytic_Nevi,0.5209,false,true,68.3,light (I–II),melanoma,melanocytic_Nevi,false
Fll077,melanocytic_Nevi,melanocytic_Nevi,0.8169,true,true,79.4,light (I–II),melanocytic_Nevi,melanocytic_Nevi,true
Fll083,melanocytic_Nevi,melanocytic_Nevi,0.9085,true,true,60.2,light (I–II),melanocytic_Nevi,melanocytic_Nevi,true
Fll085,melanoma,melanocytic_Nevi,0.5785,false,true,45.9,light (I–II),melanoma,melanocytic_Nevi,false
Fll087,melanocytic_Nevi,melanocytic_Nevi,0.8855,true,true,74.9,light (I–II),melanocytic_Nevi,melanocytic_Nevi,true
Fll089,melanocytic_Nevi,melanocytic_Nevi,0.3684,true,true,63.4,light (I–II),melanocytic_Nevi,melanocytic_Nevi,true
Fll091,melanocytic_Nevi,melanocytic_Nevi,0.8426,true,true,66.5,light (I–II),melanocytic_Nevi,melanocytic_Nevi,true
Fll097,melanoma,melanoma,0.9622,true,true,-71.2,dark (V–VI),melanoma,melanoma,true
Fll104,benign_keratosis-like_lesions,benign_keratosis-like_lesions,0.6619,true,true,69.4,light (I–II),benign_keratosis-like_lesions,benign_keratosis-like_lesions,true
Fll108,melanoma,melanocytic_Nevi,0.5299,false,true,18.8,dark (V–VI),melanoma,melanocytic_Nevi,false
Fll116,melanoma,melanoma,0.4139,true,true,26.3,medium (III–IV),melanoma,melanoma,true
Fll118,melanoma,melanoma,0.8955,true,true,72.6,light (I–II),melanoma,melanoma,true
Fll122,melanoma,melanocytic_Nevi,0.6934,false,true,88.7,light (I–II),melanoma,melanocytic_Nevi,false
Fll126,melanoma,melanoma,0.9445,true,true,73.0,light (I–II),melanoma,melanoma,true
Fll128,melanoma,melanocytic_Nevi,0.7218,false,true,74.2,light (I–II),melanoma,melanocytic_Nevi,false
Fll130,melanoma,melanoma,0.9742,true,true,39.5,medium (III–IV),melanoma,melanoma,true
Fll132,melanoma,melanocytic_Nevi,0.7248,false,true,87.0,light (I–II),melanoma,melanocytic_Nevi,false
Fll136,melanoma,melanoma,0.9349,true,true,71.6,light (I–II),melanoma,melanoma,true
Fll142,melanocytic_Nevi,melanocytic_Nevi,0.8328,true,true,79.4,light (I–II),melanocytic_Nevi,melanocytic_Nevi,true
Fml010,melanocytic_Nevi,melanocytic_Nevi,0.5406,true,true,65.3,light (I–II),melanocytic_Nevi,melanocytic_Nevi,true
Fml020,melanocytic_Nevi,melanocytic_Nevi,0.6916,true,true,84.3,light (I–II),melanocytic_Nevi,melanocytic_Nevi,true
Fml026,benign_keratosis-like_lesions,melanocytic_Nevi,0.4585,false,true,74.2,light (I–II),benign_keratosis-like_lesions,melanocytic_Nevi,false
Gal006,melanocytic_Nevi,melanocytic_Nevi,0.9289,true,true,85.7,light (I–II),melanocytic_Nevi,melanocytic_Nevi,true
Gal008,benign_keratosis-like_lesions,melanocytic_Nevi,0.7327,false,false,86.7,light (I–II),benign_keratosis-like_lesions,melanocytic_Nevi,false
Gal010,melanocytic_Nevi,melanocytic_Nevi,0.9946,true,true,70.0,light (I–II),melanocytic_Nevi,melanocytic_Nevi,true
Gal016,melanocytic_Nevi,melanoma,0.6336,false,true,68.9,light (I–II),melanocytic_Nevi,melanoma,false
Gal025,melanocytic_Nevi,melanocytic_Nevi,0.9251,true,true,92.3,light (I–II),melanocytic_Nevi,melanocytic_Nevi,true
Gal033,melanocytic_Nevi,dermatofibroma,0.846,false,true,79.1,light (I–II),melanocytic_Nevi,dermatofibroma,false
Gal039,melanoma,melanocytic_Nevi,0.5769,false,true,81.1,light (I–II),melanoma,melanocytic_Nevi,false
Gal043,melanocytic_Nevi,melanocytic_Nevi,0.9694,true,true,89.6,light (I–II),melanocytic_Nevi,melanocytic_Nevi,true
Gal045,melanocytic_Nevi,melanocytic_Nevi,0.7757,true,true,88.8,light (I–II),melanocytic_Nevi,melanocytic_Nevi,true
Gal047,melanocytic_Nevi,melanocytic_Nevi,0.8772,true,true,81.6,light (I–II),melanocytic_Nevi,melanocytic_Nevi,true
Gal049,melanocytic_Nevi,melanocytic_Nevi,0.7242,true,true,78.8,light (I–II),melanocytic_Nevi,melanocytic_Nevi,true
Gal058,melanocytic_Nevi,melanocytic_Nevi,0.614,true,true,71.3,light (I–II),melanocytic_Nevi,melanocytic_Nevi,true
Gal062,melanocytic_Nevi,melanocytic_Nevi,0.7917,true,true,-35.8,dark (V–VI),melanocytic_Nevi,melanocytic_Nevi,true
Gal098,basal_cell_carcinoma,benign_keratosis-like_lesions,0.3283,false,true,89.4,light (I–II),basal_cell_carcinoma,benign_keratosis-like_lesions,false
Gal108,melanoma,melanocytic_Nevi,0.7109,false,true,76.8,light (I–II),melanoma,melanocytic_Nevi,false
Gal113,melanoma,melanoma,0.7696,true,true,90.0,light (I–II),melanoma,melanoma,true
Gal130,benign_keratosis-like_lesions,benign_keratosis-like_lesions,0.998,true,true,2.6,dark (V–VI),benign_keratosis-like_lesions,benign_keratosis-like_lesions,true
Gal134,benign_keratosis-like_lesions,melanocytic_Nevi,0.6696,false,true,80.8,light (I–II),benign_keratosis-like_lesions,melanocytic_Nevi,false
Gal146,melanoma,melanoma,0.6829,true,true,61.6,light (I–II),melanoma,melanoma,true
Gal152,melanocytic_Nevi,melanocytic_Nevi,0.8792,true,true,90.6,light (I–II),melanocytic_Nevi,melanocytic_Nevi,true
Gal169,benign_keratosis-like_lesions,benign_keratosis-like_lesions,0.8787,true,true,74.3,light (I–II),benign_keratosis-like_lesions,benign_keratosis-like_lesions,true
Gal171,benign_keratosis-like_lesions,melanocytic_Nevi,0.4129,false,true,52.6,light (I–II),benign_keratosis-like_lesions,melanocytic_Nevi,false
Gal173,benign_keratosis-like_lesions,benign_keratosis-like_lesions,0.9873,true,true,-59.1,dark (V–VI),benign_keratosis-like_lesions,benign_keratosis-like_lesions,true
Gal185,melanoma,benign_keratosis-like_lesions,0.7065,false,true,-90.0,dark (V–VI),melanoma,benign_keratosis-like_lesions,false
Gal191,melanocytic_Nevi,melanoma,0.4466,false,true,83.9,light (I–II),melanocytic_Nevi,melanoma,false
Gal209,melanoma,melanocytic_Nevi,0.9443,false,true,42.2,light (I–II),melanoma,melanocytic_Nevi,false
Gal211,melanoma,melanocytic_Nevi,0.5638,false,true,68.4,light (I–II),melanoma,melanocytic_Nevi,false
Gal216,melanocytic_Nevi,dermatofibroma,0.6236,false,true,86.4,light (I–II),melanocytic_Nevi,dermatofibroma,false
Gal218,melanocytic_Nevi,melanoma,0.5471,false,true,90.0,light (I–II),melanocytic_Nevi,melanoma,false
Gal220,melanoma,melanocytic_Nevi,0.6143,false,true,81.1,light (I–II),melanoma,melanocytic_Nevi,false
Gal222,melanocytic_Nevi,melanocytic_Nevi,0.5762,true,true,91.4,light (I–II),melanocytic_Nevi,melanocytic_Nevi,true
Gal226,dermatofibroma,dermatofibroma,0.7408,true,true,85.0,light (I–II),dermatofibroma,dermatofibroma,true
Gal230,melanocytic_Nevi,melanocytic_Nevi,0.9642,true,true,86.8,light (I–II),melanocytic_Nevi,melanocytic_Nevi,true
Gal232,melanocytic_Nevi,melanocytic_Nevi,0.8609,true,true,88.9,light (I–II),melanocytic_Nevi,melanocytic_Nevi,true
Gal238,melanocytic_Nevi,melanocytic_Nevi,0.9342,true,true,88.3,light (I–II),melanocytic_Nevi,melanocytic_Nevi,true
Gal240,melanoma,melanocytic_Nevi,0.6583,false,true,76.4,light (I–II),melanoma,melanocytic_Nevi,false
Gal257,melanoma,melanoma,0.8625,true,true,-89.8,dark (V–VI),melanoma,melanoma,true
Gal262,melanoma,melanocytic_Nevi,0.7341,false,true,86.3,light (I–II),melanoma,melanocytic_Nevi,false
Gbl009,melanoma,benign_keratosis-like_lesions,0.6993,false,true,52.1,light (I–II),melanoma,benign_keratosis-like_lesions,false
Gbl014,melanoma,benign_keratosis-like_lesions,0.655,false,true,58.2,light (I–II),melanoma,benign_keratosis-like_lesions,false
Gcl003,melanoma,melanoma,0.4927,true,true,72.7,light (I–II),melanoma,melanoma,true
Gcl039,melanoma,benign_keratosis-like_lesions,0.4302,false,true,71.3,light (I–II),melanoma,benign_keratosis-like_lesions,false
Gcl052,melanoma,vascular_lesions,0.9533,false,true,79.2,light (I–II),melanoma,vascular_lesions,false
Gcl058,melanoma,melanocytic_Nevi,0.4032,false,true,68.4,light (I–II),melanoma,melanocytic_Nevi,false
Gcl073,melanocytic_Nevi,melanocytic_Nevi,0.7581,true,true,84.9,light (I–II),melanocytic_Nevi,melanocytic_Nevi,true
Gcl094,melanoma,melanocytic_Nevi,0.5295,false,true,37.5,medium (III–IV),melanoma,melanocytic_Nevi,false
Gdl012,melanoma,melanocytic_Nevi,0.5457,false,true,80.2,light (I–II),melanoma,melanocytic_Nevi,false
Gdl014,melanoma,melanoma,0.7355,true,true,76.1,light (I–II),melanoma,melanoma,true
Gdl021,melanoma,benign_keratosis-like_lesions,0.8746,false,true,86.8,light (I–II),melanoma,benign_keratosis-like_lesions,false
Gdl023,melanoma,vascular_lesions,0.6576,false,true,90.0,light (I–II),melanoma,vascular_lesions,false
Gdl025,melanoma,benign_keratosis-like_lesions,0.5365,false,true,-84.5,dark (V–VI),melanoma,benign_keratosis-like_lesions,false
Gdl034,melanoma,melanocytic_Nevi,0.7314,false,true,82.1,light (I–II),melanoma,melanocytic_Nevi,false
Gdl037,melanoma,melanocytic_Nevi,0.5613,false,true,48.4,light (I–II),melanoma,melanocytic_Nevi,false
Gdl089,melanoma,melanocytic_Nevi,0.6675,false,true,75.8,light (I–II),melanoma,melanocytic_Nevi,false
Gdl100,melanocytic_Nevi,benign_keratosis-like_lesions,0.5904,false,true,55.9,light (I–II),melanocytic_Nevi,benign_keratosis-like_lesions,false
Ggl002,melanocytic_Nevi,melanocytic_Nevi,0.9965,true,true,93.5,light (I–II),melanocytic_Nevi,melanocytic_Nevi,true
Ggl004,melanocytic_Nevi,melanocytic_Nevi,0.9772,true,true,87.6,light (I–II),melanocytic_Nevi,melanocytic_Nevi,true
Ggl006,melanocytic_Nevi,melanocytic_Nevi,0.8886,true,true,87.0,light (I–II),melanocytic_Nevi,melanocytic_Nevi,true
Ggl008,melanocytic_Nevi,melanocytic_Nevi,0.9769,true,true,77.5,light (I–II),melanocytic_Nevi,melanocytic_Nevi,true
Ggl010,melanocytic_Nevi,melanocytic_Nevi,0.9801,true,true,87.3,light (I–II),melanocytic_Nevi,melanocytic_Nevi,true
Ggl012,vascular_lesions,vascular_lesions,0.8445,true,true,87.7,light (I–II),vascular_lesions,vascular_lesions,true
Ggl014,vascular_lesions,vascular_lesions,0.9201,true,true,96.9,light (I–II),vascular_lesions,vascular_lesions,true
Ggl016,vascular_lesions,vascular_lesions,0.9999,true,true,88.1,light (I–II),vascular_lesions,vascular_lesions,true
Ggl018,benign_keratosis-like_lesions,melanocytic_Nevi,0.5019,false,true,82.7,light (I–II),benign_keratosis-like_lesions,melanocytic_Nevi,false
Ggl020,benign_keratosis-like_lesions,benign_keratosis-like_lesions,0.9962,true,true,87.8,light (I–II),benign_keratosis-like_lesions,benign_keratosis-like_lesions,true
Ggl022,benign_keratosis-like_lesions,benign_keratosis-like_lesions,0.997,true,true,85.6,light (I–II),benign_keratosis-like_lesions,benign_keratosis-like_lesions,true
Ggl024,melanocytic_Nevi,benign_keratosis-like_lesions,0.7057,false,true,87.1,light (I–II),melanocytic_Nevi,benign_keratosis-like_lesions,false
Ggl026,melanocytic_Nevi,melanocytic_Nevi,0.927,true,true,84.8,light (I–II),melanocytic_Nevi,melanocytic_Nevi,true
Ggl028,basal_cell_carcinoma,melanocytic_Nevi,0.548,false,false,76.5,light (I–II),basal_cell_carcinoma,melanocytic_Nevi,false
Ggl030,basal_cell_carcinoma,basal_cell_carcinoma,0.4971,true,true,61.6,light (I–II),basal_cell_carcinoma,basal_cell_carcinoma,true
Ggl032,vascular_lesions,melanocytic_Nevi,0.8844,false,false,74.8,light (I–II),vascular_lesions,melanocytic_Nevi,false
Ggl034,melanocytic_Nevi,melanocytic_Nevi,0.9847,true,true,87.5,light (I–II),melanocytic_Nevi,melanocytic_Nevi,true
Ggl036,melanoma,melanocytic_Nevi,0.9529,false,false,74.7,light (I–II),melanoma,melanocytic_Nevi,false
Ggl040,melanoma,melanocytic_Nevi,0.9404,false,false,73.4,light (I–II),melanoma,melanocytic_Nevi,false
Ggl042,melanocytic_Nevi,melanocytic_Nevi,0.3923,true,true,80.3,light (I–II),melanocytic_Nevi,melanocytic_Nevi,true
Ggl044,melanocytic_Nevi,melanocytic_Nevi,0.9502,true,true,72.0,light (I–II),melanocytic_Nevi,melanocytic_Nevi,true
Ggl046,benign_keratosis-like_lesions,melanocytic_Nevi,0.8545,false,true,79.7,light (I–II),benign_keratosis-like_lesions,melanocytic_Nevi,false
Ggl048,dermatofibroma,dermatofibroma,0.9999,true,true,92.8,light (I–II),dermatofibroma,dermatofibroma,true
Ggl050,melanoma,melanocytic_Nevi,0.9396,false,true,77.0,light (I–II),melanoma,melanocytic_Nevi,false
Ggl052,melanocytic_Nevi,benign_keratosis-like_lesions,0.5557,false,true,76.3,light (I–II),melanocytic_Nevi,benign_keratosis-like_lesions,false
Ggl054,melanoma,melanocytic_Nevi,0.9667,false,true,64.5,light (I–II),melanoma,melanocytic_Nevi,false
Ggl056,dermatofibroma,basal_cell_carcinoma,0.3079,false,true,83.6,light (I–II),dermatofibroma,basal_cell_carcinoma,false
Ggl058,melanoma,melanocytic_Nevi,0.8038,false,true,86.3,light (I–II),melanoma,melanocytic_Nevi,false
Ggl060,melanocytic_Nevi,melanocytic_Nevi,0.8497,true,true,86.9,light (I–II),melanocytic_Nevi,melanocytic_Nevi,true
Ggl062,melanocytic_Nevi,melanocytic_Nevi,0.8461,true,true,88.0,light (I–II),melanocytic_Nevi,melanocytic_Nevi,true
Ggl066,benign_keratosis-like_lesions,benign_keratosis-like_lesions,0.9494,true,true,86.8,light (I–II),benign_keratosis-like_lesions,benign_keratosis-like_lesions,true
Ggl068,melanoma,melanocytic_Nevi,0.927,false,true,87.4,light (I–II),melanoma,melanocytic_Nevi,false
Ggl070,benign_keratosis-like_lesions,melanocytic_Nevi,0.636,false,true,50.5,light (I–II),benign_keratosis-like_lesions,melanocytic_Nevi,false
Ggl072,benign_keratosis-like_lesions,benign_keratosis-like_lesions,0.9552,true,true,76.0,light (I–II),benign_keratosis-like_lesions,benign_keratosis-like_lesions,true
Ggl074,melanocytic_Nevi,melanocytic_Nevi,0.9199,true,true,92.8,light (I–II),melanocytic_Nevi,melanocytic_Nevi,true
Ggl076,melanocytic_Nevi,melanocytic_Nevi,0.9938,true,true,94.4,light (I–II),melanocytic_Nevi,melanocytic_Nevi,true
Ggl078,melanocytic_Nevi,benign_keratosis-like_lesions,0.5755,false,true,87.6,light (I–II),melanocytic_Nevi,benign_keratosis-like_lesions,false
Ggl082,basal_cell_carcinoma,basal_cell_carcinoma,0.9184,true,true,87.6,light (I–II),basal_cell_carcinoma,basal_cell_carcinoma,true
Ggl084,dermatofibroma,benign_keratosis-like_lesions,0.5345,false,true,71.4,light (I–II),dermatofibroma,benign_keratosis-like_lesions,false
Ggl086,benign_keratosis-like_lesions,benign_keratosis-like_lesions,0.7131,true,true,75.3,light (I–II),benign_keratosis-like_lesions,benign_keratosis-like_lesions,true
Ggl088,melanocytic_Nevi,melanocytic_Nevi,0.9815,true,true,89.3,light (I–II),melanocytic_Nevi,melanocytic_Nevi,true
Ggl090,melanocytic_Nevi,melanocytic_Nevi,0.9686,true,true,90.0,light (I–II),melanocytic_Nevi,melanocytic_Nevi,true
NBL041,melanoma,benign_keratosis-like_lesions,0.4385,false,false,44.7,light (I–II),melanoma,benign_keratosis-like_lesions,false
NBL049,melanoma,melanoma,0.6876,true,true,-51.9,dark (V–VI),melanoma,melanoma,true
NDL063,melanocytic_Nevi,dermatofibroma,0.8814,false,true,87.9,light (I–II),melanocytic_Nevi,dermatofibroma,false
NEL055,vascular_lesions,vascular_lesions,0.6546,true,true,18.9,dark (V–VI),vascular_lesions,vascular_lesions,true
NFL028,benign_keratosis-like_lesions,melanocytic_Nevi,0.3526,false,true,67.6,light (I–II),benign_keratosis-like_lesions,melanocytic_Nevi,false
NGL010,melanoma,benign_keratosis-like_lesions,0.5651,false,true,89.3,light (I–II),melanoma,benign_keratosis-like_lesions,false
NGL025,melanoma,melanoma,0.6912,true,true,82.7,light (I–II),melanoma,melanoma,true
NLL034,melanocytic_Nevi,melanocytic_Nevi,0.893,true,true,71.2,light (I–II),melanocytic_Nevi,melanocytic_Nevi,true
NLL052,melanocytic_Nevi,melanocytic_Nevi,0.5572,true,true,68.0,light (I–II),melanocytic_Nevi,melanocytic_Nevi,true
NLL067,melanocytic_Nevi,melanoma,0.487,false,true,66.8,light (I–II),melanocytic_Nevi,melanoma,false
NML032,melanocytic_Nevi,melanocytic_Nevi,0.7276,true,true,60.6,light (I–II),melanocytic_Nevi,melanocytic_Nevi,true
NML092,melanocytic_Nevi,melanocytic_Nevi,0.6877,true,true,54.3,light (I–II),melanocytic_Nevi,melanocytic_Nevi,true
Nal002,melanoma,melanoma,0.5087,true,true,44.7,light (I–II),melanoma,melanoma,true
Nal005,melanoma,benign_keratosis-like_lesions,0.9228,false,true,13.4,dark (V–VI),melanoma,benign_keratosis-like_lesions,false
Nal008,melanoma,benign_keratosis-like_lesions,0.7699,false,true,69.4,light (I–II),melanoma,benign_keratosis-like_lesions,false
Nal018,melanoma,benign_keratosis-like_lesions,0.5406,false,false,66.1,light (I–II),melanoma,benign_keratosis-like_lesions,false
Nal020,melanoma,melanocytic_Nevi,0.7277,false,false,64.0,light (I–II),melanoma,melanocytic_Nevi,false
Nal022,melanoma,melanocytic_Nevi,0.8052,false,true,81.6,light (I–II),melanoma,melanocytic_Nevi,false
Nal025,melanoma,melanoma,0.9219,true,true,72.8,light (I–II),melanoma,melanoma,true
Nal033,melanoma,benign_keratosis-like_lesions,0.4953,false,true,-40.2,dark (V–VI),melanoma,benign_keratosis-like_lesions,false
Nal035,melanoma,melanoma,0.5578,true,true,81.5,light (I–II),melanoma,melanoma,true
Nal037,melanoma,dermatofibroma,0.4369,false,false,68.9,light (I–II),melanoma,dermatofibroma,false
Nal044,melanoma,melanocytic_Nevi,0.4845,false,true,67.2,light (I–II),melanoma,melanocytic_Nevi,false
Nal047,melanoma,melanocytic_Nevi,0.5413,false,true,80.7,light (I–II),melanoma,melanocytic_Nevi,false
Nal049,melanoma,melanoma,0.739,true,true,74.1,light (I–II),melanoma,melanoma,true
Nal052,melanoma,melanoma,0.7008,true,true,-17.6,dark (V–VI),melanoma,melanoma,true
Nal057,melanoma,melanocytic_Nevi,0.3948,false,true,53.3,light (I–II),melanoma,melanocytic_Nevi,false
Nal058,melanoma,benign_keratosis-like_lesions,0.5907,false,true,71.4,light (I–II),melanoma,benign_keratosis-like_lesions,false
Nal064,melanoma,benign_keratosis-like_lesions,0.8751,false,true,50.4,light (I–II),melanoma,benign_keratosis-like_lesions,false
Nal066,melanoma,melanocytic_Nevi,0.5249,false,true,72.2,light (I–II),melanoma,melanocytic_Nevi,false
Nal070,melanoma,benign_keratosis-like_lesions,0.854,false,true,-41.2,dark (V–VI),melanoma,benign_keratosis-like_lesions,false
Nal073,melanoma,melanoma,0.5559,true,true,40.6,medium (III–IV),melanoma,melanoma,true
Nal075,melanoma,benign_keratosis-like_lesions,0.8634,false,true,84.5,light (I–II),melanoma,benign_keratosis-like_lesions,false
Nal077,melanoma,melanoma,0.6163,true,true,80.8,light (I–II),melanoma,melanoma,true
Nal080,melanoma,benign_keratosis-like_lesions,0.6835,false,true,67.5,light (I–II),melanoma,benign_keratosis-like_lesions,false
Nal082,melanoma,benign_keratosis-like_lesions,0.7529,false,true,50.7,light (I–II),melanoma,benign_keratosis-like_lesions,false
Nal084,melanoma,melanocytic_Nevi,0.9605,false,true,60.0,light (I–II),melanoma,melanocytic_Nevi,false
Nal086,melanoma,benign_keratosis-like_lesions,0.6089,false,true,65.3,light (I–II),melanoma,benign_keratosis-like_lesions,false
Nal088,melanoma,melanocytic_Nevi,0.5427,false,true,83.6,light (I–II),melanoma,melanocytic_Nevi,false
Nal090,melanoma,benign_keratosis-like_lesions,0.8753,false,true,72.6,light (I–II),melanoma,benign_keratosis-like_lesions,false
Nal091,melanoma,benign_keratosis-like_lesions,0.4523,false,true,-63.0,dark (V–VI),melanoma,benign_keratosis-like_lesions,false
Nal097,melanoma,melanocytic_Nevi,0.5257,false,true,74.0,light (I–II),melanoma,melanocytic_Nevi,false
Nal099,melanoma,melanoma,0.591,true,true,73.9,light (I–II),melanoma,melanoma,true
Nbl001,melanoma,melanocytic_Nevi,0.5097,false,true,83.8,light (I–II),melanoma,melanocytic_Nevi,false
Nbl004,melanoma,melanocytic_Nevi,0.8315,false,true,59.8,light (I–II),melanoma,melanocytic_Nevi,false
Nbl006,melanoma,melanocytic_Nevi,0.6791,false,true,79.1,light (I–II),melanoma,melanocytic_Nevi,false
Nbl007,melanoma,benign_keratosis-like_lesions,0.6837,false,true,70.6,light (I–II),melanoma,benign_keratosis-like_lesions,false
Nbl010,melanoma,melanoma,0.5385,true,true,-54.9,dark (V–VI),melanoma,melanoma,true
Nbl013,melanoma,melanocytic_Nevi,0.585,false,true,51.5,light (I–II),melanoma,melanocytic_Nevi,false
Nbl015,melanoma,melanoma,0.6772,true,true,74.0,light (I–II),melanoma,melanoma,true
Nbl017,melanoma,melanoma,0.8957,true,true,77.0,light (I–II),melanoma,melanoma,true
Nbl019,melanoma,melanoma,0.7439,true,true,-50.3,dark (V–VI),melanoma,melanoma,true
Nbl022,melanoma,melanoma,0.8652,true,true,65.7,light (I–II),melanoma,melanoma,true
Nbl025,melanoma,benign_keratosis-like_lesions,0.5742,false,true,19.2,medium (III–IV),melanoma,benign_keratosis-like_lesions,false
Nbl028,melanoma,benign_keratosis-like_lesions,0.4763,false,true,85.4,light (I–II),melanoma,benign_keratosis-like_lesions,false
Nbl030,melanoma,melanocytic_Nevi,0.6172,false,true,80.3,light (I–II),melanoma,melanocytic_Nevi,false
Nbl031,melanoma,melanoma,0.6825,true,true,51.9,light (I–II),melanoma,melanoma,true
Nbl034,melanoma,melanoma,0.7023,true,true,76.1,light (I–II),melanoma,melanoma,true
Nbl037,melanoma,melanoma,0.9057,true,true,11.5,dark (V–VI),melanoma,melanoma,true
Nbl040,melanoma,melanoma,0.6126,true,true,0.9,dark (V–VI),melanoma,melanoma,true
Nbl042,melanoma,vascular_lesions,0.5565,false,true,72.7,light (I–II),melanoma,vascular_lesions,false
Nbl044,melanoma,melanoma,0.6661,true,true,68.8,light (I–II),melanoma,melanoma,true
Nbl046,melanoma,melanocytic_Nevi,0.545,false,false,85.8,light (I–II),melanoma,melanocytic_Nevi,false
Nbl048,melanoma,melanoma,0.9658,true,true,76.7,light (I–II),melanoma,melanoma,true
Nbl054,melanoma,melanocytic_Nevi,0.4016,false,true,-53.3,dark (V–VI),melanoma,melanocytic_Nevi,false
Nbl059,melanoma,benign_keratosis-like_lesions,0.8172,false,true,58.7,light (I–II),melanoma,benign_keratosis-like_lesions,false
Nbl060,melanoma,melanoma,0.511,true,true,65.8,light (I–II),melanoma,melanoma,true
Nbl063,melanoma,benign_keratosis-like_lesions,0.383,false,true,79.3,light (I–II),melanoma,benign_keratosis-like_lesions,false
Nbl065,melanoma,benign_keratosis-like_lesions,0.7536,false,true,8.5,dark (V–VI),melanoma,benign_keratosis-like_lesions,false
Nbl074,melanoma,melanoma,0.6935,true,true,82.1,light (I–II),melanoma,melanoma,true
Nbl076,melanocytic_Nevi,melanocytic_Nevi,0.6226,true,true,66.3,light (I–II),melanocytic_Nevi,melanocytic_Nevi,true
Nbl080,melanocytic_Nevi,benign_keratosis-like_lesions,0.5414,false,true,73.4,light (I–II),melanocytic_Nevi,benign_keratosis-like_lesions,false
Nbl081,melanocytic_Nevi,melanocytic_Nevi,0.5405,true,true,86.2,light (I–II),melanocytic_Nevi,melanocytic_Nevi,true
Nbl086,melanocytic_Nevi,melanocytic_Nevi,0.9524,true,true,84.8,light (I–II),melanocytic_Nevi,melanocytic_Nevi,true
Nbl088,melanocytic_Nevi,melanocytic_Nevi,0.939,true,true,69.7,light (I–II),melanocytic_Nevi,melanocytic_Nevi,true
Nbl095,melanocytic_Nevi,melanocytic_Nevi,0.9905,true,true,73.5,light (I–II),melanocytic_Nevi,melanocytic_Nevi,true
Nbl098,melanocytic_Nevi,melanocytic_Nevi,0.9977,true,true,81.0,light (I–II),melanocytic_Nevi,melanocytic_Nevi,true
Nbl100,melanocytic_Nevi,melanocytic_Nevi,0.7941,true,true,70.7,light (I–II),melanocytic_Nevi,melanocytic_Nevi,true
Ncl004,melanocytic_Nevi,melanocytic_Nevi,0.9981,true,true,79.8,light (I–II),melanocytic_Nevi,melanocytic_Nevi,true
Ncl006,melanocytic_Nevi,melanocytic_Nevi,0.9759,true,true,79.9,light (I–II),melanocytic_Nevi,melanocytic_Nevi,true
Ncl008,melanocytic_Nevi,melanocytic_Nevi,0.9417,true,true,82.3,light (I–II),melanocytic_Nevi,melanocytic_Nevi,true
Ncl010,melanocytic_Nevi,melanocytic_Nevi,0.9541,true,true,66.0,light (I–II),melanocytic_Nevi,melanocytic_Nevi,true
Ncl012,melanocytic_Nevi,melanocytic_Nevi,0.5718,true,true,75.7,light (I–II),melanocytic_Nevi,melanocytic_Nevi,true
Ncl014,melanocytic_Nevi,melanocytic_Nevi,0.9699,true,true,84.1,light (I–II),melanocytic_Nevi,melanocytic_Nevi,true
Ncl020,melanocytic_Nevi,melanocytic_Nevi,0.6666,true,true,84.5,light (I–II),melanocytic_Nevi,melanocytic_Nevi,true
Ncl022,melanocytic_Nevi,benign_keratosis-like_lesions,0.9859,false,true,81.0,light (I–II),melanocytic_Nevi,benign_keratosis-like_lesions,false
Ncl027,melanocytic_Nevi,benign_keratosis-like_lesions,0.7117,false,true,57.6,light (I–II),melanocytic_Nevi,benign_keratosis-like_lesions,false
Ncl030,melanocytic_Nevi,melanocytic_Nevi,0.9212,true,true,74.4,light (I–II),melanocytic_Nevi,melanocytic_Nevi,true
Ncl032,melanocytic_Nevi,melanocytic_Nevi,0.9594,true,true,70.2,light (I–II),melanocytic_Nevi,melanocytic_Nevi,true
Ncl035,melanocytic_Nevi,melanocytic_Nevi,0.8296,true,true,78.7,light (I–II),melanocytic_Nevi,melanocytic_Nevi,true
Ncl044,melanocytic_Nevi,melanocytic_Nevi,0.9855,true,true,70.9,light (I–II),melanocytic_Nevi,melanocytic_Nevi,true
Ncl048,melanocytic_Nevi,melanocytic_Nevi,0.9895,true,true,83.3,light (I–II),melanocytic_Nevi,melanocytic_Nevi,true
Ncl050,melanocytic_Nevi,melanocytic_Nevi,0.9734,true,true,78.6,light (I–II),melanocytic_Nevi,melanocytic_Nevi,true
Ncl051,melanocytic_Nevi,melanocytic_Nevi,0.8178,true,true,85.0,light (I–II),melanocytic_Nevi,melanocytic_Nevi,true
Ncl053,melanocytic_Nevi,melanocytic_Nevi,0.992,true,true,73.0,light (I–II),melanocytic_Nevi,melanocytic_Nevi,true
Ncl056,melanocytic_Nevi,melanocytic_Nevi,0.5946,true,true,83.4,light (I–II),melanocytic_Nevi,melanocytic_Nevi,true
Ncl063,melanocytic_Nevi,melanocytic_Nevi,0.9521,true,true,82.4,light (I–II),melanocytic_Nevi,melanocytic_Nevi,true
Ncl064,melanocytic_Nevi,melanocytic_Nevi,0.7844,true,true,68.0,light (I–II),melanocytic_Nevi,melanocytic_Nevi,true
Ncl069,melanocytic_Nevi,melanocytic_Nevi,0.3483,true,true,73.1,light (I–II),melanocytic_Nevi,melanocytic_Nevi,true
Ncl071,melanocytic_Nevi,benign_keratosis-like_lesions,0.637,false,true,44.2,light (I–II),melanocytic_Nevi,benign_keratosis-like_lesions,false
Ncl076,melanocytic_Nevi,melanocytic_Nevi,0.7973,true,true,68.9,light (I–II),melanocytic_Nevi,melanocytic_Nevi,true
Ncl078,melanocytic_Nevi,melanocytic_Nevi,0.7959,true,true,73.8,light (I–II),melanocytic_Nevi,melanocytic_Nevi,true
Ncl079,melanocytic_Nevi,melanoma,0.5935,false,true,69.4,light (I–II),melanocytic_Nevi,melanoma,false
Ncl083,melanocytic_Nevi,melanocytic_Nevi,0.8997,true,true,77.7,light (I–II),melanocytic_Nevi,melanocytic_Nevi,true
Ncl085,melanocytic_Nevi,melanocytic_Nevi,0.7893,true,true,83.7,light (I–II),melanocytic_Nevi,melanocytic_Nevi,true
Ncl093,melanocytic_Nevi,melanocytic_Nevi,0.9472,true,true,72.9,light (I–II),melanocytic_Nevi,melanocytic_Nevi,true
Ncl095,melanocytic_Nevi,melanocytic_Nevi,0.9941,true,true,74.1,light (I–II),melanocytic_Nevi,melanocytic_Nevi,true
Ncl100,melanocytic_Nevi,benign_keratosis-like_lesions,0.7796,false,true,63.1,light (I–II),melanocytic_Nevi,benign_keratosis-like_lesions,false
Ndl005,melanocytic_Nevi,melanocytic_Nevi,0.8584,true,true,69.4,light (I–II),melanocytic_Nevi,melanocytic_Nevi,true
Ndl009,melanocytic_Nevi,melanocytic_Nevi,0.9624,true,true,74.1,light (I–II),melanocytic_Nevi,melanocytic_Nevi,true
Ndl012,melanocytic_Nevi,melanocytic_Nevi,0.8024,true,true,85.3,light (I–II),melanocytic_Nevi,melanocytic_Nevi,true
Ndl018,melanocytic_Nevi,melanocytic_Nevi,0.8135,true,true,59.3,light (I–II),melanocytic_Nevi,melanocytic_Nevi,true
Ndl021,melanocytic_Nevi,melanocytic_Nevi,0.9738,true,true,80.0,light (I–II),melanocytic_Nevi,melanocytic_Nevi,true
Ndl022,melanocytic_Nevi,melanocytic_Nevi,0.9832,true,true,78.1,light (I–II),melanocytic_Nevi,melanocytic_Nevi,true
Ndl025,melanocytic_Nevi,benign_keratosis-like_lesions,0.5667,false,true,71.5,light (I–II),melanocytic_Nevi,benign_keratosis-like_lesions,false
Ndl027,melanocytic_Nevi,benign_keratosis-like_lesions,0.5945,false,true,72.2,light (I–II),melanocytic_Nevi,benign_keratosis-like_lesions,false
Ndl028,melanocytic_Nevi,melanocytic_Nevi,0.597,true,true,68.4,light (I–II),melanocytic_Nevi,melanocytic_Nevi,true
Ndl031,melanocytic_Nevi,melanocytic_Nevi,0.8686,true,true,82.4,light (I–II),melanocytic_Nevi,melanocytic_Nevi,true
Ndl033,melanocytic_Nevi,melanocytic_Nevi,0.9601,true,true,85.6,light (I–II),melanocytic_Nevi,melanocytic_Nevi,true
Ndl035,melanocytic_Nevi,melanoma,0.5335,false,true,79.1,light (I–II),melanocytic_Nevi,melanoma,false
Ndl037,melanocytic_Nevi,melanocytic_Nevi,0.8079,true,true,84.1,light (I–II),melanocytic_Nevi,melanocytic_Nevi,true
Ndl039,melanocytic_Nevi,melanocytic_Nevi,0.9978,true,true,74.7,light (I–II),melanocytic_Nevi,melanocytic_Nevi,true
Ndl040,melanocytic_Nevi,melanocytic_Nevi,0.9175,true,true,81.8,light (I–II),melanocytic_Nevi,melanocytic_Nevi,true
Ndl046,melanocytic_Nevi,benign_keratosis-like_lesions,0.8501,false,true,75.6,light (I–II),melanocytic_Nevi,benign_keratosis-like_lesions,false
Ndl050,melanocytic_Nevi,melanocytic_Nevi,0.5702,true,true,84.8,light (I–II),melanocytic_Nevi,melanocytic_Nevi,true
Ndl052,melanocytic_Nevi,melanocytic_Nevi,0.9959,true,true,73.3,light (I–II),melanocytic_Nevi,melanocytic_Nevi,true
Ndl054,melanocytic_Nevi,melanocytic_Nevi,0.7545,true,true,86.6,light (I–II),melanocytic_Nevi,melanocytic_Nevi,true
Ndl056,melanocytic_Nevi,melanocytic_Nevi,0.9706,true,true,69.9,light (I–II),melanocytic_Nevi,melanocytic_Nevi,true
Ndl058,melanocytic_Nevi,melanocytic_Nevi,0.6088,true,true,81.3,light (I–II),melanocytic_Nevi,melanocytic_Nevi,true
Ndl060,melanocytic_Nevi,melanocytic_Nevi,0.7666,true,true,90.4,light (I–II),melanocytic_Nevi,melanocytic_Nevi,true
Ndl061,melanocytic_Nevi,benign_keratosis-like_lesions,0.9845,false,true,83.4,light (I–II),melanocytic_Nevi,benign_keratosis-like_lesions,false
Ndl068,melanocytic_Nevi,melanocytic_Nevi,0.7023,true,true,82.9,light (I–II),melanocytic_Nevi,melanocytic_Nevi,true
Ndl069,melanocytic_Nevi,melanocytic_Nevi,0.7576,true,true,80.8,light (I–II),melanocytic_Nevi,melanocytic_Nevi,true
Ndl071,melanocytic_Nevi,melanocytic_Nevi,0.9965,true,true,83.4,light (I–II),melanocytic_Nevi,melanocytic_Nevi,true
Ndl074,melanocytic_Nevi,benign_keratosis-like_lesions,0.5748,false,true,79.3,light (I–II),melanocytic_Nevi,benign_keratosis-like_lesions,false
Ndl075,melanocytic_Nevi,melanocytic_Nevi,0.6852,true,true,81.8,light (I–II),melanocytic_Nevi,melanocytic_Nevi,true
Ndl079,melanocytic_Nevi,melanocytic_Nevi,0.689,true,true,73.3,light (I–II),melanocytic_Nevi,melanocytic_Nevi,true
Ndl081,melanocytic_Nevi,melanoma,0.8116,false,true,75.7,light (I–II),melanocytic_Nevi,melanoma,false
Ndl083,melanocytic_Nevi,melanocytic_Nevi,0.5583,true,true,78.9,light (I–II),melanocytic_Nevi,melanocytic_Nevi,true
Ndl089,benign_keratosis-like_lesions,melanocytic_Nevi,0.6574,false,true,67.0,light (I–II),benign_keratosis-like_lesions,melanocytic_Nevi,false
Ndl091,benign_keratosis-like_lesions,benign_keratosis-like_lesions,0.4483,true,true,52.5,light (I–II),benign_keratosis-like_lesions,benign_keratosis-like_lesions,true
Ndl094,benign_keratosis-like_lesions,benign_keratosis-like_lesions,0.8158,true,true,80.5,light (I–II),benign_keratosis-like_lesions,benign_keratosis-like_lesions,true
Ndl100,benign_keratosis-like_lesions,benign_keratosis-like_lesions,0.7232,true,true,76.6,light (I–II),benign_keratosis-like_lesions,benign_keratosis-like_lesions,true
Nel005,melanocytic_Nevi,melanocytic_Nevi,0.9577,true,true,44.0,light (I–II),melanocytic_Nevi,melanocytic_Nevi,true
Nel008,melanocytic_Nevi,benign_keratosis-like_lesions,0.7511,false,true,23.3,medium (III–IV),melanocytic_Nevi,benign_keratosis-like_lesions,false
Nel010,melanocytic_Nevi,benign_keratosis-like_lesions,0.7287,false,true,29.7,medium (III–IV),melanocytic_Nevi,benign_keratosis-like_lesions,false
Nel012,melanocytic_Nevi,melanocytic_Nevi,0.8336,true,true,85.3,light (I–II),melanocytic_Nevi,melanocytic_Nevi,true
Nel021,benign_keratosis-like_lesions,benign_keratosis-like_lesions,0.8893,true,true,25.2,medium (III–IV),benign_keratosis-like_lesions,benign_keratosis-like_lesions,true
Nel023,benign_keratosis-like_lesions,basal_cell_carcinoma,0.3734,false,true,67.3,light (I–II),benign_keratosis-like_lesions,basal_cell_carcinoma,false
Nel026,basal_cell_carcinoma,basal_cell_carcinoma,0.2593,true,true,16.8,dark (V–VI),basal_cell_carcinoma,basal_cell_carcinoma,true
Nel028,basal_cell_carcinoma,melanocytic_Nevi,0.408,false,false,-31.5,dark (V–VI),basal_cell_carcinoma,melanocytic_Nevi,false
Nel033,basal_cell_carcinoma,melanocytic_Nevi,0.6126,false,true,49.5,light (I–II),basal_cell_carcinoma,melanocytic_Nevi,false
Nel035,basal_cell_carcinoma,melanoma,0.8996,false,false,-84.0,dark (V–VI),basal_cell_carcinoma,melanoma,false
Nel037,basal_cell_carcinoma,vascular_lesions,0.9788,false,false,75.1,light (I–II),basal_cell_carcinoma,vascular_lesions,false
Nel039,basal_cell_carcinoma,vascular_lesions,0.6564,false,false,51.9,light (I–II),basal_cell_carcinoma,vascular_lesions,false
Nel041,basal_cell_carcinoma,basal_cell_carcinoma,0.9147,true,true,65.1,light (I–II),basal_cell_carcinoma,basal_cell_carcinoma,true
Nel044,vascular_lesions,dermatofibroma,0.4698,false,false,92.7,light (I–II),vascular_lesions,dermatofibroma,false
Nel056,vascular_lesions,melanoma,0.4818,false,true,-35.7,dark (V–VI),vascular_lesions,melanoma,false
Nel059,vascular_lesions,benign_keratosis-like_lesions,0.5863,false,false,74.1,light (I–II),vascular_lesions,benign_keratosis-like_lesions,false
Nel061,vascular_lesions,melanocytic_Nevi,0.5111,false,true,54.7,light (I–II),vascular_lesions,melanocytic_Nevi,false
Nel062,vascular_lesions,melanocytic_Nevi,0.8737,false,false,69.8,light (I–II),vascular_lesions,melanocytic_Nevi,false
Nel064,vascular_lesions,benign_keratosis-like_lesions,0.9406,false,false,72.0,light (I–II),vascular_lesions,benign_keratosis-like_lesions,false
Nel066,vascular_lesions,melanocytic_Nevi,0.5549,false,false,72.8,light (I–II),vascular_lesions,melanocytic_Nevi,false
Nel068,vascular_lesions,melanocytic_Nevi,0.4596,false,false,59.4,light (I–II),vascular_lesions,melanocytic_Nevi,false
Nel071,vascular_lesions,melanocytic_Nevi,0.5652,false,false,78.3,light (I–II),vascular_lesions,melanocytic_Nevi,false
Nel073,vascular_lesions,melanocytic_Nevi,0.7042,false,true,54.2,light (I–II),vascular_lesions,melanocytic_Nevi,false
Nel075,vascular_lesions,melanoma,0.5111,false,true,73.2,light (I–II),vascular_lesions,melanoma,false
Nel078,vascular_lesions,benign_keratosis-like_lesions,0.905,false,false,18.1,dark (V–VI),vascular_lesions,benign_keratosis-like_lesions,false
Nel081,vascular_lesions,melanocytic_Nevi,0.8274,false,true,54.2,light (I–II),vascular_lesions,melanocytic_Nevi,false
Nel085,basal_cell_carcinoma,melanoma,0.5959,false,false,35.6,medium (III–IV),basal_cell_carcinoma,melanoma,false
Nel087,basal_cell_carcinoma,benign_keratosis-like_lesions,0.4869,false,false,79.7,light (I–II),basal_cell_carcinoma,benign_keratosis-like_lesions,false
Nel089,basal_cell_carcinoma,melanoma,0.3355,false,false,2.8,dark (V–VI),basal_cell_carcinoma,melanoma,false
Nel091,basal_cell_carcinoma,benign_keratosis-like_lesions,0.7381,false,true,45.7,light (I–II),basal_cell_carcinoma,benign_keratosis-like_lesions,false
Nel092,basal_cell_carcinoma,basal_cell_carcinoma,0.4871,true,true,37.1,medium (III–IV),basal_cell_carcinoma,basal_cell_carcinoma,true
Nel095,basal_cell_carcinoma,melanoma,0.2903,false,false,-40.4,dark (V–VI),basal_cell_carcinoma,melanoma,false
Nel097,basal_cell_carcinoma,benign_keratosis-like_lesions,0.4619,false,false,84.9,light (I–II),basal_cell_carcinoma,benign_keratosis-like_lesions,false
Nel098,basal_cell_carcinoma,basal_cell_carcinoma,0.7413,true,true,88.8,light (I–II),basal_cell_carcinoma,basal_cell_carcinoma,true
Nel100,basal_cell_carcinoma,melanoma,0.3919,false,true,73.5,light (I–II),basal_cell_carcinoma,melanoma,false
Nfl004,dermatofibroma,benign_keratosis-like_lesions,0.9325,false,false,78.6,light (I–II),dermatofibroma,benign_keratosis-like_lesions,false
Nfl006,benign_keratosis-like_lesions,benign_keratosis-like_lesions,0.8349,true,true,77.5,light (I–II),benign_keratosis-like_lesions,benign_keratosis-like_lesions,true
Nfl008,benign_keratosis-like_lesions,benign_keratosis-like_lesions,0.9811,true,true,80.5,light (I–II),benign_keratosis-like_lesions,benign_keratosis-like_lesions,true
Nfl010,benign_keratosis-like_lesions,benign_keratosis-like_lesions,0.9578,true,true,28.8,medium (III–IV),benign_keratosis-like_lesions,benign_keratosis-like_lesions,true
Nfl012,benign_keratosis-like_lesions,benign_keratosis-like_lesions,0.9949,true,true,61.7,light (I–II),benign_keratosis-like_lesions,benign_keratosis-like_lesions,true
Nfl014,benign_keratosis-like_lesions,vascular_lesions,0.9542,false,false,73.2,light (I–II),benign_keratosis-like_lesions,vascular_lesions,false
Nfl016,benign_keratosis-like_lesions,benign_keratosis-like_lesions,0.5582,true,true,81.4,light (I–II),benign_keratosis-like_lesions,benign_keratosis-like_lesions,true
Nfl018,benign_keratosis-like_lesions,benign_keratosis-like_lesions,0.7526,true,true,69.5,light (I–II),benign_keratosis-like_lesions,benign_keratosis-like_lesions,true
Nfl020,benign_keratosis-like_lesions,benign_keratosis-like_lesions,0.3514,true,true,62.5,light (I–II),benign_keratosis-like_lesions,benign_keratosis-like_lesions,true
Nfl022,benign_keratosis-like_lesions,benign_keratosis-like_lesions,0.9281,true,true,79.2,light (I–II),benign_keratosis-like_lesions,benign_keratosis-like_lesions,true
Nfl024,benign_keratosis-like_lesions,benign_keratosis-like_lesions,0.9355,true,true,55.6,light (I–II),benign_keratosis-like_lesions,benign_keratosis-like_lesions,true
Nfl026,benign_keratosis-like_lesions,benign_keratosis-like_lesions,0.3121,true,true,75.4,light (I–II),benign_keratosis-like_lesions,benign_keratosis-like_lesions,true
Nfl032,melanocytic_Nevi,melanocytic_Nevi,0.8574,true,true,78.8,light (I–II),melanocytic_Nevi,melanocytic_Nevi,true
Nfl034,melanocytic_Nevi,melanocytic_Nevi,0.7427,true,true,75.6,light (I–II),melanocytic_Nevi,melanocytic_Nevi,true
Nfl036,melanocytic_Nevi,melanocytic_Nevi,0.436,true,true,73.2,light (I–II),melanocytic_Nevi,melanocytic_Nevi,true
Nfl038,benign_keratosis-like_lesions,benign_keratosis-like_lesions,0.6598,true,true,38.8,medium (III–IV),benign_keratosis-like_lesions,benign_keratosis-like_lesions,true
Nfl040,melanocytic_Nevi,melanocytic_Nevi,0.5932,true,true,86.0,light (I–II),melanocytic_Nevi,melanocytic_Nevi,true
Nfl042,melanocytic_Nevi,melanocytic_Nevi,0.5928,true,true,76.5,light (I–II),melanocytic_Nevi,melanocytic_Nevi,true
Nfl044,melanocytic_Nevi,melanocytic_Nevi,0.4756,true,true,80.8,light (I–II),melanocytic_Nevi,melanocytic_Nevi,true
Nfl046,melanocytic_Nevi,benign_keratosis-like_lesions,0.52,false,true,86.1,light (I–II),melanocytic_Nevi,benign_keratosis-like_lesions,false
Nfl048,melanocytic_Nevi,melanocytic_Nevi,0.3703,true,true,53.7,light (I–II),melanocytic_Nevi,melanocytic_Nevi,true
Nfl050,melanocytic_Nevi,melanocytic_Nevi,0.7991,true,true,79.2,light (I–II),melanocytic_Nevi,melanocytic_Nevi,true
Nfl052,melanocytic_Nevi,benign_keratosis-like_lesions,0.8562,false,true,84.9,light (I–II),melanocytic_Nevi,benign_keratosis-like_lesions,false
Nfl054,melanoma,benign_keratosis-like_lesions,0.7623,false,false,80.6,light (I–II),melanoma,benign_keratosis-like_lesions,false
Nfl063,melanoma,melanocytic_Nevi,0.9145,false,true,81.0,light (I–II),melanoma,melanocytic_Nevi,false
Nfl068,basal_cell_carcinoma,melanoma,0.6625,false,true,75.6,light (I–II),basal_cell_carcinoma,melanoma,false
Nfl074,melanocytic_Nevi,basal_cell_carcinoma,0.8386,false,false,70.8,light (I–II),melanocytic_Nevi,basal_cell_carcinoma,false
Ngl002,melanoma,melanoma,0.4317,true,true,74.2,light (I–II),melanoma,melanoma,true
Ngl004,melanoma,benign_keratosis-like_lesions,0.4135,false,true,86.0,light (I–II),melanoma,benign_keratosis-like_lesions,false
Ngl006,melanoma,benign_keratosis-like_lesions,0.9547,false,true,90.0,light (I–II),melanoma,benign_keratosis-like_lesions,false
Ngl008,melanoma,melanocytic_Nevi,0.4405,false,true,65.8,light (I–II),melanoma,melanocytic_Nevi,false
Ngl013,melanoma,melanocytic_Nevi,0.628,false,true,80.1,light (I–II),melanoma,melanocytic_Nevi,false
Ngl015,melanoma,melanoma,0.9815,true,true,64.7,light (I–II),melanoma,melanoma,true
Ngl017,melanoma,melanocytic_Nevi,0.5906,false,true,57.9,light (I–II),melanoma,melanocytic_Nevi,false
Ngl019,melanoma,benign_keratosis-like_lesions,0.9463,false,true,58.2,light (I–II),melanoma,benign_keratosis-like_lesions,false
Ngl021,melanoma,melanoma,0.5204,true,true,60.0,light (I–II),melanoma,melanoma,true
Ngl023,melanocytic_Nevi,benign_keratosis-like_lesions,0.5463,false,true,64.6,light (I–II),melanocytic_Nevi,benign_keratosis-like_lesions,false
Ngl027,melanoma,melanoma,0.8043,true,true,84.7,light (I–II),melanoma,melanoma,true
Ngl029,melanocytic_Nevi,melanocytic_Nevi,0.7111,true,true,70.0,light (I–II),melanocytic_Nevi,melanocytic_Nevi,true
Ngl031,melanocytic_Nevi,melanoma,0.3958,false,true,77.3,light (I–II),melanocytic_Nevi,melanoma,false
Ngl033,melanocytic_Nevi,benign_keratosis-like_lesions,0.8526,false,true,79.3,light (I–II),melanocytic_Nevi,benign_keratosis-like_lesions,false
Ngl037,melanocytic_Nevi,melanoma,0.6849,false,true,84.5,light (I–II),melanocytic_Nevi,melanoma,false
Ngl039,melanoma,melanocytic_Nevi,0.7835,false,true,79.3,light (I–II),melanoma,melanocytic_Nevi,false
Ngl041,melanoma,melanocytic_Nevi,0.7216,false,true,56.6,light (I–II),melanoma,melanocytic_Nevi,false
Ngl043,melanocytic_Nevi,melanocytic_Nevi,0.67,true,true,79.4,light (I–II),melanocytic_Nevi,melanocytic_Nevi,true
Ngl047,basal_cell_carcinoma,benign_keratosis-like_lesions,0.8027,false,false,58.5,light (I–II),basal_cell_carcinoma,benign_keratosis-like_lesions,false
Ngl049,melanocytic_Nevi,melanocytic_Nevi,0.4855,true,true,72.2,light (I–II),melanocytic_Nevi,melanocytic_Nevi,true
Ngl053,melanocytic_Nevi,melanocytic_Nevi,0.9415,true,true,78.8,light (I–II),melanocytic_Nevi,melanocytic_Nevi,true
Ngl055,melanoma,melanoma,0.7777,true,true,59.6,light (I–II),melanoma,melanoma,true
Ngl057,melanoma,melanoma,0.5156,true,true,79.1,light (I–II),melanoma,melanoma,true
Ngl060,melanocytic_Nevi,melanocytic_Nevi,0.7488,true,true,68.5,light (I–II),melanocytic_Nevi,melanocytic_Nevi,true
Ngl062,melanoma,benign_keratosis-like_lesions,0.4654,false,true,63.4,light (I–II),melanoma,benign_keratosis-like_lesions,false
Ngl064,melanoma,benign_keratosis-like_lesions,0.8417,false,true,67.5,light (I–II),melanoma,benign_keratosis-like_lesions,false
Ngl066,melanoma,melanoma,0.5618,true,true,81.3,light (I–II),melanoma,melanoma,true
Ngl068,melanoma,melanocytic_Nevi,0.7071,false,true,86.2,light (I–II),melanoma,melanocytic_Nevi,false
Ngl072,melanocytic_Nevi,melanocytic_Nevi,0.9519,true,true,80.6,light (I–II),melanocytic_Nevi,melanocytic_Nevi,true
Ngl074,melanocytic_Nevi,melanocytic_Nevi,0.9574,true,true,82.5,light (I–II),melanocytic_Nevi,melanocytic_Nevi,true
Ngl076,melanocytic_Nevi,dermatofibroma,0.4983,false,true,79.1,light (I–II),melanocytic_Nevi,dermatofibroma,false
Ngl078,melanocytic_Nevi,melanocytic_Nevi,0.954,true,true,75.5,light (I–II),melanocytic_Nevi,melanocytic_Nevi,true
Ngl082,vascular_lesions,benign_keratosis-like_lesions,0.8498,false,false,34.6,medium (III–IV),vascular_lesions,benign_keratosis-like_lesions,false
Ngl084,melanoma,melanocytic_Nevi,0.573,false,true,51.7,light (I–II),melanoma,melanocytic_Nevi,false
Ngl086,melanocytic_Nevi,benign_keratosis-like_lesions,0.3924,false,true,84.6,light (I–II),melanocytic_Nevi,benign_keratosis-like_lesions,false
Ngl088,melanoma,benign_keratosis-like_lesions,0.8689,false,true,81.4,light (I–II),melanoma,benign_keratosis-like_lesions,false
Ngl090,melanocytic_Nevi,benign_keratosis-like_lesions,0.6021,false,true,80.6,light (I–II),melanocytic_Nevi,benign_keratosis-like_lesions,false
Ngl092,melanocytic_Nevi,melanocytic_Nevi,0.788,true,true,81.7,light (I–II),melanocytic_Nevi,melanocytic_Nevi,true
Ngl094,melanocytic_Nevi,melanocytic_Nevi,0.9688,true,true,73.5,light (I–II),melanocytic_Nevi,melanocytic_Nevi,true
Ngl096,melanocytic_Nevi,melanocytic_Nevi,0.9804,true,true,85.8,light (I–II),melanocytic_Nevi,melanocytic_Nevi,true
Ngl098,melanocytic_Nevi,benign_keratosis-like_lesions,0.945,false,true,72.3,light (I–II),melanocytic_Nevi,benign_keratosis-like_lesions,false
Ngl100,melanoma,melanocytic_Nevi,0.8568,false,true,75.9,light (I–II),melanoma,melanocytic_Nevi,false
Nhl009,melanoma,benign_keratosis-like_lesions,0.855,false,true,61.9,light (I–II),melanoma,benign_keratosis-like_lesions,false
Nhl011,basal_cell_carcinoma,melanocytic_Nevi,0.5976,false,false,83.7,light (I–II),basal_cell_carcinoma,melanocytic_Nevi,false
Nhl013,melanocytic_Nevi,melanocytic_Nevi,0.9691,true,true,70.5,light (I–II),melanocytic_Nevi,melanocytic_Nevi,true
Nhl015,melanocytic_Nevi,benign_keratosis-like_lesions,0.9045,false,true,59.3,light (I–II),melanocytic_Nevi,benign_keratosis-like_lesions,false
Nhl017,melanoma,basal_cell_carcinoma,0.3455,false,false,61.7,light (I–II),melanoma,basal_cell_carcinoma,false
Nil002,melanocytic_Nevi,melanocytic_Nevi,0.7791,true,true,87.4,light (I–II),melanocytic_Nevi,melanocytic_Nevi,true
Nil004,melanocytic_Nevi,melanocytic_Nevi,0.9497,true,true,79.3,light (I–II),melanocytic_Nevi,melanocytic_Nevi,true
Nil006,melanocytic_Nevi,melanocytic_Nevi,0.6341,true,true,83.6,light (I–II),melanocytic_Nevi,melanocytic_Nevi,true
Nil008,melanocytic_Nevi,benign_keratosis-like_lesions,0.6674,false,true,74.4,light (I–II),melanocytic_Nevi,benign_keratosis-like_lesions,false
Nil010,melanocytic_Nevi,melanocytic_Nevi,0.7826,true,true,79.8,light (I–II),melanocytic_Nevi,melanocytic_Nevi,true
Nil021,melanocytic_Nevi,melanocytic_Nevi,0.987,true,true,66.0,light (I–II),melanocytic_Nevi,melanocytic_Nevi,true
Nil023,melanocytic_Nevi,dermatofibroma,0.4349,false,true,57.6,light (I–II),melanocytic_Nevi,dermatofibroma,false
Nil025,melanocytic_Nevi,melanocytic_Nevi,0.7338,true,true,58.4,light (I–II),melanocytic_Nevi,melanocytic_Nevi,true
Nil027,melanocytic_Nevi,melanocytic_Nevi,0.5105,true,true,83.2,light (I–II),melanocytic_Nevi,melanocytic_Nevi,true
Nil029,melanocytic_Nevi,melanocytic_Nevi,0.9798,true,true,85.9,light (I–II),melanocytic_Nevi,melanocytic_Nevi,true
Nil031,melanoma,melanocytic_Nevi,0.9719,false,true,69.2,light (I–II),melanoma,melanocytic_Nevi,false
Nil033,melanocytic_Nevi,melanocytic_Nevi,0.6322,true,true,74.3,light (I–II),melanocytic_Nevi,melanocytic_Nevi,true
Nil035,melanocytic_Nevi,melanocytic_Nevi,0.8276,true,true,79.5,light (I–II),melanocytic_Nevi,melanocytic_Nevi,true
Nil037,melanocytic_Nevi,melanocytic_Nevi,0.7787,true,true,85.1,light (I–II),melanocytic_Nevi,melanocytic_Nevi,true
Nil041,melanocytic_Nevi,melanocytic_Nevi,0.895,true,true,77.8,light (I–II),melanocytic_Nevi,melanocytic_Nevi,true
Nil043,melanocytic_Nevi,melanocytic_Nevi,0.7298,true,true,80.4,light (I–II),melanocytic_Nevi,melanocytic_Nevi,true
Nil045,melanocytic_Nevi,dermatofibroma,0.6167,false,true,78.9,light (I–II),melanocytic_Nevi,dermatofibroma,false
Nil048,melanocytic_Nevi,melanocytic_Nevi,0.6459,true,true,80.4,light (I–II),melanocytic_Nevi,melanocytic_Nevi,true
Nil052,melanocytic_Nevi,melanocytic_Nevi,0.8997,true,true,72.7,light (I–II),melanocytic_Nevi,melanocytic_Nevi,true
Nil054,melanocytic_Nevi,benign_keratosis-like_lesions,0.7941,false,true,66.9,light (I–II),melanocytic_Nevi,benign_keratosis-like_lesions,false
Nil056,melanocytic_Nevi,dermatofibroma,0.7787,false,true,46.9,light (I–II),melanocytic_Nevi,dermatofibroma,false
Nil058,melanocytic_Nevi,melanocytic_Nevi,0.9471,true,true,75.6,light (I–II),melanocytic_Nevi,melanocytic_Nevi,true
Nil060,melanocytic_Nevi,melanocytic_Nevi,0.514,true,true,83.0,light (I–II),melanocytic_Nevi,melanocytic_Nevi,true
Nil062,melanoma,melanoma,0.5726,true,true,66.9,light (I–II),melanoma,melanoma,true
Nil064,melanoma,melanoma,0.708,true,true,85.9,light (I–II),melanoma,melanoma,true
Nil066,melanoma,melanoma,0.6061,true,true,77.2,light (I–II),melanoma,melanoma,true
Nil068,melanoma,vascular_lesions,0.4735,false,true,76.3,light (I–II),melanoma,vascular_lesions,false
Nil070,melanoma,benign_keratosis-like_lesions,0.7828,false,true,80.6,light (I–II),melanoma,benign_keratosis-like_lesions,false
Nil076,melanoma,benign_keratosis-like_lesions,0.656,false,true,78.5,light (I–II),melanoma,benign_keratosis-like_lesions,false
Nil078,melanoma,melanoma,0.8364,true,true,62.7,light (I–II),melanoma,melanoma,true
Nil080,melanoma,melanocytic_Nevi,0.5301,false,true,69.8,light (I–II),melanoma,melanocytic_Nevi,false
Nil082,melanoma,melanoma,0.8683,true,true,51.3,light (I–II),melanoma,melanoma,true
Nil084,melanoma,melanocytic_Nevi,0.5768,false,true,83.7,light (I–II),melanoma,melanocytic_Nevi,false
Nil086,melanoma,melanoma,0.5263,true,true,24.6,medium (III–IV),melanoma,melanoma,true
Nil088,melanoma,melanoma,0.6945,true,true,46.3,light (I–II),melanoma,melanoma,true
Nil090,melanoma,melanoma,0.6069,true,true,63.5,light (I–II),melanoma,melanoma,true
Nil093,melanoma,melanocytic_Nevi,0.3491,false,true,11.3,dark (V–VI),melanoma,melanocytic_Nevi,false
Nil096,melanoma,melanocytic_Nevi,0.7165,false,true,67.8,light (I–II),melanoma,melanocytic_Nevi,false
Nil100,melanoma,benign_keratosis-like_lesions,0.5279,false,true,78.1,light (I–II),melanoma,benign_keratosis-like_lesions,false
Nil103,melanoma,benign_keratosis-like_lesions,0.5134,false,true,36.6,medium (III–IV),melanoma,benign_keratosis-like_lesions,false
Nll002,melanoma,melanocytic_Nevi,0.6788,false,true,71.7,light (I–II),melanoma,melanocytic_Nevi,false
Nll004,melanoma,melanoma,0.6315,true,true,58.5,light (I–II),melanoma,melanoma,true
Nll016,melanocytic_Nevi,melanocytic_Nevi,0.7939,true,true,71.7,light (I–II),melanocytic_Nevi,melanocytic_Nevi,true
Nll018,melanocytic_Nevi,melanocytic_Nevi,0.9703,true,true,86.4,light (I–II),melanocytic_Nevi,melanocytic_Nevi,true
Nll020,melanocytic_Nevi,melanocytic_Nevi,0.722,true,true,77.7,light (I–II),melanocytic_Nevi,melanocytic_Nevi,true
Nll024,melanocytic_Nevi,melanocytic_Nevi,0.7516,true,true,71.7,light (I–II),melanocytic_Nevi,melanocytic_Nevi,true
Nll030,melanocytic_Nevi,melanocytic_Nevi,0.4142,true,true,76.0,light (I–II),melanocytic_Nevi,melanocytic_Nevi,true
Nll038,melanocytic_Nevi,benign_keratosis-like_lesions,0.5525,false,true,77.4,light (I–II),melanocytic_Nevi,benign_keratosis-like_lesions,false
Nll040,melanocytic_Nevi,benign_keratosis-like_lesions,0.9742,false,true,80.0,light (I–II),melanocytic_Nevi,benign_keratosis-like_lesions,false
Nll042,melanocytic_Nevi,melanocytic_Nevi,0.5758,true,true,78.3,light (I–II),melanocytic_Nevi,melanocytic_Nevi,true
Nll046,melanocytic_Nevi,melanocytic_Nevi,0.566,true,true,85.2,light (I–II),melanocytic_Nevi,melanocytic_Nevi,true
Nll048,melanocytic_Nevi,benign_keratosis-like_lesions,0.6528,false,true,61.0,light (I–II),melanocytic_Nevi,benign_keratosis-like_lesions,false
Nll050,melanocytic_Nevi,benign_keratosis-like_lesions,0.5529,false,true,76.5,light (I–II),melanocytic_Nevi,benign_keratosis-like_lesions,false
Nll056,melanocytic_Nevi,melanocytic_Nevi,0.9342,true,true,69.9,light (I–II),melanocytic_Nevi,melanocytic_Nevi,true
Nll058,melanocytic_Nevi,benign_keratosis-like_lesions,0.5043,false,true,74.3,light (I–II),melanocytic_Nevi,benign_keratosis-like_lesions,false
Nll060,melanocytic_Nevi,melanocytic_Nevi,0.9605,true,true,78.2,light (I–II),melanocytic_Nevi,melanocytic_Nevi,true
Nll062,melanocytic_Nevi,melanocytic_Nevi,0.7803,true,true,75.5,light (I–II),melanocytic_Nevi,melanocytic_Nevi,true
Nll069,melanocytic_Nevi,melanocytic_Nevi,0.9966,true,true,69.3,light (I–II),melanocytic_Nevi,melanocytic_Nevi,true
Nll072,melanocytic_Nevi,melanocytic_Nevi,0.8002,true,true,76.2,light (I–II),melanocytic_Nevi,melanocytic_Nevi,true
Nll076,melanocytic_Nevi,melanocytic_Nevi,0.9362,true,true,85.9,light (I–II),melanocytic_Nevi,melanocytic_Nevi,true
Nll084,melanocytic_Nevi,benign_keratosis-like_lesions,0.5938,false,true,78.0,light (I–II),melanocytic_Nevi,benign_keratosis-like_lesions,false
Nll088,melanocytic_Nevi,benign_keratosis-like_lesions,0.8677,false,true,74.5,light (I–II),melanocytic_Nevi,benign_keratosis-like_lesions,false
Nll094,melanocytic_Nevi,benign_keratosis-like_lesions,0.5983,false,true,67.5,light (I–II),melanocytic_Nevi,benign_keratosis-like_lesions,false
Nll098,melanocytic_Nevi,benign_keratosis-like_lesions,0.4623,false,true,80.5,light (I–II),melanocytic_Nevi,benign_keratosis-like_lesions,false
Nll100,melanocytic_Nevi,melanocytic_Nevi,0.9642,true,true,83.6,light (I–II),melanocytic_Nevi,melanocytic_Nevi,true
Nll102,melanocytic_Nevi,melanocytic_Nevi,0.9917,true,true,74.6,light (I–II),melanocytic_Nevi,melanocytic_Nevi,true
Nll104,melanocytic_Nevi,melanocytic_Nevi,0.8838,true,true,86.4,light (I–II),melanocytic_Nevi,melanocytic_Nevi,true
Nll106,melanocytic_Nevi,melanocytic_Nevi,0.9389,true,true,76.8,light (I–II),melanocytic_Nevi,melanocytic_Nevi,true
Nml002,melanocytic_Nevi,melanocytic_Nevi,0.7641,true,true,95.4,light (I–II),melanocytic_Nevi,melanocytic_Nevi,true
Nml004,melanocytic_Nevi,benign_keratosis-like_lesions,0.576,false,true,66.5,light (I–II),melanocytic_Nevi,benign_keratosis-like_lesions,false
Nml006,melanocytic_Nevi,melanocytic_Nevi,0.8535,true,true,98.3,light (I–II),melanocytic_Nevi,melanocytic_Nevi,true
Nml008,melanocytic_Nevi,melanocytic_Nevi,0.9233,true,true,73.0,light (I–II),melanocytic_Nevi,melanocytic_Nevi,true
Nml010,melanocytic_Nevi,melanocytic_Nevi,0.9967,true,true,74.1,light (I–II),melanocytic_Nevi,melanocytic_Nevi,true
Nml012,melanocytic_Nevi,melanoma,0.8986,false,true,80.1,light (I–II),melanocytic_Nevi,melanoma,false
Nml014,melanocytic_Nevi,melanocytic_Nevi,0.7969,true,true,83.4,light (I–II),melanocytic_Nevi,melanocytic_Nevi,true
Nml016,melanocytic_Nevi,dermatofibroma,0.5523,false,true,75.5,light (I–II),melanocytic_Nevi,dermatofibroma,false
Nml018,melanocytic_Nevi,benign_keratosis-like_lesions,0.7112,false,true,65.0,light (I–II),melanocytic_Nevi,benign_keratosis-like_lesions,false
Nml020,melanoma,melanoma,0.5247,true,true,74.4,light (I–II),melanoma,melanoma,true
Nml022,melanoma,benign_keratosis-like_lesions,0.8066,false,true,30.2,medium (III–IV),melanoma,benign_keratosis-like_lesions,false
Nml024,melanoma,benign_keratosis-like_lesions,0.9889,false,true,-45.1,dark (V–VI),melanoma,benign_keratosis-like_lesions,false
Nml030,melanocytic_Nevi,melanocytic_Nevi,0.9219,true,true,81.1,light (I–II),melanocytic_Nevi,melanocytic_Nevi,true
Nml034,melanocytic_Nevi,melanocytic_Nevi,0.9952,true,true,71.8,light (I–II),melanocytic_Nevi,melanocytic_Nevi,true
Nml039,melanocytic_Nevi,melanocytic_Nevi,0.7797,true,true,70.1,light (I–II),melanocytic_Nevi,melanocytic_Nevi,true
Nml041,vascular_lesions,melanocytic_Nevi,0.4019,false,true,87.4,light (I–II),vascular_lesions,melanocytic_Nevi,false
Nml043,melanocytic_Nevi,melanocytic_Nevi,0.8442,true,true,76.9,light (I–II),melanocytic_Nevi,melanocytic_Nevi,true
Nml045,melanocytic_Nevi,melanocytic_Nevi,0.5261,true,true,83.2,light (I–II),melanocytic_Nevi,melanocytic_Nevi,true
Nml047,melanocytic_Nevi,melanocytic_Nevi,0.9112,true,true,64.8,light (I–II),melanocytic_Nevi,melanocytic_Nevi,true
Nml049,melanocytic_Nevi,melanocytic_Nevi,0.9909,true,true,80.2,light (I–II),melanocytic_Nevi,melanocytic_Nevi,true
Nml051,melanocytic_Nevi,melanocytic_Nevi,0.6468,true,true,70.6,light (I–II),melanocytic_Nevi,melanocytic_Nevi,true
Nml063,melanocytic_Nevi,benign_keratosis-like_lesions,0.7699,false,true,72.2,light (I–II),melanocytic_Nevi,benign_keratosis-like_lesions,false
Nml065,melanocytic_Nevi,benign_keratosis-like_lesions,0.5929,false,true,66.6,light (I–II),melanocytic_Nevi,benign_keratosis-like_lesions,false
Nml067,melanocytic_Nevi,melanocytic_Nevi,0.8565,true,true,70.1,light (I–II),melanocytic_Nevi,melanocytic_Nevi,true
Nml071,melanocytic_Nevi,benign_keratosis-like_lesions,0.647,false,true,58.4,light (I–II),melanocytic_Nevi,benign_keratosis-like_lesions,false
Nml073,melanoma,benign_keratosis-like_lesions,0.7059,false,true,76.7,light (I–II),melanoma,benign_keratosis-like_lesions,false
Nml077,melanoma,melanocytic_Nevi,0.8075,false,true,78.2,light (I–II),melanoma,melanocytic_Nevi,false
Nml079,melanoma,melanocytic_Nevi,0.9868,false,true,78.7,light (I–II),melanoma,melanocytic_Nevi,false
Nml081,melanoma,melanocytic_Nevi,0.4075,false,true,84.4,light (I–II),melanoma,melanocytic_Nevi,false
Nml085,melanocytic_Nevi,benign_keratosis-like_lesions,0.7925,false,true,71.1,light (I–II),melanocytic_Nevi,benign_keratosis-like_lesions,false
Nml087,melanocytic_Nevi,melanocytic_Nevi,0.5311,true,true,76.4,light (I–II),melanocytic_Nevi,melanocytic_Nevi,true
Nml089,melanocytic_Nevi,melanocytic_Nevi,0.9297,true,true,75.5,light (I–II),melanocytic_Nevi,melanocytic_Nevi,true
Nml094,melanocytic_Nevi,vascular_lesions,0.4204,false,true,85.9,light (I–II),melanocytic_Nevi,vascular_lesions,false
Nml096,melanocytic_Nevi,melanocytic_Nevi,0.6059,true,true,84.9,light (I–II),melanocytic_Nevi,melanocytic_Nevi,true
Nml098,basal_cell_carcinoma,melanoma,0.4234,false,false,81.3,light (I–II),basal_cell_carcinoma,melanoma,false
Nml102,basal_cell_carcinoma,melanocytic_Nevi,0.7559,false,true,44.5,light (I–II),basal_cell_carcinoma,melanocytic_Nevi,false
Nml104,basal_cell_carcinoma,melanocytic_Nevi,0.8453,false,false,79.2,light (I–II),basal_cell_carcinoma,melanocytic_Nevi,false
Nml106,basal_cell_carcinoma,basal_cell_carcinoma,0.4181,true,true,78.4,light (I–II),basal_cell_carcinoma,basal_cell_carcinoma,true
Nml108,vascular_lesions,basal_cell_carcinoma,0.7486,false,false,45.5,light (I–II),vascular_lesions,basal_cell_carcinoma,false
Nml114,benign_keratosis-like_lesions,actinic_keratoses,0.4126,false,true,86.2,light (I–II),benign_keratosis-like_lesions,actinic_keratoses,false
gzl02,basal_cell_carcinoma,basal_cell_carcinoma,0.9823,true,true,88.0,light (I–II),basal_cell_carcinoma,basal_cell_carcinoma,true
gzl04,melanoma,melanocytic_Nevi,0.6493,false,false,87.9,light (I–II),melanoma,melanocytic_Nevi,false
gzl06,basal_cell_carcinoma,benign_keratosis-like_lesions,0.9513,false,true,38.8,medium (III–IV),basal_cell_carcinoma,benign_keratosis-like_lesions,false
gzl08,melanocytic_Nevi,melanocytic_Nevi,0.9868,true,true,86.3,light (I–II),melanocytic_Nevi,melanocytic_Nevi,true
gzl10,melanocytic_Nevi,melanocytic_Nevi,0.9948,true,true,81.5,light (I–II),melanocytic_Nevi,melanocytic_Nevi,true
gzl12,melanoma,melanocytic_Nevi,0.935,false,false,47.3,light (I–II),melanoma,melanocytic_Nevi,false
gzl14,melanocytic_Nevi,melanocytic_Nevi,0.9994,true,true,84.5,light (I–II),melanocytic_Nevi,melanocytic_Nevi,true
gzl16,melanoma,melanoma,0.5867,true,true,81.1,light (I–II),melanoma,melanoma,true
gzl18,benign_keratosis-like_lesions,benign_keratosis-like_lesions,0.7614,true,true,81.4,light (I–II),benign_keratosis-like_lesions,benign_keratosis-like_lesions,true
gzl20,melanoma,melanocytic_Nevi,0.8166,false,true,83.0,light (I–II),melanoma,melanocytic_Nevi,false
gzl22,melanocytic_Nevi,melanocytic_Nevi,0.9945,true,true,77.5,light (I–II),melanocytic_Nevi,melanocytic_Nevi,true
gzl24,melanocytic_Nevi,melanocytic_Nevi,0.9517,true,true,87.2,light (I–II),melanocytic_Nevi,melanocytic_Nevi,true
gzl26,melanoma,melanocytic_Nevi,0.692,false,true,96.2,light (I–II),melanoma,melanocytic_Nevi,false
gzl28,melanoma,melanocytic_Nevi,0.6176,false,true,87.8,light (I–II),melanoma,melanocytic_Nevi,false
gzl30,benign_keratosis-like_lesions,benign_keratosis-like_lesions,0.8222,true,true,85.9,light (I–II),benign_keratosis-like_lesions,benign_keratosis-like_lesions,true
gzl32,melanocytic_Nevi,melanocytic_Nevi,0.9998,true,true,79.7,light (I–II),melanocytic_Nevi,melanocytic_Nevi,true
gzl34,melanocytic_Nevi,melanocytic_Nevi,0.9995,true,true,83.8,light (I–II),melanocytic_Nevi,melanocytic_Nevi,true
gzl36,melanocytic_Nevi,melanocytic_Nevi,0.9881,true,true,86.9,light (I–II),melanocytic_Nevi,melanocytic_Nevi,true
gzl38,basal_cell_carcinoma,basal_cell_carcinoma,0.8866,true,true,82.7,light (I–II),basal_cell_carcinoma,basal_cell_carcinoma,true
gzl42,melanocytic_Nevi,melanocytic_Nevi,0.9296,true,true,85.9,light (I–II),melanocytic_Nevi,melanocytic_Nevi,true
gzl46,benign_keratosis-like_lesions,melanocytic_Nevi,0.426,false,true,76.0,light (I–II),benign_keratosis-like_lesions,melanocytic_Nevi,false
gzl48,benign_keratosis-like_lesions,melanocytic_Nevi,0.9462,false,true,83.2,light (I–II),benign_keratosis-like_lesions,melanocytic_Nevi,false
gzl50,melanoma,melanocytic_Nevi,0.7919,false,true,80.8,light (I–II),melanoma,melanocytic_Nevi,false
gzl52,melanocytic_Nevi,basal_cell_carcinoma,0.6407,false,true,83.9,light (I–II),melanocytic_Nevi,basal_cell_carcinoma,false
gzl54,melanocytic_Nevi,melanocytic_Nevi,0.9978,true,true,80.3,light (I–II),melanocytic_Nevi,melanocytic_Nevi,true
gzl56,melanocytic_Nevi,melanocytic_Nevi,0.9854,true,true,86.9,light (I–II),melanocytic_Nevi,melanocytic_Nevi,true
gzl58,melanocytic_Nevi,melanocytic_Nevi,0.9948,true,true,88.3,light (I–II),melanocytic_Nevi,melanocytic_Nevi,true
gzl60,benign_keratosis-like_lesions,benign_keratosis-like_lesions,0.9599,true,true,87.9,light (I–II),benign_keratosis-like_lesions,benign_keratosis-like_lesions,true
gzl62,melanocytic_Nevi,melanocytic_Nevi,0.9966,true,true,86.0,light (I–II),melanocytic_Nevi,melanocytic_Nevi,true
gzl64,melanoma,melanocytic_Nevi,0.818,false,true,74.9,light (I–II),melanoma,melanocytic_Nevi,false
gzl66,melanocytic_Nevi,dermatofibroma,0.8952,false,true,60.6,light (I–II),melanocytic_Nevi,dermatofibroma,false
gzl68,melanocytic_Nevi,benign_keratosis-like_lesions,0.7893,false,true,82.6,light (I–II),melanocytic_Nevi,benign_keratosis-like_lesions,false
gzl70,melanocytic_Nevi,melanocytic_Nevi,0.9905,true,true,86.4,light (I–II),melanocytic_Nevi,melanocytic_Nevi,true
gzl72,benign_keratosis-like_lesions,melanocytic_Nevi,0.9963,false,true,62.3,light (I–II),benign_keratosis-like_lesions,melanocytic_Nevi,false
gzl74,vascular_lesions,melanocytic_Nevi,0.8916,false,false,76.6,light (I–II),vascular_lesions,melanocytic_Nevi,false
gzl76,melanoma,melanocytic_Nevi,0.9373,false,true,78.3,light (I–II),melanoma,melanocytic_Nevi,false
gzl78,melanoma,melanocytic_Nevi,0.9579,false,false,87.3,light (I–II),melanoma,melanocytic_Nevi,false
gzl80,melanocytic_Nevi,melanocytic_Nevi,0.9992,true,true,86.8,light (I–II),melanocytic_Nevi,melanocytic_Nevi,true
gzl82,melanocytic_Nevi,basal_cell_carcinoma,0.4715,false,true,89.9,light (I–II),melanocytic_Nevi,basal_cell_carcinoma,false
gzl84,melanocytic_Nevi,melanocytic_Nevi,0.877,true,true,87.7,light (I–II),melanocytic_Nevi,melanocytic_Nevi,true
gzl86,melanocytic_Nevi,melanocytic_Nevi,0.7561,true,true,87.0,light (I–II),melanocytic_Nevi,melanocytic_Nevi,true
gzl88,melanocytic_Nevi,vascular_lesions,0.5528,false,true,92.2,light (I–II),melanocytic_Nevi,vascular_lesions,false
nal095,melanoma,melanoma,0.4366,true,true,88.0,light (I–II),melanoma,melanoma,true
ndl013,melanocytic_Nevi,melanocytic_Nevi,0.9551,true,true,51.8,light (I–II),melanocytic_Nevi,melanocytic_Nevi,true
ndl085,melanocytic_Nevi,melanocytic_Nevi,0.7163,true,true,62.1,light (I–II),melanocytic_Nevi,melanocytic_Nevi,true
newl006,benign_keratosis-like_lesions,melanocytic_Nevi,0.8482,false,true,80.6,light (I–II),benign_keratosis-like_lesions,melanocytic_Nevi,false
newl008,benign_keratosis-like_lesions,melanocytic_Nevi,0.8977,false,false,87.3,light (I–II),benign_keratosis-like_lesions,melanocytic_Nevi,false
newl010,benign_keratosis-like_lesions,benign_keratosis-like_lesions,0.6814,true,true,86.1,light (I–II),benign_keratosis-like_lesions,benign_keratosis-like_lesions,true
newl012,benign_keratosis-like_lesions,melanocytic_Nevi,0.5219,false,true,87.4,light (I–II),benign_keratosis-like_lesions,melanocytic_Nevi,false
newl014,melanoma,melanocytic_Nevi,0.9895,false,true,79.8,light (I–II),melanoma,melanocytic_Nevi,false
newl016,vascular_lesions,vascular_lesions,0.9582,true,true,76.6,light (I–II),vascular_lesions,vascular_lesions,true
newl018,benign_keratosis-like_lesions,melanocytic_Nevi,0.7784,false,true,83.5,light (I–II),benign_keratosis-like_lesions,melanocytic_Nevi,false
newl020,benign_keratosis-like_lesions,dermatofibroma,0.5726,false,false,83.2,light (I–II),benign_keratosis-like_lesions,dermatofibroma,false
newl022,benign_keratosis-like_lesions,dermatofibroma,0.7945,false,true,86.4,light (I–II),benign_keratosis-like_lesions,dermatofibroma,false
newl024,benign_keratosis-like_lesions,melanocytic_Nevi,0.9869,false,true,81.5,light (I–II),benign_keratosis-like_lesions,melanocytic_Nevi,false
newl026,benign_keratosis-like_lesions,dermatofibroma,0.6331,false,true,83.2,light (I–II),benign_keratosis-like_lesions,dermatofibroma,false
newl030,melanocytic_Nevi,benign_keratosis-like_lesions,0.5966,false,true,78.6,light (I–II),melanocytic_Nevi,benign_keratosis-like_lesions,false
newl032,melanoma,melanocytic_Nevi,0.5991,false,true,36.8,medium (III–IV),melanoma,melanocytic_Nevi,false
newl034,melanocytic_Nevi,melanoma,0.5424,false,true,86.4,light (I–II),melanocytic_Nevi,melanoma,false
newl036,melanoma,melanoma,0.6162,true,true,83.7,light (I–II),melanoma,melanoma,true
newl039,melanocytic_Nevi,melanocytic_Nevi,0.6765,true,true,94.8,light (I–II),melanocytic_Nevi,melanocytic_Nevi,true
newl043,melanoma,melanoma,0.9339,true,true,-34.0,dark (V–VI),melanoma,melanoma,true
newl045,melanoma,melanoma,0.9339,true,true,58.3,light (I–II),melanoma,melanoma,true
newl047,melanoma,benign_keratosis-like_lesions,0.7394,false,true,45.3,light (I–II),melanoma,benign_keratosis-like_lesions,false
newl049,melanoma,melanoma,0.7385,true,true,96.9,light (I–II),melanoma,melanoma,true
newl051,melanoma,actinic_keratoses,0.3705,false,true,60.8,light (I–II),melanoma,actinic_keratoses,false
newl053,melanoma,benign_keratosis-like_lesions,0.5513,false,true,55.4,light (I–II),melanoma,benign_keratosis-like_lesions,false
newl055,melanoma,melanoma,0.8143,true,true,40.5,medium (III–IV),melanoma,melanoma,true
newl059,melanoma,melanoma,0.7546,true,true,39.8,medium (III–IV),melanoma,melanoma,true
nfl070,melanoma,melanocytic_Nevi,0.6289,false,true,80.3,light (I–II),melanoma,melanocytic_Nevi,false
nfl072,melanoma,melanocytic_Nevi,0.7942,false,true,81.6,light (I–II),melanoma,melanocytic_Nevi,false
nll014,melanoma,benign_keratosis-like_lesions,0.4296,false,true,71.5,light (I–II),melanoma,benign_keratosis-like_lesions,false
nll022,melanocytic_Nevi,melanocytic_Nevi,0.6245,true,true,66.1,light (I–II),melanocytic_Nevi,melanocytic_Nevi,true
nll026,melanocytic_Nevi,melanocytic_Nevi,0.9792,true,true,72.6,light (I–II),melanocytic_Nevi,melanocytic_Nevi,true
nll032,melanocytic_Nevi,benign_keratosis-like_lesions,0.409,false,true,71.5,light (I–II),melanocytic_Nevi,benign_keratosis-like_lesions,false
