id,top1_accuracy.true,top1_accuracy.pred,top1_accuracy.confidence,top1_accuracy.correct,top1_accuracy.in_top3,calibration.confidence,calibration.brier,gradcam_faithfulness.faithfulness,gradcam_faithfulness.random_control,skin_tone_ita.ita,skin_tone_ita.bin,skin_tone_ita.true,skin_tone_ita.pred,skin_tone_ita.correct
ISIC_0024342,melanocytic_Nevi,melanocytic_Nevi,0.9423,true,true,0.9423,0.0045,0.903,0.933,71.4,light (I–II),melanocytic_Nevi,melanocytic_Nevi,true
ISIC_0024348,melanocytic_Nevi,melanocytic_Nevi,0.9976,true,true,0.9976,0.0,0.968,0.061,26.7,medium (III–IV),melanocytic_Nevi,melanocytic_Nevi,true
ISIC_0024353,melanocytic_Nevi,melanocytic_Nevi,1.0,true,true,1.0,0.0,0.999,0.034,58.2,light (I–II),melanocytic_Nevi,melanocytic_Nevi,true
ISIC_0024354,melanocytic_Nevi,melanocytic_Nevi,0.9915,true,true,0.9915,0.0001,0.982,0.987,76.0,light (I–II),melanocytic_Nevi,melanocytic_Nevi,true
ISIC_0024359,melanocytic_Nevi,melanocytic_Nevi,1.0,true,true,1.0,0.0,0.829,0.694,25.0,medium (III–IV),melanocytic_Nevi,melanocytic_Nevi,true
ISIC_0024360,basal_cell_carcinoma,basal_cell_carcinoma,0.976,true,true,0.976,0.0007,0.976,0.611,90.0,light (I–II),basal_cell_carcinoma,basal_cell_carcinoma,true
ISIC_0024362,melanocytic_Nevi,melanocytic_Nevi,0.9998,true,true,0.9998,0.0,0.996,0.725,42.1,light (I–II),melanocytic_Nevi,melanocytic_Nevi,true
ISIC_0024364,melanocytic_Nevi,melanocytic_Nevi,0.9978,true,true,0.9978,0.0,0.996,0.862,45.0,light (I–II),melanocytic_Nevi,melanocytic_Nevi,true
ISIC_0024371,benign_keratosis-like_lesions,benign_keratosis-like_lesions,0.8003,true,true,0.8003,0.0552,0.767,0.273,68.9,light (I–II),benign_keratosis-like_lesions,benign_keratosis-like_lesions,true
ISIC_0024374,melanocytic_Nevi,melanocytic_Nevi,0.9954,true,true,0.9954,0.0,0.992,0.016,66.9,light (I–II),melanocytic_Nevi,melanocytic_Nevi,true
ISIC_0024388,melanocytic_Nevi,melanocytic_Nevi,0.9764,true,true,0.9764,0.0007,0.964,0.545,35.5,medium (III–IV),melanocytic_Nevi,melanocytic_Nevi,true
ISIC_0024395,melanocytic_Nevi,melanocytic_Nevi,0.8869,true,true,0.8869,0.0255,0.858,0.764,87.6,light (I–II),melanocytic_Nevi,melanocytic_Nevi,true
ISIC_0024406,melanocytic_Nevi,melanocytic_Nevi,0.994,true,true,0.994,0.0001,0.986,0.074,61.6,light (I–II),melanocytic_Nevi,melanocytic_Nevi,true
ISIC_0024414,melanocytic_Nevi,melanocytic_Nevi,0.9999,true,true,0.9999,0.0,0.923,0.182,71.1,light (I–II),melanocytic_Nevi,melanocytic_Nevi,true
ISIC_0024427,melanocytic_Nevi,melanocytic_Nevi,0.9997,true,true,0.9997,0.0,0.998,0.01,79.8,light (I–II),melanocytic_Nevi,melanocytic_Nevi,true
ISIC_0024428,melanocytic_Nevi,melanocytic_Nevi,1.0,true,true,1.0,0.0,0.988,0.012,60.1,light (I–II),melanocytic_Nevi,melanocytic_Nevi,true
ISIC_0024432,basal_cell_carcinoma,basal_cell_carcinoma,0.6693,true,true,0.6693,0.1525,0.667,0.592,56.4,light (I–II),basal_cell_carcinoma,basal_cell_carcinoma,true
ISIC_0024437,melanocytic_Nevi,melanocytic_Nevi,0.9104,true,true,0.9104,0.0119,0.906,0.903,112.0,light (I–II),melanocytic_Nevi,melanocytic_Nevi,true
ISIC_0024441,melanocytic_Nevi,melanocytic_Nevi,0.9494,true,true,0.9494,0.0042,0.936,0.435,99.0,light (I–II),melanocytic_Nevi,melanocytic_Nevi,true
ISIC_0024451,melanocytic_Nevi,dermatofibroma,0.6217,false,true,0.6217,0.7773,0.581,0.174,74.0,light (I–II),melanocytic_Nevi,dermatofibroma,false
ISIC_0024454,basal_cell_carcinoma,basal_cell_carcinoma,0.8728,true,true,0.8728,0.0258,0.872,0.728,68.9,light (I–II),basal_cell_carcinoma,basal_cell_carcinoma,true
ISIC_0024465,melanocytic_Nevi,melanocytic_Nevi,0.9957,true,true,0.9957,0.0,0.989,0.944,29.9,medium (III–IV),melanocytic_Nevi,melanocytic_Nevi,true
ISIC_0024469,melanocytic_Nevi,melanocytic_Nevi,0.9987,true,true,0.9987,0.0,0.998,0.995,70.5,light (I–II),melanocytic_Nevi,melanocytic_Nevi,true
ISIC_0024482,melanoma,melanoma,0.4291,true,true,0.4291,0.4321,0.424,0.313,75.8,light (I–II),melanoma,melanoma,true
ISIC_0024483,melanocytic_Nevi,melanocytic_Nevi,1.0,true,true,1.0,0.0,0.999,0.438,35.6,medium (III–IV),melanocytic_Nevi,melanocytic_Nevi,true
ISIC_0024487,melanocytic_Nevi,melanocytic_Nevi,0.9984,true,true,0.9984,0.0,0.998,0.788,76.0,light (I–II),melanocytic_Nevi,melanocytic_Nevi,true
ISIC_0024488,melanocytic_Nevi,melanocytic_Nevi,0.9808,true,true,0.9808,0.0007,0.98,0.159,47.2,light (I–II),melanocytic_Nevi,melanocytic_Nevi,true
ISIC_0024492,melanocytic_Nevi,melanocytic_Nevi,0.9998,true,true,0.9998,0.0,0.996,0.207,12.1,dark (V–VI),melanocytic_Nevi,melanocytic_Nevi,true
ISIC_0024501,melanocytic_Nevi,melanocytic_Nevi,0.9997,true,true,0.9997,0.0,0.996,0.291,64.4,light (I–II),melanocytic_Nevi,melanocytic_Nevi,true
ISIC_0024519,melanocytic_Nevi,melanocytic_Nevi,0.809,true,true,0.809,0.0607,0.8,0.363,82.6,light (I–II),melanocytic_Nevi,melanocytic_Nevi,true
ISIC_0024524,melanocytic_Nevi,melanocytic_Nevi,0.9658,true,true,0.9658,0.0018,0.964,0.93,95.8,light (I–II),melanocytic_Nevi,melanocytic_Nevi,true
ISIC_0024557,melanocytic_Nevi,melanocytic_Nevi,0.9999,true,true,0.9999,0.0,0.998,0.511,62.6,light (I–II),melanocytic_Nevi,melanocytic_Nevi,true
ISIC_0024559,melanocytic_Nevi,melanocytic_Nevi,0.9992,true,true,0.9992,0.0,0.98,0.01,75.7,light (I–II),melanocytic_Nevi,melanocytic_Nevi,true
ISIC_0024560,melanocytic_Nevi,melanocytic_Nevi,0.7121,true,true,0.7121,0.1186,0.683,0.0,75.9,light (I–II),melanocytic_Nevi,melanocytic_Nevi,true
ISIC_0024565,melanocytic_Nevi,melanocytic_Nevi,0.9461,true,true,0.9461,0.0044,0.935,0.142,102.4,light (I–II),melanocytic_Nevi,melanocytic_Nevi,true
ISIC_0024578,melanocytic_Nevi,melanocytic_Nevi,0.6826,true,true,0.6826,0.1396,0.679,0.428,104.8,light (I–II),melanocytic_Nevi,melanocytic_Nevi,true
ISIC_0024582,basal_cell_carcinoma,basal_cell_carcinoma,0.9843,true,true,0.9843,0.0004,0.984,0.277,66.3,light (I–II),basal_cell_carcinoma,basal_cell_carcinoma,true
ISIC_0024587,melanocytic_Nevi,melanocytic_Nevi,0.9043,true,true,0.9043,0.0152,0.627,0.616,72.1,light (I–II),melanocytic_Nevi,melanocytic_Nevi,true
ISIC_0024592,benign_keratosis-like_lesions,benign_keratosis-like_lesions,0.98,true,true,0.98,0.0006,0.08,0.017,79.1,light (I–II),benign_keratosis-like_lesions,benign_keratosis-like_lesions,true
ISIC_0024593,melanocytic_Nevi,melanocytic_Nevi,0.9921,true,true,0.9921,0.0001,0.839,0.127,35.2,medium (III–IV),melanocytic_Nevi,melanocytic_Nevi,true
ISIC_0024599,melanocytic_Nevi,melanocytic_Nevi,0.4026,true,true,0.4026,0.5356,0.37,0.0,58.7,light (I–II),melanocytic_Nevi,melanocytic_Nevi,true
ISIC_0024613,melanocytic_Nevi,melanocytic_Nevi,0.9924,true,true,0.9924,0.0001,0.979,0.99,49.1,light (I–II),melanocytic_Nevi,melanocytic_Nevi,true
ISIC_0024616,melanocytic_Nevi,melanocytic_Nevi,0.8837,true,true,0.8837,0.0213,0.236,0.232,11.6,dark (V–VI),melanocytic_Nevi,melanocytic_Nevi,true
ISIC_0024622,melanocytic_Nevi,melanocytic_Nevi,0.9997,true,true,0.9997,0.0,0.989,0.074,61.1,light (I–II),melanocytic_Nevi,melanocytic_Nevi,true
ISIC_0024636,melanocytic_Nevi,melanocytic_Nevi,0.9833,true,true,0.9833,0.0004,0.959,0.913,55.4,light (I–II),melanocytic_Nevi,melanocytic_Nevi,true
ISIC_0024641,melanocytic_Nevi,melanocytic_Nevi,0.9999,true,true,0.9999,0.0,0.996,0.021,82.6,light (I–II),melanocytic_Nevi,melanocytic_Nevi,true
ISIC_0024644,melanoma,melanoma,0.5873,true,true,0.5873,0.2319,0.543,0.065,1.9,dark (V–VI),melanoma,melanoma,true
ISIC_0024647,melanoma,benign_keratosis-like_lesions,0.3849,false,true,0.3849,0.6321,0.0,0.0,-84.5,dark (V–VI),melanoma,benign_keratosis-like_lesions,false
ISIC_0024658,melanocytic_Nevi,melanocytic_Nevi,0.9985,true,true,0.9985,0.0,0.984,0.392,95.6,light (I–II),melanocytic_Nevi,melanocytic_Nevi,true
ISIC_0024661,melanocytic_Nevi,melanocytic_Nevi,0.9995,true,true,0.9995,0.0,0.966,0.174,31.4,medium (III–IV),melanocytic_Nevi,melanocytic_Nevi,true
ISIC_0024673,basal_cell_carcinoma,basal_cell_carcinoma,0.7174,true,true,0.7174,0.1488,0.717,0.675,93.4,light (I–II),basal_cell_carcinoma,basal_cell_carcinoma,true
ISIC_0024686,melanocytic_Nevi,melanocytic_Nevi,0.9999,true,true,0.9999,0.0,0.98,0.963,59.3,light (I–II),melanocytic_Nevi,melanocytic_Nevi,true
ISIC_0024688,melanoma,melanocytic_Nevi,0.6777,false,true,0.6777,0.9194,0.0,0.0,99.6,light (I–II),melanoma,melanocytic_Nevi,false
ISIC_0024695,melanocytic_Nevi,melanocytic_Nevi,0.99,true,true,0.99,0.0001,0.975,0.322,64.1,light (I–II),melanocytic_Nevi,melanocytic_Nevi,true
ISIC_0024697,melanocytic_Nevi,melanoma,0.5571,false,true,0.5571,0.6282,0.253,0.0,96.1,light (I–II),melanocytic_Nevi,melanoma,false
ISIC_0024710,actinic_keratoses,actinic_keratoses,0.816,true,true,0.816,0.0651,0.816,0.48,96.4,light (I–II),actinic_keratoses,actinic_keratoses,true
ISIC_0024722,melanocytic_Nevi,melanocytic_Nevi,0.9993,true,true,0.9993,0.0,0.94,0.045,40.9,medium (III–IV),melanocytic_Nevi,melanocytic_Nevi,true
ISIC_0024725,melanocytic_Nevi,melanocytic_Nevi,0.981,true,true,0.981,0.0007,0.959,0.006,109.2,light (I–II),melanocytic_Nevi,melanocytic_Nevi,true
ISIC_0024747,vascular_lesions,vascular_lesions,0.5778,true,true,0.5778,0.2868,0.0,0.0,92.7,light (I–II),vascular_lesions,vascular_lesions,true
ISIC_0024750,melanocytic_Nevi,melanocytic_Nevi,0.9935,true,true,0.9935,0.0001,0.991,0.977,17.8,dark (V–VI),melanocytic_Nevi,melanocytic_Nevi,true
ISIC_0024752,melanocytic_Nevi,melanoma,0.6133,false,true,0.6133,0.7581,0.142,0.018,93.6,light (I–II),melanocytic_Nevi,melanoma,false
ISIC_0024754,melanocytic_Nevi,melanocytic_Nevi,0.9992,true,true,0.9992,0.0,0.969,0.191,62.3,light (I–II),melanocytic_Nevi,melanocytic_Nevi,true
ISIC_0024755,melanocytic_Nevi,melanocytic_Nevi,0.9825,true,true,0.9825,0.0004,0.969,0.135,81.1,light (I–II),melanocytic_Nevi,melanocytic_Nevi,true
ISIC_0024756,melanoma,melanocytic_Nevi,0.4701,false,true,0.4701,0.5242,0.255,0.0,103.8,light (I–II),melanoma,melanocytic_Nevi,false
ISIC_0024760,benign_keratosis-like_lesions,actinic_keratoses,0.6205,false,true,0.6205,0.8727,0.62,0.443,76.9,light (I–II),benign_keratosis-like_lesions,actinic_keratoses,false
ISIC_0024772,benign_keratosis-like_lesions,benign_keratosis-like_lesions,0.7349,true,true,0.7349,0.0962,0.539,0.105,80.0,light (I–II),benign_keratosis-like_lesions,benign_keratosis-like_lesions,true
ISIC_0024777,melanocytic_Nevi,benign_keratosis-like_lesions,0.5788,false,true,0.5788,0.6968,0.0,0.0,60.9,light (I–II),melanocytic_Nevi,benign_keratosis-like_lesions,false
ISIC_0024787,basal_cell_carcinoma,basal_cell_carcinoma,0.7865,true,true,0.7865,0.0643,0.786,0.68,69.5,light (I–II),basal_cell_carcinoma,basal_cell_carcinoma,true
ISIC_0024794,melanocytic_Nevi,melanocytic_Nevi,0.9998,true,true,0.9998,0.0,0.991,0.992,21.4,medium (III–IV),melanocytic_Nevi,melanocytic_Nevi,true
ISIC_0024797,melanocytic_Nevi,melanocytic_Nevi,0.997,true,true,0.997,0.0,0.997,0.97,43.8,light (I–II),melanocytic_Nevi,melanocytic_Nevi,true
ISIC_0024808,melanocytic_Nevi,melanocytic_Nevi,0.827,true,true,0.827,0.0576,0.819,0.359,70.7,light (I–II),melanocytic_Nevi,melanocytic_Nevi,true
ISIC_0024810,melanocytic_Nevi,melanocytic_Nevi,0.9974,true,true,0.9974,0.0,0.987,0.413,57.4,light (I–II),melanocytic_Nevi,melanocytic_Nevi,true
ISIC_0024818,melanocytic_Nevi,melanoma,0.5081,false,true,0.5081,0.6203,0.505,0.505,138.4,light (I–II),melanocytic_Nevi,melanoma,false
ISIC_0024829,basal_cell_carcinoma,basal_cell_carcinoma,0.9766,true,true,0.9766,0.0007,0.977,0.976,84.4,light (I–II),basal_cell_carcinoma,basal_cell_carcinoma,true
ISIC_0024830,melanocytic_Nevi,melanocytic_Nevi,0.7449,true,true,0.7449,0.1118,0.715,0.559,114.9,light (I–II),melanocytic_Nevi,melanocytic_Nevi,true
ISIC_0024833,basal_cell_carcinoma,basal_cell_carcinoma,0.7112,true,true,0.7112,0.1162,0.711,0.708,75.5,light (I–II),basal_cell_carcinoma,basal_cell_carcinoma,true
ISIC_0024835,melanocytic_Nevi,melanocytic_Nevi,0.9994,true,true,0.9994,0.0,0.998,0.472,73.6,light (I–II),melanocytic_Nevi,melanocytic_Nevi,true
ISIC_0024848,basal_cell_carcinoma,basal_cell_carcinoma,0.9791,true,true,0.9791,0.0008,0.977,0.052,53.8,light (I–II),basal_cell_carcinoma,basal_cell_carcinoma,true
ISIC_0024849,melanocytic_Nevi,melanocytic_Nevi,0.9955,true,true,0.9955,0.0,0.953,0.93,51.3,light (I–II),melanocytic_Nevi,melanocytic_Nevi,true
ISIC_0024857,melanocytic_Nevi,melanocytic_Nevi,0.9013,true,true,0.9013,0.0163,0.742,0.09,109.4,light (I–II),melanocytic_Nevi,melanocytic_Nevi,true
ISIC_0024873,melanocytic_Nevi,melanocytic_Nevi,0.9998,true,true,0.9998,0.0,0.971,0.797,71.6,light (I–II),melanocytic_Nevi,melanocytic_Nevi,true
ISIC_0024875,melanoma,basal_cell_carcinoma,0.5902,false,true,0.5902,0.8591,0.59,0.421,62.8,light (I–II),melanoma,basal_cell_carcinoma,false
ISIC_0024898,melanoma,melanoma,0.5927,true,true,0.5927,0.3283,0.541,0.0,99.4,light (I–II),melanoma,melanoma,true
ISIC_0024900,melanoma,melanoma,0.6489,true,true,0.6489,0.1636,0.649,0.466,69.1,light (I–II),melanoma,melanoma,true
ISIC_0024916,melanocytic_Nevi,benign_keratosis-like_lesions,0.4421,false,true,0.4421,0.6362,0.44,0.374,99.1,light (I–II),melanocytic_Nevi,benign_keratosis-like_lesions,false
ISIC_0024923,actinic_keratoses,actinic_keratoses,0.9972,true,true,0.9972,0.0,0.997,0.993,66.8,light (I–II),actinic_keratoses,actinic_keratoses,true
ISIC_0024926,melanocytic_Nevi,melanocytic_Nevi,0.8931,true,true,0.8931,0.0224,0.857,0.407,62.2,light (I–II),melanocytic_Nevi,melanocytic_Nevi,true
ISIC_0024931,basal_cell_carcinoma,basal_cell_carcinoma,0.7239,true,true,0.7239,0.1388,0.724,0.561,49.0,light (I–II),basal_cell_carcinoma,basal_cell_carcinoma,true
ISIC_0024935,melanocytic_Nevi,benign_keratosis-like_lesions,0.5059,false,true,0.5059,0.9539,0.44,0.326,26.5,medium (III–IV),melanocytic_Nevi,benign_keratosis-like_lesions,false
ISIC_0024943,benign_keratosis-like_lesions,benign_keratosis-like_lesions,0.967,true,true,0.967,0.0014,0.747,0.028,34.7,medium (III–IV),benign_keratosis-like_lesions,benign_keratosis-like_lesions,true
ISIC_0024955,melanocytic_Nevi,melanocytic_Nevi,0.7489,true,true,0.7489,0.0809,0.748,0.742,97.6,light (I–II),melanocytic_Nevi,melanocytic_Nevi,true
ISIC_0024960,melanocytic_Nevi,melanocytic_Nevi,1.0,true,true,1.0,0.0,0.99,0.005,36.6,medium (III–IV),melanocytic_Nevi,melanocytic_Nevi,true
ISIC_0024971,benign_keratosis-like_lesions,benign_keratosis-like_lesions,0.9852,true,true,0.9852,0.0004,0.518,0.0,99.4,light (I–II),benign_keratosis-like_lesions,benign_keratosis-like_lesions,true
ISIC_0024974,melanocytic_Nevi,melanocytic_Nevi,1.0,true,true,1.0,0.0,0.998,0.009,66.6,light (I–II),melanocytic_Nevi,melanocytic_Nevi,true
ISIC_0024976,melanocytic_Nevi,melanocytic_Nevi,0.9916,true,true,0.9916,0.0001,0.99,0.109,66.0,light (I–II),melanocytic_Nevi,melanocytic_Nevi,true
ISIC_0024977,melanocytic_Nevi,melanocytic_Nevi,0.9999,true,true,0.9999,0.0,0.959,0.034,27.9,medium (III–IV),melanocytic_Nevi,melanocytic_Nevi,true
ISIC_0024978,melanocytic_Nevi,melanocytic_Nevi,0.9999,true,true,0.9999,0.0,0.997,0.23,26.7,medium (III–IV),melanocytic_Nevi,melanocytic_Nevi,true
ISIC_0024979,melanocytic_Nevi,melanocytic_Nevi,0.9855,true,true,0.9855,0.0003,0.975,0.954,72.3,light (I–II),melanocytic_Nevi,melanocytic_Nevi,true
ISIC_0024981,benign_keratosis-like_lesions,melanocytic_Nevi,0.5711,false,true,0.5711,1.2135,0.562,0.0,89.5,light (I–II),benign_keratosis-like_lesions,melanocytic_Nevi,false
ISIC_0024988,melanocytic_Nevi,melanocytic_Nevi,0.9407,true,true,0.9407,0.005,0.935,0.424,65.1,light (I–II),melanocytic_Nevi,melanocytic_Nevi,true
ISIC_0024990,melanocytic_Nevi,melanocytic_Nevi,0.9999,true,true,0.9999,0.0,0.988,0.117,46.6,light (I–II),melanocytic_Nevi,melanocytic_Nevi,true
ISIC_0024997,benign_keratosis-like_lesions,benign_keratosis-like_lesions,0.9866,true,true,0.9866,0.0002,0.623,0.247,102.0,light (I–II),benign_keratosis-like_lesions,benign_keratosis-like_lesions,true
ISIC_0024998,melanocytic_Nevi,melanocytic_Nevi,0.9267,true,true,0.9267,0.009,0.88,0.063,96.2,light (I–II),melanocytic_Nevi,melanocytic_Nevi,true
ISIC_0025006,melanocytic_Nevi,melanocytic_Nevi,1.0,true,true,1.0,0.0,0.999,0.982,63.9,light (I–II),melanocytic_Nevi,melanocytic_Nevi,true
ISIC_0025009,melanocytic_Nevi,melanocytic_Nevi,0.9861,true,true,0.9861,0.0003,0.985,0.43,102.9,light (I–II),melanocytic_Nevi,melanocytic_Nevi,true
ISIC_0025011,melanocytic_Nevi,melanocytic_Nevi,1.0,true,true,1.0,0.0,0.976,0.11,42.0,light (I–II),melanocytic_Nevi,melanocytic_Nevi,true
ISIC_0025012,melanocytic_Nevi,melanocytic_Nevi,1.0,true,true,1.0,0.0,0.996,0.004,77.4,light (I–II),melanocytic_Nevi,melanocytic_Nevi,true
ISIC_0025015,melanocytic_Nevi,melanocytic_Nevi,1.0,true,true,1.0,0.0,0.999,0.095,70.0,light (I–II),melanocytic_Nevi,melanocytic_Nevi,true
ISIC_0025019,basal_cell_carcinoma,actinic_keratoses,0.8346,false,true,0.8346,1.4494,0.834,0.822,96.8,light (I–II),basal_cell_carcinoma,actinic_keratoses,false
ISIC_0025022,melanocytic_Nevi,melanocytic_Nevi,0.9985,true,true,0.9985,0.0,0.797,0.331,71.0,light (I–II),melanocytic_Nevi,melanocytic_Nevi,true
ISIC_0025026,melanocytic_Nevi,melanocytic_Nevi,0.9983,true,true,0.9983,0.0,0.998,0.022,64.9,light (I–II),melanocytic_Nevi,melanocytic_Nevi,true
ISIC_0025043,melanocytic_Nevi,basal_cell_carcinoma,0.6606,false,true,0.6606,1.2835,0.647,0.628,81.9,light (I–II),melanocytic_Nevi,basal_cell_carcinoma,false
ISIC_0025058,melanocytic_Nevi,melanocytic_Nevi,0.9996,true,true,0.9996,0.0,0.999,0.37,64.6,light (I–II),melanocytic_Nevi,melanocytic_Nevi,true
ISIC_0025060,melanocytic_Nevi,melanocytic_Nevi,0.9995,true,true,0.9995,0.0,0.972,0.126,68.1,light (I–II),melanocytic_Nevi,melanocytic_Nevi,true
ISIC_0025066,benign_keratosis-like_lesions,actinic_keratoses,0.8728,false,true,0.8728,1.5319,0.872,0.617,107.8,light (I–II),benign_keratosis-like_lesions,actinic_keratoses,false
ISIC_0025067,melanocytic_Nevi,melanocytic_Nevi,0.9971,true,true,0.9971,0.0,0.693,0.096,52.2,light (I–II),melanocytic_Nevi,melanocytic_Nevi,true
ISIC_0025078,melanocytic_Nevi,melanocytic_Nevi,0.9655,true,true,0.9655,0.0023,0.743,0.292,104.5,light (I–II),melanocytic_Nevi,melanocytic_Nevi,true
ISIC_0025079,melanocytic_Nevi,melanocytic_Nevi,1.0,true,true,1.0,0.0,0.999,0.035,69.9,light (I–II),melanocytic_Nevi,melanocytic_Nevi,true
ISIC_0025086,benign_keratosis-like_lesions,benign_keratosis-like_lesions,0.9056,true,true,0.9056,0.0128,0.0,0.064,120.0,light (I–II),benign_keratosis-like_lesions,benign_keratosis-like_lesions,true
ISIC_0025092,melanocytic_Nevi,melanocytic_Nevi,0.9997,true,true,0.9997,0.0,0.998,0.482,59.8,light (I–II),melanocytic_Nevi,melanocytic_Nevi,true
ISIC_0025099,benign_keratosis-like_lesions,benign_keratosis-like_lesions,0.926,true,true,0.926,0.0102,0.925,0.311,127.8,light (I–II),benign_keratosis-like_lesions,benign_keratosis-like_lesions,true
ISIC_0025102,basal_cell_carcinoma,basal_cell_carcinoma,0.9966,true,true,0.9966,0.0,0.997,0.25,85.4,light (I–II),basal_cell_carcinoma,basal_cell_carcinoma,true
ISIC_0025109,melanocytic_Nevi,melanocytic_Nevi,0.9502,true,true,0.9502,0.0033,0.468,0.064,62.8,light (I–II),melanocytic_Nevi,melanocytic_Nevi,true
ISIC_0025120,melanocytic_Nevi,melanocytic_Nevi,0.9884,true,true,0.9884,0.0003,0.938,0.132,82.2,light (I–II),melanocytic_Nevi,melanocytic_Nevi,true
ISIC_0025122,melanocytic_Nevi,melanocytic_Nevi,0.8982,true,true,0.8982,0.0165,0.879,0.864,98.3,light (I–II),melanocytic_Nevi,melanocytic_Nevi,true
ISIC_0025132,melanoma,melanoma,0.7522,true,true,0.7522,0.0917,0.747,0.281,89.8,light (I–II),melanoma,melanoma,true
ISIC_0025145,melanoma,melanoma,0.7415,true,true,0.7415,0.1303,0.451,0.037,65.1,light (I–II),melanoma,melanoma,true
ISIC_0025157,benign_keratosis-like_lesions,actinic_keratoses,0.7594,false,true,0.7594,1.1816,0.759,0.744,76.0,light (I–II),benign_keratosis-like_lesions,actinic_keratoses,false
ISIC_0025160,melanocytic_Nevi,melanocytic_Nevi,0.8084,true,true,0.8084,0.0577,0.8,0.755,101.0,light (I–II),melanocytic_Nevi,melanocytic_Nevi,true
ISIC_0025163,melanocytic_Nevi,melanocytic_Nevi,0.973,true,true,0.973,0.0012,0.797,0.134,78.0,light (I–II),melanocytic_Nevi,melanocytic_Nevi,true
ISIC_0025167,melanocytic_Nevi,melanocytic_Nevi,1.0,true,true,1.0,0.0,0.992,0.862,54.8,light (I–II),melanocytic_Nevi,melanocytic_Nevi,true
ISIC_0025179,melanocytic_Nevi,melanocytic_Nevi,0.5702,true,true,0.5702,0.2851,0.555,0.221,97.0,light (I–II),melanocytic_Nevi,melanocytic_Nevi,true
ISIC_0025182,actinic_keratoses,actinic_keratoses,0.9568,true,true,0.9568,0.0023,0.957,0.812,89.9,light (I–II),actinic_keratoses,actinic_keratoses,true
ISIC_0025190,melanocytic_Nevi,melanocytic_Nevi,0.9999,true,true,0.9999,0.0,0.906,0.003,70.3,light (I–II),melanocytic_Nevi,melanocytic_Nevi,true
ISIC_0025196,actinic_keratoses,actinic_keratoses,0.9909,true,true,0.9909,0.0001,0.991,0.602,102.0,light (I–II),actinic_keratoses,actinic_keratoses,true
ISIC_0025204,melanocytic_Nevi,melanocytic_Nevi,0.9946,true,true,0.9946,0.0,0.978,0.837,70.0,light (I–II),melanocytic_Nevi,melanocytic_Nevi,true
ISIC_0025215,melanocytic_Nevi,melanocytic_Nevi,0.9998,true,true,0.9998,0.0,0.999,0.996,44.1,light (I–II),melanocytic_Nevi,melanocytic_Nevi,true
ISIC_0025247,actinic_keratoses,actinic_keratoses,0.9532,true,true,0.9532,0.0041,0.953,0.208,91.7,light (I–II),actinic_keratoses,actinic_keratoses,true
ISIC_0025248,melanoma,melanoma,0.5884,true,true,0.5884,0.2282,0.581,0.263,70.2,light (I–II),melanoma,melanoma,true
ISIC_0025254,melanocytic_Nevi,melanoma,0.5027,false,true,0.5027,0.6371,0.463,0.375,93.7,light (I–II),melanocytic_Nevi,melanoma,false
ISIC_0025257,melanocytic_Nevi,benign_keratosis-like_lesions,0.8637,false,true,0.8637,1.6273,0.735,0.0,96.3,light (I–II),melanocytic_Nevi,benign_keratosis-like_lesions,false
ISIC_0025259,melanocytic_Nevi,melanocytic_Nevi,0.9975,true,true,0.9975,0.0,0.993,0.132,83.3,light (I–II),melanocytic_Nevi,melanocytic_Nevi,true
ISIC_0025271,melanocytic_Nevi,melanocytic_Nevi,0.4698,true,true,0.4698,0.4031,0.454,0.201,89.6,light (I–II),melanocytic_Nevi,melanocytic_Nevi,true
ISIC_0025277,melanoma,melanoma,0.4167,true,true,0.4167,0.4595,0.403,0.06,-164.0,dark (V–VI),melanoma,melanoma,true
ISIC_0025279,melanocytic_Nevi,melanocytic_Nevi,0.9972,true,true,0.9972,0.0,0.994,0.099,70.5,light (I–II),melanocytic_Nevi,melanocytic_Nevi,true
ISIC_0025294,melanocytic_Nevi,melanocytic_Nevi,1.0,true,true,1.0,0.0,0.999,0.159,42.5,light (I–II),melanocytic_Nevi,melanocytic_Nevi,true
ISIC_0025298,melanocytic_Nevi,melanocytic_Nevi,0.9987,true,true,0.9987,0.0,0.952,0.014,85.7,light (I–II),melanocytic_Nevi,melanocytic_Nevi,true
ISIC_0025304,melanocytic_Nevi,melanocytic_Nevi,0.9986,true,true,0.9986,0.0,0.997,0.048,90.8,light (I–II),melanocytic_Nevi,melanocytic_Nevi,true
ISIC_0025305,melanocytic_Nevi,melanocytic_Nevi,0.7208,true,true,0.7208,0.1547,0.596,0.098,86.9,light (I–II),melanocytic_Nevi,melanocytic_Nevi,true
ISIC_0025306,melanocytic_Nevi,melanocytic_Nevi,1.0,true,true,1.0,0.0,0.993,0.144,78.2,light (I–II),melanocytic_Nevi,melanocytic_Nevi,true
ISIC_0025308,melanocytic_Nevi,melanocytic_Nevi,1.0,true,true,1.0,0.0,1.0,0.618,49.8,light (I–II),melanocytic_Nevi,melanocytic_Nevi,true
ISIC_0025313,melanoma,melanocytic_Nevi,0.6269,false,true,0.6269,0.8235,0.332,0.434,99.4,light (I–II),melanoma,melanocytic_Nevi,false
ISIC_0025317,melanoma,melanoma,0.6833,true,true,0.6833,0.1318,0.667,0.0,67.8,light (I–II),melanoma,melanoma,true
ISIC_0025318,melanocytic_Nevi,melanocytic_Nevi,0.9999,true,true,0.9999,0.0,0.998,0.002,49.4,light (I–II),melanocytic_Nevi,melanocytic_Nevi,true
ISIC_0025326,benign_keratosis-like_lesions,actinic_keratoses,0.6816,false,true,0.6816,1.0613,0.681,0.325,81.0,light (I–II),benign_keratosis-like_lesions,actinic_keratoses,false
ISIC_0025328,melanocytic_Nevi,melanocytic_Nevi,0.9937,true,true,0.9937,0.0001,0.98,0.959,87.1,light (I–II),melanocytic_Nevi,melanocytic_Nevi,true
ISIC_0025333,melanocytic_Nevi,melanocytic_Nevi,0.997,true,true,0.997,0.0,0.984,0.264,39.9,medium (III–IV),melanocytic_Nevi,melanocytic_Nevi,true
ISIC_0025347,melanocytic_Nevi,melanocytic_Nevi,0.9999,true,true,0.9999,0.0,0.962,0.038,55.7,light (I–II),melanocytic_Nevi,melanocytic_Nevi,true
ISIC_0025358,actinic_keratoses,actinic_keratoses,0.9966,true,true,0.9966,0.0,0.996,0.899,55.7,light (I–II),actinic_keratoses,actinic_keratoses,true
ISIC_0025373,dermatofibroma,dermatofibroma,0.9998,true,true,0.9998,0.0,0.996,0.704,96.2,light (I–II),dermatofibroma,dermatofibroma,true
ISIC_0025376,benign_keratosis-like_lesions,benign_keratosis-like_lesions,0.8207,true,true,0.8207,0.0592,0.0,0.218,120.6,light (I–II),benign_keratosis-like_lesions,benign_keratosis-like_lesions,true
ISIC_0025377,melanocytic_Nevi,melanocytic_Nevi,0.9804,true,true,0.9804,0.0007,0.972,0.241,40.1,medium (III–IV),melanocytic_Nevi,melanocytic_Nevi,true
ISIC_0025387,benign_keratosis-like_lesions,benign_keratosis-like_lesions,0.9824,true,true,0.9824,0.0005,0.758,0.093,107.0,light (I–II),benign_keratosis-like_lesions,benign_keratosis-like_lesions,true
ISIC_0025409,melanoma,melanoma,0.4622,true,true,0.4622,0.3753,0.46,0.423,159.3,light (I–II),melanoma,melanoma,true
ISIC_0025413,melanoma,melanoma,0.8821,true,true,0.8821,0.0212,0.766,0.066,87.3,light (I–II),melanoma,melanoma,true
ISIC_0025424,melanocytic_Nevi,melanocytic_Nevi,0.7659,true,true,0.7659,0.1095,0.758,0.0,84.3,light (I–II),melanocytic_Nevi,melanocytic_Nevi,true
ISIC_0025428,melanocytic_Nevi,melanocytic_Nevi,0.9552,true,true,0.9552,0.0026,0.94,0.031,126.6,light (I–II),melanocytic_Nevi,melanocytic_Nevi,true
ISIC_0025430,melanocytic_Nevi,melanocytic_Nevi,0.9719,true,true,0.9719,0.0012,0.746,0.452,62.5,light (I–II),melanocytic_Nevi,melanocytic_Nevi,true
ISIC_0025432,melanocytic_Nevi,melanocytic_Nevi,0.9892,true,true,0.9892,0.0002,0.975,0.757,61.5,light (I–II),melanocytic_Nevi,melanocytic_Nevi,true
ISIC_0025436,melanocytic_Nevi,melanocytic_Nevi,0.9361,true,true,0.9361,0.0078,0.557,0.128,90.7,light (I–II),melanocytic_Nevi,melanocytic_Nevi,true
ISIC_0025444,melanocytic_Nevi,melanocytic_Nevi,0.9822,true,true,0.9822,0.0005,0.777,0.118,64.2,light (I–II),melanocytic_Nevi,melanocytic_Nevi,true
ISIC_0025453,melanocytic_Nevi,basal_cell_carcinoma,0.6773,false,true,0.6773,1.2665,0.65,0.469,70.9,light (I–II),melanocytic_Nevi,basal_cell_carcinoma,false
ISIC_0025473,melanocytic_Nevi,melanocytic_Nevi,0.9419,true,true,0.9419,0.0047,0.937,0.623,164.4,light (I–II),melanocytic_Nevi,melanocytic_Nevi,true
ISIC_0025474,melanocytic_Nevi,melanocytic_Nevi,0.9996,true,true,0.9996,0.0,0.997,0.996,46.3,light (I–II),melanocytic_Nevi,melanocytic_Nevi,true
ISIC_0025479,melanocytic_Nevi,melanocytic_Nevi,1.0,true,true,1.0,0.0,0.973,0.115,72.9,light (I–II),melanocytic_Nevi,melanocytic_Nevi,true
ISIC_0025480,melanocytic_Nevi,melanocytic_Nevi,0.9996,true,true,0.9996,0.0,0.996,0.276,100.4,light (I–II),melanocytic_Nevi,melanocytic_Nevi,true
ISIC_0025486,melanocytic_Nevi,melanocytic_Nevi,0.9999,true,true,0.9999,0.0,1.0,0.006,51.4,light (I–II),melanocytic_Nevi,melanocytic_Nevi,true
ISIC_0025487,melanocytic_Nevi,melanocytic_Nevi,0.9861,true,true,0.9861,0.0003,0.883,0.917,40.0,medium (III–IV),melanocytic_Nevi,melanocytic_Nevi,true
ISIC_0025495,melanocytic_Nevi,melanocytic_Nevi,0.9972,true,true,0.9972,0.0,0.284,0.044,44.4,light (I–II),melanocytic_Nevi,melanocytic_Nevi,true
ISIC_0025516,melanocytic_Nevi,melanocytic_Nevi,0.9862,true,true,0.9862,0.0003,0.595,0.652,108.1,light (I–II),melanocytic_Nevi,melanocytic_Nevi,true
ISIC_0025542,melanocytic_Nevi,basal_cell_carcinoma,0.612,false,true,0.612,0.8516,0.609,0.611,79.1,light (I–II),melanocytic_Nevi,basal_cell_carcinoma,false
ISIC_0025546,melanoma,actinic_keratoses,0.3459,false,true,0.3459,0.6196,0.182,0.14,99.6,light (I–II),melanoma,actinic_keratoses,false
ISIC_0025547,melanocytic_Nevi,melanocytic_Nevi,0.9843,true,true,0.9843,0.0003,0.823,0.474,119.0,light (I–II),melanocytic_Nevi,melanocytic_Nevi,true
ISIC_0025564,basal_cell_carcinoma,basal_cell_carcinoma,0.5355,true,true,0.5355,0.3114,0.528,0.394,99.0,light (I–II),basal_cell_carcinoma,basal_cell_carcinoma,true
ISIC_0025573,melanoma,melanoma,0.7624,true,true,0.7624,0.0938,0.749,0.012,97.8,light (I–II),melanoma,melanoma,true
ISIC_0025576,basal_cell_carcinoma,basal_cell_carcinoma,0.8497,true,true,0.8497,0.0326,0.85,0.658,87.7,light (I–II),basal_cell_carcinoma,basal_cell_carcinoma,true
ISIC_0025578,vascular_lesions,vascular_lesions,0.9991,true,true,0.9991,0.0,0.011,0.0,102.8,light (I–II),vascular_lesions,vascular_lesions,true
ISIC_0025579,melanocytic_Nevi,melanocytic_Nevi,0.7894,true,true,0.7894,0.0875,0.773,0.426,89.6,light (I–II),melanocytic_Nevi,melanocytic_Nevi,true
ISIC_0025604,melanocytic_Nevi,melanocytic_Nevi,1.0,true,true,1.0,0.0,0.996,0.551,43.9,light (I–II),melanocytic_Nevi,melanocytic_Nevi,true
ISIC_0025605,actinic_keratoses,actinic_keratoses,0.9684,true,true,0.9684,0.0018,0.968,0.156,106.4,light (I–II),actinic_keratoses,actinic_keratoses,true
ISIC_0025607,melanocytic_Nevi,melanocytic_Nevi,0.9995,true,true,0.9995,0.0,0.997,0.997,34.4,medium (III–IV),melanocytic_Nevi,melanocytic_Nevi,true
ISIC_0025608,melanocytic_Nevi,melanocytic_Nevi,1.0,true,true,1.0,0.0,1.0,0.978,60.1,light (I–II),melanocytic_Nevi,melanocytic_Nevi,true
ISIC_0025624,melanocytic_Nevi,melanocytic_Nevi,0.9993,true,true,0.9993,0.0,0.987,0.725,47.1,light (I–II),melanocytic_Nevi,melanocytic_Nevi,true
ISIC_0025632,melanocytic_Nevi,melanocytic_Nevi,1.0,true,true,1.0,0.0,0.992,0.971,63.7,light (I–II),melanocytic_Nevi,melanocytic_Nevi,true
ISIC_0025635,melanocytic_Nevi,melanocytic_Nevi,0.9999,true,true,0.9999,0.0,1.0,0.999,32.7,medium (III–IV),melanocytic_Nevi,melanocytic_Nevi,true
ISIC_0025650,basal_cell_carcinoma,basal_cell_carcinoma,0.9285,true,true,0.9285,0.0098,0.926,0.356,100.6,light (I–II),basal_cell_carcinoma,basal_cell_carcinoma,true
ISIC_0025651,melanoma,actinic_keratoses,0.8875,false,true,0.8875,1.6319,0.756,0.407,78.7,light (I–II),melanoma,actinic_keratoses,false
ISIC_0025654,benign_keratosis-like_lesions,benign_keratosis-like_lesions,0.9574,true,true,0.9574,0.0034,0.406,0.208,41.8,light (I–II),benign_keratosis-like_lesions,benign_keratosis-like_lesions,true
ISIC_0025669,melanocytic_Nevi,melanocytic_Nevi,0.993,true,true,0.993,0.0001,0.978,0.807,34.4,medium (III–IV),melanocytic_Nevi,melanocytic_Nevi,true
ISIC_0025679,melanocytic_Nevi,melanocytic_Nevi,0.9924,true,true,0.9924,0.0001,0.958,0.001,78.4,light (I–II),melanocytic_Nevi,melanocytic_Nevi,true
ISIC_0025684,melanocytic_Nevi,melanocytic_Nevi,0.8115,true,true,0.8115,0.0501,0.8,0.656,28.3,medium (III–IV),melanocytic_Nevi,melanocytic_Nevi,true
ISIC_0025686,melanocytic_Nevi,melanocytic_Nevi,0.9965,true,true,0.9965,0.0,0.769,0.77,39.8,medium (III–IV),melanocytic_Nevi,melanocytic_Nevi,true
ISIC_0025695,melanocytic_Nevi,melanocytic_Nevi,0.9859,true,true,0.9859,0.0003,0.964,0.041,99.9,light (I–II),melanocytic_Nevi,melanocytic_Nevi,true
ISIC_0025720,melanocytic_Nevi,melanocytic_Nevi,0.9607,true,true,0.9607,0.003,0.955,0.545,73.0,light (I–II),melanocytic_Nevi,melanocytic_Nevi,true
ISIC_0025721,melanocytic_Nevi,melanocytic_Nevi,0.9998,true,true,0.9998,0.0,0.993,0.995,100.3,light (I–II),melanocytic_Nevi,melanocytic_Nevi,true
ISIC_0025737,melanocytic_Nevi,melanocytic_Nevi,0.9975,true,true,0.9975,0.0,0.994,0.598,56.5,light (I–II),melanocytic_Nevi,melanocytic_Nevi,true
ISIC_0025749,melanocytic_Nevi,melanocytic_Nevi,0.9967,true,true,0.9967,0.0,0.993,0.95,57.1,light (I–II),melanocytic_Nevi,melanocytic_Nevi,true
ISIC_0025750,melanocytic_Nevi,melanocytic_Nevi,0.79,true,true,0.79,0.0876,0.789,0.733,68.2,light (I–II),melanocytic_Nevi,melanocytic_Nevi,true
ISIC_0025753,benign_keratosis-like_lesions,actinic_keratoses,0.6072,false,true,0.6072,0.8862,0.605,0.576,59.9,light (I–II),benign_keratosis-like_lesions,actinic_keratoses,false
ISIC_0025764,melanocytic_Nevi,melanocytic_Nevi,0.9989,true,true,0.9989,0.0,0.998,0.694,74.9,light (I–II),melanocytic_Nevi,melanocytic_Nevi,true
ISIC_0025766,melanoma,actinic_keratoses,0.4873,false,true,0.4873,0.8364,0.417,0.348,86.9,light (I–II),melanoma,actinic_keratoses,false
ISIC_0025770,melanocytic_Nevi,melanocytic_Nevi,0.9996,true,true,0.9996,0.0,0.999,0.477,45.3,light (I–II),melanocytic_Nevi,melanocytic_Nevi,true
ISIC_0025776,melanocytic_Nevi,melanocytic_Nevi,0.5964,true,true,0.5964,0.2675,0.587,0.0,70.6,light (I–II),melanocytic_Nevi,melanocytic_Nevi,true
ISIC_0025779,melanocytic_Nevi,melanocytic_Nevi,0.9933,true,true,0.9933,0.0001,0.991,0.92,63.8,light (I–II),melanocytic_Nevi,melanocytic_Nevi,true
ISIC_0025783,melanoma,melanocytic_Nevi,0.8932,false,true,0.8932,1.5969,0.868,0.17,119.6,light (I–II),melanoma,melanocytic_Nevi,false
ISIC_0025790,actinic_keratoses,actinic_keratoses,0.8682,true,true,0.8682,0.0224,0.867,0.709,91.0,light (I–II),actinic_keratoses,actinic_keratoses,true
ISIC_0025802,melanocytic_Nevi,melanocytic_Nevi,0.9991,true,true,0.9991,0.0,0.999,0.983,66.0,light (I–II),melanocytic_Nevi,melanocytic_Nevi,true
ISIC_0025803,actinic_keratoses,actinic_keratoses,0.9577,true,true,0.9577,0.0033,0.173,0.01,79.4,light (I–II),actinic_keratoses,actinic_keratoses,true
ISIC_0025814,melanoma,melanoma,0.9315,true,true,0.9315,0.0064,0.917,0.175,87.8,light (I–II),melanoma,melanoma,true
ISIC_0025817,melanocytic_Nevi,melanocytic_Nevi,0.9997,true,true,0.9997,0.0,0.981,0.063,70.7,light (I–II),melanocytic_Nevi,melanocytic_Nevi,true
ISIC_0025819,benign_keratosis-like_lesions,benign_keratosis-like_lesions,0.9973,true,true,0.9973,0.0,0.814,0.012,132.2,light (I–II),benign_keratosis-like_lesions,benign_keratosis-like_lesions,true
ISIC_0025822,melanocytic_Nevi,melanocytic_Nevi,0.9926,true,true,0.9926,0.0001,0.966,0.784,70.0,light (I–II),melanocytic_Nevi,melanocytic_Nevi,true
ISIC_0025825,actinic_keratoses,actinic_keratoses,0.9933,true,true,0.9933,0.0001,0.567,0.155,70.1,light (I–II),actinic_keratoses,actinic_keratoses,true
ISIC_0025828,melanocytic_Nevi,melanocytic_Nevi,0.999,true,true,0.999,0.0,0.993,0.503,68.6,light (I–II),melanocytic_Nevi,melanocytic_Nevi,true
ISIC_0025833,melanocytic_Nevi,melanocytic_Nevi,0.9994,true,true,0.9994,0.0,0.996,0.013,67.1,light (I–II),melanocytic_Nevi,melanocytic_Nevi,true
ISIC_0025838,benign_keratosis-like_lesions,melanocytic_Nevi,0.498,false,true,0.498,1.2659,0.466,0.46,84.1,light (I–II),benign_keratosis-like_lesions,melanocytic_Nevi,false
ISIC_0025844,melanocytic_Nevi,melanocytic_Nevi,0.9999,true,true,0.9999,0.0,0.969,0.883,49.0,light (I–II),melanocytic_Nevi,melanocytic_Nevi,true
ISIC_0025855,melanocytic_Nevi,dermatofibroma,0.6993,false,true,0.6993,1.3714,0.693,0.132,72.5,light (I–II),melanocytic_Nevi,dermatofibroma,false
ISIC_0025860,melanocytic_Nevi,melanocytic_Nevi,0.8832,true,true,0.8832,0.0199,0.557,0.557,135.8,light (I–II),melanocytic_Nevi,melanocytic_Nevi,true
ISIC_0025861,melanocytic_Nevi,melanocytic_Nevi,0.9389,true,true,0.9389,0.0069,0.919,0.908,46.3,light (I–II),melanocytic_Nevi,melanocytic_Nevi,true
ISIC_0025862,melanocytic_Nevi,melanocytic_Nevi,0.9997,true,true,0.9997,0.0,0.998,0.417,113.9,light (I–II),melanocytic_Nevi,melanocytic_Nevi,true
ISIC_0025865,melanocytic_Nevi,melanocytic_Nevi,0.8217,true,true,0.8217,0.0419,0.818,0.271,48.8,light (I–II),melanocytic_Nevi,melanocytic_Nevi,true
ISIC_0025866,melanocytic_Nevi,melanocytic_Nevi,0.998,true,true,0.998,0.0,0.996,0.994,63.6,light (I–II),melanocytic_Nevi,melanocytic_Nevi,true
ISIC_0025868,melanocytic_Nevi,melanocytic_Nevi,0.9975,true,true,0.9975,0.0,0.997,0.855,55.3,light (I–II),melanocytic_Nevi,melanocytic_Nevi,true
ISIC_0025873,vascular_lesions,vascular_lesions,0.9965,true,true,0.9965,0.0,0.005,0.0,86.8,light (I–II),vascular_lesions,vascular_lesions,true
ISIC_0025875,melanocytic_Nevi,melanocytic_Nevi,0.9912,true,true,0.9912,0.0001,0.988,0.74,58.9,light (I–II),melanocytic_Nevi,melanocytic_Nevi,true
ISIC_0025894,melanocytic_Nevi,melanocytic_Nevi,0.9995,true,true,0.9995,0.0,0.989,0.01,76.8,light (I–II),melanocytic_Nevi,melanocytic_Nevi,true
ISIC_0025908,melanocytic_Nevi,melanocytic_Nevi,0.702,true,true,0.702,0.1329,0.695,0.037,68.0,light (I–II),melanocytic_Nevi,melanocytic_Nevi,true
ISIC_0025910,melanocytic_Nevi,melanocytic_Nevi,0.9995,true,true,0.9995,0.0,0.997,0.988,48.3,light (I–II),melanocytic_Nevi,melanocytic_Nevi,true
ISIC_0025913,melanocytic_Nevi,melanocytic_Nevi,0.9986,true,true,0.9986,0.0,0.944,0.467,60.2,light (I–II),melanocytic_Nevi,melanocytic_Nevi,true
ISIC_0025921,melanocytic_Nevi,melanocytic_Nevi,1.0,true,true,1.0,0.0,0.997,0.697,35.4,medium (III–IV),melanocytic_Nevi,melanocytic_Nevi,true
ISIC_0025924,vascular_lesions,vascular_lesions,1.0,true,true,1.0,0.0,0.0,0.0,88.7,light (I–II),vascular_lesions,vascular_lesions,true
ISIC_0025925,melanocytic_Nevi,melanocytic_Nevi,0.9993,true,true,0.9993,0.0,0.979,0.078,51.6,light (I–II),melanocytic_Nevi,melanocytic_Nevi,true
ISIC_0025926,melanocytic_Nevi,actinic_keratoses,0.7371,false,true,0.7371,1.3155,0.735,0.185,81.0,light (I–II),melanocytic_Nevi,actinic_keratoses,false
ISIC_0025928,benign_keratosis-like_lesions,actinic_keratoses,0.4414,false,true,0.4414,0.63,0.429,0.372,123.8,light (I–II),benign_keratosis-like_lesions,actinic_keratoses,false
ISIC_0025945,melanocytic_Nevi,melanocytic_Nevi,0.9956,true,true,0.9956,0.0,0.948,0.913,86.7,light (I–II),melanocytic_Nevi,melanocytic_Nevi,true
ISIC_0025946,melanocytic_Nevi,actinic_keratoses,0.6154,false,false,0.6154,1.2199,0.615,0.468,71.3,light (I–II),melanocytic_Nevi,actinic_keratoses,false
ISIC_0025957,actinic_keratoses,actinic_keratoses,0.9915,true,true,0.9915,0.0001,0.991,0.297,77.9,light (I–II),actinic_keratoses,actinic_keratoses,true
ISIC_0025967,melanocytic_Nevi,melanocytic_Nevi,0.4718,true,true,0.4718,0.3775,0.4,0.164,131.1,light (I–II),melanocytic_Nevi,melanocytic_Nevi,true
ISIC_0025984,benign_keratosis-like_lesions,melanocytic_Nevi,0.5024,false,true,0.5024,0.7887,0.481,0.225,80.0,light (I–II),benign_keratosis-like_lesions,melanocytic_Nevi,false
ISIC_0025985,benign_keratosis-like_lesions,benign_keratosis-like_lesions,0.9678,true,true,0.9678,0.0014,0.956,0.889,83.9,light (I–II),benign_keratosis-like_lesions,benign_keratosis-like_lesions,true
ISIC_0026010,melanocytic_Nevi,melanocytic_Nevi,1.0,true,true,1.0,0.0,0.984,0.949,59.2,light (I–II),melanocytic_Nevi,melanocytic_Nevi,true
ISIC_0026031,melanocytic_Nevi,melanocytic_Nevi,1.0,true,true,1.0,0.0,0.999,0.057,59.9,light (I–II),melanocytic_Nevi,melanocytic_Nevi,true
ISIC_0026036,melanocytic_Nevi,melanocytic_Nevi,0.9639,true,true,0.9639,0.0025,0.898,0.095,21.5,medium (III–IV),melanocytic_Nevi,melanocytic_Nevi,true
ISIC_0026044,benign_keratosis-like_lesions,melanocytic_Nevi,0.9354,false,true,0.9354,1.8629,0.934,0.233,84.8,light (I–II),benign_keratosis-like_lesions,melanocytic_Nevi,false
ISIC_0026046,benign_keratosis-like_lesions,benign_keratosis-like_lesions,0.9451,true,true,0.9451,0.0059,0.908,0.545,88.7,light (I–II),benign_keratosis-like_lesions,benign_keratosis-like_lesions,true
ISIC_0026047,melanocytic_Nevi,melanocytic_Nevi,0.974,true,true,0.974,0.0013,0.97,0.946,76.6,light (I–II),melanocytic_Nevi,melanocytic_Nevi,true
ISIC_0026048,melanocytic_Nevi,melanocytic_Nevi,0.7196,true,true,0.7196,0.1337,0.713,0.711,74.9,light (I–II),melanocytic_Nevi,melanocytic_Nevi,true
ISIC_0026052,melanocytic_Nevi,melanocytic_Nevi,0.9793,true,true,0.9793,0.0007,0.949,0.893,62.6,light (I–II),melanocytic_Nevi,melanocytic_Nevi,true
ISIC_0026059,melanocytic_Nevi,melanocytic_Nevi,0.9996,true,true,0.9996,0.0,0.998,0.951,43.4,light (I–II),melanocytic_Nevi,melanocytic_Nevi,true
ISIC_0026061,melanocytic_Nevi,melanocytic_Nevi,0.9995,true,true,0.9995,0.0,0.998,0.345,35.0,medium (III–IV),melanocytic_Nevi,melanocytic_Nevi,true
ISIC_0026075,melanocytic_Nevi,melanocytic_Nevi,0.9921,true,true,0.9921,0.0001,0.991,0.962,44.9,light (I–II),melanocytic_Nevi,melanocytic_Nevi,true
ISIC_0026100,actinic_keratoses,actinic_keratoses,0.9755,true,true,0.9755,0.0008,0.975,0.488,99.1,light (I–II),actinic_keratoses,actinic_keratoses,true
ISIC_0026108,melanocytic_Nevi,melanocytic_Nevi,0.8782,true,true,0.8782,0.0259,0.81,0.631,79.2,light (I–II),melanocytic_Nevi,melanocytic_Nevi,true
ISIC_0026118,basal_cell_carcinoma,basal_cell_carcinoma,0.7986,true,true,0.7986,0.0685,0.798,0.796,41.4,light (I–II),basal_cell_carcinoma,basal_cell_carcinoma,true
ISIC_0026130,melanocytic_Nevi,melanocytic_Nevi,0.9987,true,true,0.9987,0.0,0.996,0.166,64.9,light (I–II),melanocytic_Nevi,melanocytic_Nevi,true
ISIC_0026133,melanocytic_Nevi,melanocytic_Nevi,0.7031,true,true,0.7031,0.1657,0.568,0.323,98.1,light (I–II),melanocytic_Nevi,melanocytic_Nevi,true
ISIC_0026138,actinic_keratoses,actinic_keratoses,0.9965,true,true,0.9965,0.0,0.996,0.737,82.5,light (I–II),actinic_keratoses,actinic_keratoses,true
ISIC_0026142,benign_keratosis-like_lesions,melanocytic_Nevi,0.8309,false,true,0.8309,1.4974,0.797,0.593,85.2,light (I–II),benign_keratosis-like_lesions,melanocytic_Nevi,false
ISIC_0026151,melanocytic_Nevi,melanocytic_Nevi,0.7328,true,true,0.7328,0.0934,0.73,0.057,51.3,light (I–II),melanocytic_Nevi,melanocytic_Nevi,true
ISIC_0026159,benign_keratosis-like_lesions,benign_keratosis-like_lesions,0.6838,true,true,0.6838,0.171,0.664,0.198,68.4,light (I–II),benign_keratosis-like_lesions,benign_keratosis-like_lesions,true
ISIC_0026162,melanocytic_Nevi,melanocytic_Nevi,0.6439,true,true,0.6439,0.248,0.641,0.549,66.4,light (I–II),melanocytic_Nevi,melanocytic_Nevi,true
ISIC_0026165,melanocytic_Nevi,melanocytic_Nevi,0.9996,true,true,0.9996,0.0,0.999,0.988,31.4,medium (III–IV),melanocytic_Nevi,melanocytic_Nevi,true
ISIC_0026172,melanocytic_Nevi,melanocytic_Nevi,0.9964,true,true,0.9964,0.0,0.992,0.018,63.3,light (I–II),melanocytic_Nevi,melanocytic_Nevi,true
ISIC_0026179,melanocytic_Nevi,melanocytic_Nevi,0.7501,true,true,0.7501,0.121,0.748,0.03,94.1,light (I–II),melanocytic_Nevi,melanocytic_Nevi,true
ISIC_0026181,melanocytic_Nevi,melanocytic_Nevi,1.0,true,true,1.0,0.0,0.977,0.018,55.9,light (I–II),melanocytic_Nevi,melanocytic_Nevi,true
ISIC_0026206,actinic_keratoses,actinic_keratoses,0.8077,true,true,0.8077,0.0516,0.807,0.429,77.4,light (I–II),actinic_keratoses,actinic_keratoses,true
ISIC_0026208,melanocytic_Nevi,melanocytic_Nevi,0.9988,true,true,0.9988,0.0,0.995,0.035,89.7,light (I–II),melanocytic_Nevi,melanocytic_Nevi,true
ISIC_0026209,melanocytic_Nevi,melanoma,0.5104,false,true,0.5104,0.7675,0.502,0.317,66.6,light (I–II),melanocytic_Nevi,melanoma,false
ISIC_0026216,melanocytic_Nevi,melanocytic_Nevi,0.5874,true,true,0.5874,0.2746,0.568,0.382,109.5,light (I–II),melanocytic_Nevi,melanocytic_Nevi,true
ISIC_0026220,melanocytic_Nevi,melanocytic_Nevi,1.0,true,true,1.0,0.0,0.999,0.014,54.4,light (I–II),melanocytic_Nevi,melanocytic_Nevi,true
ISIC_0026224,melanocytic_Nevi,melanocytic_Nevi,0.9993,true,true,0.9993,0.0,0.996,0.051,75.9,light (I–II),melanocytic_Nevi,melanocytic_Nevi,true
ISIC_0026232,melanocytic_Nevi,melanocytic_Nevi,0.9997,true,true,0.9997,0.0,0.997,0.898,74.6,light (I–II),melanocytic_Nevi,melanocytic_Nevi,true
ISIC_0026237,melanocytic_Nevi,melanocytic_Nevi,0.993,true,true,0.993,0.0001,0.868,0.143,162.2,light (I–II),melanocytic_Nevi,melanocytic_Nevi,true
ISIC_0026238,melanocytic_Nevi,melanocytic_Nevi,0.9177,true,true,0.9177,0.0097,0.893,0.414,44.8,light (I–II),melanocytic_Nevi,melanocytic_Nevi,true
ISIC_0026242,melanocytic_Nevi,melanocytic_Nevi,0.9573,true,true,0.9573,0.0025,0.948,0.334,30.1,medium (III–IV),melanocytic_Nevi,melanocytic_Nevi,true
ISIC_0026249,benign_keratosis-like_lesions,benign_keratosis-like_lesions,0.6442,true,true,0.6442,0.1926,0.456,0.323,140.4,light (I–II),benign_keratosis-like_lesions,benign_keratosis-like_lesions,true
ISIC_0026252,melanocytic_Nevi,melanocytic_Nevi,0.8214,true,true,0.8214,0.0619,0.811,0.785,63.9,light (I–II),melanocytic_Nevi,melanocytic_Nevi,true
ISIC_0026261,melanocytic_Nevi,melanocytic_Nevi,1.0,true,true,1.0,0.0,0.996,0.013,28.4,medium (III–IV),melanocytic_Nevi,melanocytic_Nevi,true
ISIC_0026264,melanocytic_Nevi,melanocytic_Nevi,0.9866,true,true,0.9866,0.0003,0.977,0.942,37.5,medium (III–IV),melanocytic_Nevi,melanocytic_Nevi,true
ISIC_0026267,melanocytic_Nevi,melanocytic_Nevi,0.8542,true,true,0.8542,0.0386,0.753,0.497,85.7,light (I–II),melanocytic_Nevi,melanocytic_Nevi,true
ISIC_0026272,melanocytic_Nevi,melanocytic_Nevi,0.9963,true,true,0.9963,0.0,0.992,0.927,96.5,light (I–II),melanocytic_Nevi,melanocytic_Nevi,true
ISIC_0026277,benign_keratosis-like_lesions,benign_keratosis-like_lesions,0.6347,true,true,0.6347,0.1815,0.0,0.0,154.8,light (I–II),benign_keratosis-like_lesions,benign_keratosis-like_lesions,true
ISIC_0026279,melanocytic_Nevi,melanocytic_Nevi,0.7874,true,true,0.7874,0.0778,0.742,0.457,83.0,light (I–II),melanocytic_Nevi,melanocytic_Nevi,true
ISIC_0026288,melanocytic_Nevi,melanocytic_Nevi,0.9797,true,true,0.9797,0.0008,0.978,0.974,72.8,light (I–II),melanocytic_Nevi,melanocytic_Nevi,true
ISIC_0026292,melanocytic_Nevi,melanocytic_Nevi,0.9996,true,true,0.9996,0.0,0.999,0.996,63.0,light (I–II),melanocytic_Nevi,melanocytic_Nevi,true
ISIC_0026295,melanocytic_Nevi,melanocytic_Nevi,0.4768,true,true,0.4768,0.3796,0.471,0.372,41.5,light (I–II),melanocytic_Nevi,melanocytic_Nevi,true
ISIC_0026297,melanocytic_Nevi,basal_cell_carcinoma,0.5532,false,true,0.5532,0.8943,0.553,0.369,102.0,light (I–II),melanocytic_Nevi,basal_cell_carcinoma,false
ISIC_0026301,benign_keratosis-like_lesions,benign_keratosis-like_lesions,0.7955,true,true,0.7955,0.0595,0.0,0.0,77.0,light (I–II),benign_keratosis-like_lesions,benign_keratosis-like_lesions,true
ISIC_0026304,melanocytic_Nevi,melanocytic_Nevi,0.9989,true,true,0.9989,0.0,0.682,0.217,7.6,dark (V–VI),melanocytic_Nevi,melanocytic_Nevi,true
ISIC_0026314,melanoma,basal_cell_carcinoma,0.3724,false,true,0.3724,0.8691,0.372,0.296,91.8,light (I–II),melanoma,basal_cell_carcinoma,false
ISIC_0026316,benign_keratosis-like_lesions,benign_keratosis-like_lesions,0.7982,true,true,0.7982,0.0544,0.716,0.145,86.3,light (I–II),benign_keratosis-like_lesions,benign_keratosis-like_lesions,true
ISIC_0026317,melanocytic_Nevi,melanocytic_Nevi,1.0,true,true,1.0,0.0,0.962,0.062,67.4,light (I–II),melanocytic_Nevi,melanocytic_Nevi,true
ISIC_0026325,melanocytic_Nevi,melanocytic_Nevi,0.9992,true,true,0.9992,0.0,0.982,0.036,39.3,medium (III–IV),melanocytic_Nevi,melanocytic_Nevi,true
ISIC_0026334,melanocytic_Nevi,melanocytic_Nevi,0.9995,true,true,0.9995,0.0,0.98,0.993,76.4,light (I–II),melanocytic_Nevi,melanocytic_Nevi,true
ISIC_0026335,benign_keratosis-like_lesions,actinic_keratoses,0.4739,false,true,0.4739,0.5251,0.474,0.236,69.7,light (I–II),benign_keratosis-like_lesions,actinic_keratoses,false
ISIC_0026344,melanocytic_Nevi,melanocytic_Nevi,1.0,true,true,1.0,0.0,0.998,0.052,76.9,light (I–II),melanocytic_Nevi,melanocytic_Nevi,true
ISIC_0026350,basal_cell_carcinoma,dermatofibroma,0.561,false,true,0.561,0.7306,0.488,0.107,67.6,light (I–II),basal_cell_carcinoma,dermatofibroma,false
ISIC_0026352,melanoma,melanocytic_Nevi,0.8095,false,true,0.8095,1.3111,0.464,0.153,100.7,light (I–II),melanoma,melanocytic_Nevi,false
ISIC_0026359,melanocytic_Nevi,melanocytic_Nevi,0.5727,true,true,0.5727,0.2225,0.56,0.505,58.1,light (I–II),melanocytic_Nevi,melanocytic_Nevi,true
ISIC_0026361,melanocytic_Nevi,melanocytic_Nevi,0.9991,true,true,0.9991,0.0,0.997,0.021,53.8,light (I–II),melanocytic_Nevi,melanocytic_Nevi,true
ISIC_0026371,melanocytic_Nevi,melanocytic_Nevi,0.9815,true,true,0.9815,0.0005,0.929,0.119,73.1,light (I–II),melanocytic_Nevi,melanocytic_Nevi,true
ISIC_0026378,benign_keratosis-like_lesions,benign_keratosis-like_lesions,0.6189,true,true,0.6189,0.2848,0.361,0.0,45.2,light (I–II),benign_keratosis-like_lesions,benign_keratosis-like_lesions,true
ISIC_0026384,melanocytic_Nevi,melanocytic_Nevi,0.8665,true,true,0.8665,0.0321,0.861,0.083,107.8,light (I–II),melanocytic_Nevi,melanocytic_Nevi,true
ISIC_0026391,melanocytic_Nevi,melanocytic_Nevi,0.6292,true,true,0.6292,0.2718,0.626,0.0,97.8,light (I–II),melanocytic_Nevi,melanocytic_Nevi,true
ISIC_0026404,melanocytic_Nevi,benign_keratosis-like_lesions,0.6348,false,true,0.6348,1.4255,0.535,0.0,81.2,light (I–II),melanocytic_Nevi,benign_keratosis-like_lesions,false
ISIC_0026405,melanocytic_Nevi,melanocytic_Nevi,1.0,true,true,1.0,0.0,1.0,0.007,48.1,light (I–II),melanocytic_Nevi,melanocytic_Nevi,true
ISIC_0026414,melanocytic_Nevi,actinic_keratoses,0.3734,false,true,0.3734,0.6647,0.127,0.335,72.0,light (I–II),melanocytic_Nevi,actinic_keratoses,false
ISIC_0026420,melanoma,melanoma,0.9779,true,true,0.9779,0.0006,0.952,0.0,76.5,light (I–II),melanoma,melanoma,true
ISIC_0026427,melanocytic_Nevi,melanocytic_Nevi,0.951,true,true,0.951,0.0035,0.927,0.87,93.6,light (I–II),melanocytic_Nevi,melanocytic_Nevi,true
ISIC_0026441,benign_keratosis-like_lesions,benign_keratosis-like_lesions,0.8887,true,true,0.8887,0.0233,0.877,0.49,88.7,light (I–II),benign_keratosis-like_lesions,benign_keratosis-like_lesions,true
ISIC_0026449,melanocytic_Nevi,melanocytic_Nevi,0.9918,true,true,0.9918,0.0001,0.991,0.065,102.1,light (I–II),melanocytic_Nevi,melanocytic_Nevi,true
ISIC_0026464,melanocytic_Nevi,melanocytic_Nevi,0.9998,true,true,0.9998,0.0,0.999,0.153,79.0,light (I–II),melanocytic_Nevi,melanocytic_Nevi,true
ISIC_0026466,actinic_keratoses,actinic_keratoses,0.6232,true,true,0.6232,0.2213,0.623,0.343,63.6,light (I–II),actinic_keratoses,actinic_keratoses,true
ISIC_0026471,dermatofibroma,dermatofibroma,0.9944,true,true,0.9944,0.0,0.968,0.788,58.7,light (I–II),dermatofibroma,dermatofibroma,true
ISIC_0026474,melanocytic_Nevi,melanocytic_Nevi,0.9991,true,true,0.9991,0.0,0.984,0.019,68.6,light (I–II),melanocytic_Nevi,melanocytic_Nevi,true
ISIC_0026476,melanocytic_Nevi,melanocytic_Nevi,0.9931,true,true,0.9931,0.0001,0.991,0.638,75.3,light (I–II),melanocytic_Nevi,melanocytic_Nevi,true
ISIC_0026489,melanoma,melanoma,0.8544,true,true,0.8544,0.0295,0.842,0.154,132.9,light (I–II),melanoma,melanoma,true
ISIC_0026508,melanocytic_Nevi,melanocytic_Nevi,0.9859,true,true,0.9859,0.0003,0.896,0.233,80.5,light (I–II),melanocytic_Nevi,melanocytic_Nevi,true
ISIC_0026511,benign_keratosis-like_lesions,benign_keratosis-like_lesions,0.9738,true,true,0.9738,0.0014,0.971,0.032,76.4,light (I–II),benign_keratosis-like_lesions,benign_keratosis-like_lesions,true
ISIC_0026533,melanocytic_Nevi,melanocytic_Nevi,1.0,true,true,1.0,0.0,0.999,0.349,53.3,light (I–II),melanocytic_Nevi,melanocytic_Nevi,true
ISIC_0026550,melanocytic_Nevi,melanocytic_Nevi,1.0,true,true,1.0,0.0,0.998,0.231,67.5,light (I–II),melanocytic_Nevi,melanocytic_Nevi,true
ISIC_0026558,melanoma,melanocytic_Nevi,0.4979,false,true,0.4979,0.6904,0.495,0.0,68.5,light (I–II),melanoma,melanocytic_Nevi,false
ISIC_0026561,melanocytic_Nevi,melanocytic_Nevi,0.6892,true,true,0.6892,0.1489,0.686,0.0,40.3,medium (III–IV),melanocytic_Nevi,melanocytic_Nevi,true
ISIC_0026570,melanocytic_Nevi,melanocytic_Nevi,1.0,true,true,1.0,0.0,1.0,0.999,64.0,light (I–II),melanocytic_Nevi,melanocytic_Nevi,true
ISIC_0026574,basal_cell_carcinoma,basal_cell_carcinoma,0.465,true,true,0.465,0.4768,0.285,0.349,76.1,light (I–II),basal_cell_carcinoma,basal_cell_carcinoma,true
ISIC_0026579,melanocytic_Nevi,melanocytic_Nevi,1.0,true,true,1.0,0.0,0.999,0.449,49.4,light (I–II),melanocytic_Nevi,melanocytic_Nevi,true
ISIC_0026580,melanocytic_Nevi,melanocytic_Nevi,0.6268,true,true,0.6268,0.2373,0.619,0.0,69.4,light (I–II),melanocytic_Nevi,melanocytic_Nevi,true
ISIC_0026588,melanocytic_Nevi,melanocytic_Nevi,0.8903,true,true,0.8903,0.017,0.79,0.102,62.4,light (I–II),melanocytic_Nevi,melanocytic_Nevi,true
ISIC_0026591,melanocytic_Nevi,melanocytic_Nevi,0.9999,true,true,0.9999,0.0,0.999,0.104,49.3,light (I–II),melanocytic_Nevi,melanocytic_Nevi,true
ISIC_0026595,melanocytic_Nevi,melanocytic_Nevi,0.9734,true,true,0.9734,0.0012,0.969,0.679,83.0,light (I–II),melanocytic_Nevi,melanocytic_Nevi,true
ISIC_0026601,melanocytic_Nevi,melanocytic_Nevi,0.9111,true,true,0.9111,0.011,0.874,0.878,82.9,light (I–II),melanocytic_Nevi,melanocytic_Nevi,true
ISIC_0026614,benign_keratosis-like_lesions,benign_keratosis-like_lesions,0.9373,true,true,0.9373,0.0051,0.059,0.425,101.1,light (I–II),benign_keratosis-like_lesions,benign_keratosis-like_lesions,true
ISIC_0026619,melanocytic_Nevi,melanocytic_Nevi,0.9997,true,true,0.9997,0.0,0.999,0.018,69.3,light (I–II),melanocytic_Nevi,melanocytic_Nevi,true
ISIC_0026622,melanoma,melanoma,0.955,true,true,0.955,0.0029,0.908,0.034,108.4,light (I–II),melanoma,melanoma,true
ISIC_0026627,melanocytic_Nevi,melanocytic_Nevi,0.9997,true,true,0.9997,0.0,0.993,0.989,83.4,light (I–II),melanocytic_Nevi,melanocytic_Nevi,true
ISIC_0026635,melanocytic_Nevi,melanocytic_Nevi,1.0,true,true,1.0,0.0,0.996,0.996,78.9,light (I–II),melanocytic_Nevi,melanocytic_Nevi,true
ISIC_0026638,melanocytic_Nevi,melanocytic_Nevi,0.6604,true,true,0.6604,0.2295,0.658,0.505,81.2,light (I–II),melanocytic_Nevi,melanocytic_Nevi,true
ISIC_0026654,melanocytic_Nevi,actinic_keratoses,0.338,false,true,0.338,0.6679,0.215,0.0,90.2,light (I–II),melanocytic_Nevi,actinic_keratoses,false
ISIC_0026655,melanocytic_Nevi,melanocytic_Nevi,0.3159,true,true,0.3159,0.6082,0.267,0.212,32.8,medium (III–IV),melanocytic_Nevi,melanocytic_Nevi,true
ISIC_0026659,melanocytic_Nevi,melanocytic_Nevi,0.9957,true,true,0.9957,0.0,0.968,0.171,21.1,medium (III–IV),melanocytic_Nevi,melanocytic_Nevi,true
ISIC_0026676,melanocytic_Nevi,melanocytic_Nevi,0.7396,true,true,0.7396,0.0924,0.731,0.531,88.1,light (I–II),melanocytic_Nevi,melanocytic_Nevi,true
ISIC_0026678,melanocytic_Nevi,melanocytic_Nevi,0.9956,true,true,0.9956,0.0,0.958,0.753,75.6,light (I–II),melanocytic_Nevi,melanocytic_Nevi,true
ISIC_0026680,melanocytic_Nevi,melanocytic_Nevi,0.9969,true,true,0.9969,0.0,0.979,0.598,53.9,light (I–II),melanocytic_Nevi,melanocytic_Nevi,true
ISIC_0026687,basal_cell_carcinoma,basal_cell_carcinoma,0.7572,true,true,0.7572,0.0847,0.756,0.464,82.0,light (I–II),basal_cell_carcinoma,basal_cell_carcinoma,true
ISIC_0026693,vascular_lesions,vascular_lesions,0.9989,true,true,0.9989,0.0,0.003,0.003,114.6,light (I–II),vascular_lesions,vascular_lesions,true
ISIC_0026700,melanocytic_Nevi,melanocytic_Nevi,0.9824,true,true,0.9824,0.0004,0.97,0.516,64.6,light (I–II),melanocytic_Nevi,melanocytic_Nevi,true
ISIC_0026711,melanocytic_Nevi,melanocytic_Nevi,0.9361,true,true,0.9361,0.0071,0.932,0.926,88.6,light (I–II),melanocytic_Nevi,melanocytic_Nevi,true
ISIC_0026725,melanocytic_Nevi,melanocytic_Nevi,0.9972,true,true,0.9972,0.0,0.994,0.034,73.8,light (I–II),melanocytic_Nevi,melanocytic_Nevi,true
ISIC_0026730,melanocytic_Nevi,melanocytic_Nevi,0.8843,true,true,0.8843,0.0189,0.881,0.208,87.0,light (I–II),melanocytic_Nevi,melanocytic_Nevi,true
ISIC_0026736,melanocytic_Nevi,melanocytic_Nevi,0.9989,true,true,0.9989,0.0,0.966,0.826,64.4,light (I–II),melanocytic_Nevi,melanocytic_Nevi,true
ISIC_0026746,melanoma,benign_keratosis-like_lesions,0.3367,false,true,0.3367,0.8476,0.299,0.0,72.6,light (I–II),melanoma,benign_keratosis-like_lesions,false
ISIC_0026762,melanocytic_Nevi,melanocytic_Nevi,0.9988,true,true,0.9988,0.0,0.999,0.996,61.5,light (I–II),melanocytic_Nevi,melanocytic_Nevi,true
ISIC_0026774,melanoma,melanocytic_Nevi,0.8385,false,true,0.8385,1.4738,0.83,0.274,77.2,light (I–II),melanoma,melanocytic_Nevi,false
ISIC_0026779,melanocytic_Nevi,melanocytic_Nevi,0.9984,true,true,0.9984,0.0,0.991,0.402,25.3,medium (III–IV),melanocytic_Nevi,melanocytic_Nevi,true
ISIC_0026780,melanocytic_Nevi,melanocytic_Nevi,0.9998,true,true,0.9998,0.0,0.998,0.016,81.9,light (I–II),melanocytic_Nevi,melanocytic_Nevi,true
ISIC_0026783,benign_keratosis-like_lesions,melanocytic_Nevi,0.5595,false,true,0.5595,0.6952,0.463,0.454,23.1,medium (III–IV),benign_keratosis-like_lesions,melanocytic_Nevi,false
ISIC_0026793,melanocytic_Nevi,melanocytic_Nevi,0.9998,true,true,0.9998,0.0,0.884,0.175,64.9,light (I–II),melanocytic_Nevi,melanocytic_Nevi,true
ISIC_0026800,melanocytic_Nevi,melanocytic_Nevi,0.9999,true,true,0.9999,0.0,0.981,0.074,65.0,light (I–II),melanocytic_Nevi,melanocytic_Nevi,true
ISIC_0026813,melanocytic_Nevi,melanocytic_Nevi,0.999,true,true,0.999,0.0,0.997,0.956,20.8,medium (III–IV),melanocytic_Nevi,melanocytic_Nevi,true
ISIC_0026821,melanocytic_Nevi,melanocytic_Nevi,0.9999,true,true,0.9999,0.0,1.0,0.809,60.6,light (I–II),melanocytic_Nevi,melanocytic_Nevi,true
ISIC_0026831,basal_cell_carcinoma,basal_cell_carcinoma,0.9523,true,true,0.9523,0.003,0.952,0.808,109.6,light (I–II),basal_cell_carcinoma,basal_cell_carcinoma,true
ISIC_0026832,melanocytic_Nevi,melanocytic_Nevi,0.9998,true,true,0.9998,0.0,0.995,0.019,71.1,light (I–II),melanocytic_Nevi,melanocytic_Nevi,true
ISIC_0026833,melanocytic_Nevi,melanocytic_Nevi,1.0,true,true,1.0,0.0,0.997,0.011,79.3,light (I–II),melanocytic_Nevi,melanocytic_Nevi,true
ISIC_0026841,melanocytic_Nevi,melanocytic_Nevi,0.9971,true,true,0.9971,0.0,0.929,0.193,85.1,light (I–II),melanocytic_Nevi,melanocytic_Nevi,true
ISIC_0026845,basal_cell_carcinoma,basal_cell_carcinoma,0.9388,true,true,0.9388,0.0046,0.938,0.932,111.0,light (I–II),basal_cell_carcinoma,basal_cell_carcinoma,true
ISIC_0026849,benign_keratosis-like_lesions,benign_keratosis-like_lesions,0.4783,true,true,0.4783,0.4439,0.462,0.462,74.1,light (I–II),benign_keratosis-like_lesions,benign_keratosis-like_lesions,true
ISIC_0026852,melanocytic_Nevi,melanocytic_Nevi,0.9042,true,true,0.9042,0.0159,0.894,0.016,72.0,light (I–II),melanocytic_Nevi,melanocytic_Nevi,true
ISIC_0026853,melanoma,melanoma,0.6704,true,true,0.6704,0.2005,0.615,0.53,157.5,light (I–II),melanoma,melanoma,true
ISIC_0026870,melanoma,benign_keratosis-like_lesions,0.5686,false,true,0.5686,0.7916,0.0,0.0,84.0,light (I–II),melanoma,benign_keratosis-like_lesions,false
ISIC_0026874,melanocytic_Nevi,melanocytic_Nevi,0.7761,true,true,0.7761,0.0672,0.72,0.218,39.3,medium (III–IV),melanocytic_Nevi,melanocytic_Nevi,true
ISIC_0026879,melanocytic_Nevi,melanocytic_Nevi,0.9995,true,true,0.9995,0.0,0.991,0.985,68.1,light (I–II),melanocytic_Nevi,melanocytic_Nevi,true
ISIC_0026890,melanocytic_Nevi,melanocytic_Nevi,0.7981,true,true,0.7981,0.0535,0.789,0.225,84.8,light (I–II),melanocytic_Nevi,melanocytic_Nevi,true
ISIC_0026900,melanocytic_Nevi,melanocytic_Nevi,0.9992,true,true,0.9992,0.0,0.998,0.025,69.2,light (I–II),melanocytic_Nevi,melanocytic_Nevi,true
ISIC_0026905,actinic_keratoses,actinic_keratoses,0.9828,true,true,0.9828,0.0005,0.838,0.51,88.8,light (I–II),actinic_keratoses,actinic_keratoses,true
ISIC_0026923,benign_keratosis-like_lesions,actinic_keratoses,0.8353,false,true,0.8353,1.4167,0.835,0.827,102.8,light (I–II),benign_keratosis-like_lesions,actinic_keratoses,false
ISIC_0026927,actinic_keratoses,actinic_keratoses,0.9962,true,true,0.9962,0.0,0.991,0.968,99.7,light (I–II),actinic_keratoses,actinic_keratoses,true
ISIC_0026928,melanocytic_Nevi,melanocytic_Nevi,0.9994,true,true,0.9994,0.0,0.999,0.997,76.7,light (I–II),melanocytic_Nevi,melanocytic_Nevi,true
ISIC_0026929,melanocytic_Nevi,melanocytic_Nevi,0.9803,true,true,0.9803,0.0008,0.788,0.568,20.9,medium (III–IV),melanocytic_Nevi,melanocytic_Nevi,true
ISIC_0026942,melanocytic_Nevi,melanocytic_Nevi,0.9572,true,true,0.9572,0.0029,0.951,0.341,135.5,light (I–II),melanocytic_Nevi,melanocytic_Nevi,true
ISIC_0026950,melanoma,melanoma,0.659,true,true,0.659,0.1693,0.621,0.146,88.9,light (I–II),melanoma,melanoma,true
ISIC_0026963,melanoma,melanoma,0.718,true,true,0.718,0.1061,0.709,0.694,108.1,light (I–II),melanoma,melanoma,true
ISIC_0026973,melanocytic_Nevi,melanocytic_Nevi,0.9992,true,true,0.9992,0.0,0.957,0.028,67.9,light (I–II),melanocytic_Nevi,melanocytic_Nevi,true
ISIC_0026975,melanocytic_Nevi,dermatofibroma,0.9536,false,true,0.9536,1.8186,0.953,0.945,83.6,light (I–II),melanocytic_Nevi,dermatofibroma,false
ISIC_0026979,melanocytic_Nevi,melanocytic_Nevi,0.9735,true,true,0.9735,0.001,0.971,0.119,87.1,light (I–II),melanocytic_Nevi,melanocytic_Nevi,true
ISIC_0026985,melanocytic_Nevi,melanocytic_Nevi,1.0,true,true,1.0,0.0,1.0,0.302,74.1,light (I–II),melanocytic_Nevi,melanocytic_Nevi,true
ISIC_0026987,melanocytic_Nevi,melanocytic_Nevi,0.8544,true,true,0.8544,0.0323,0.777,0.447,79.1,light (I–II),melanocytic_Nevi,melanocytic_Nevi,true
ISIC_0026988,basal_cell_carcinoma,basal_cell_carcinoma,0.9698,true,true,0.9698,0.0016,0.97,0.29,27.1,medium (III–IV),basal_cell_carcinoma,basal_cell_carcinoma,true
ISIC_0027010,melanocytic_Nevi,melanoma,0.3233,false,true,0.3233,0.7327,0.322,0.151,44.2,light (I–II),melanocytic_Nevi,melanoma,false
ISIC_0027017,benign_keratosis-like_lesions,actinic_keratoses,0.6984,false,true,0.6984,1.0063,0.608,0.548,61.3,light (I–II),benign_keratosis-like_lesions,actinic_keratoses,false
ISIC_0027020,melanocytic_Nevi,melanocytic_Nevi,0.9866,true,true,0.9866,0.0004,0.504,0.309,105.7,light (I–II),melanocytic_Nevi,melanocytic_Nevi,true
ISIC_0027024,melanocytic_Nevi,melanocytic_Nevi,0.9057,true,true,0.9057,0.0174,0.859,0.165,131.5,light (I–II),melanocytic_Nevi,melanocytic_Nevi,true
ISIC_0027029,melanocytic_Nevi,melanocytic_Nevi,0.9933,true,true,0.9933,0.0001,0.975,0.1,37.3,medium (III–IV),melanocytic_Nevi,melanocytic_Nevi,true
ISIC_0027077,melanocytic_Nevi,melanocytic_Nevi,0.8275,true,true,0.8275,0.0456,0.736,0.099,75.8,light (I–II),melanocytic_Nevi,melanocytic_Nevi,true
ISIC_0027079,melanocytic_Nevi,melanocytic_Nevi,0.9978,true,true,0.9978,0.0,0.989,0.506,37.7,medium (III–IV),melanocytic_Nevi,melanocytic_Nevi,true
ISIC_0027088,melanocytic_Nevi,melanocytic_Nevi,1.0,true,true,1.0,0.0,0.994,0.992,76.6,light (I–II),melanocytic_Nevi,melanocytic_Nevi,true
ISIC_0027090,basal_cell_carcinoma,basal_cell_carcinoma,0.9791,true,true,0.9791,0.0007,0.979,0.285,89.8,light (I–II),basal_cell_carcinoma,basal_cell_carcinoma,true
ISIC_0027103,melanocytic_Nevi,melanocytic_Nevi,0.7431,true,true,0.7431,0.1278,0.643,0.145,106.1,light (I–II),melanocytic_Nevi,melanocytic_Nevi,true
ISIC_0027104,melanocytic_Nevi,melanocytic_Nevi,1.0,true,true,1.0,0.0,0.996,0.994,85.2,light (I–II),melanocytic_Nevi,melanocytic_Nevi,true
ISIC_0027108,melanocytic_Nevi,melanocytic_Nevi,0.9721,true,true,0.9721,0.0014,0.822,0.259,61.9,light (I–II),melanocytic_Nevi,melanocytic_Nevi,true
ISIC_0027109,melanocytic_Nevi,melanocytic_Nevi,0.9708,true,true,0.9708,0.0013,0.084,0.052,83.7,light (I–II),melanocytic_Nevi,melanocytic_Nevi,true
ISIC_0027111,melanocytic_Nevi,melanocytic_Nevi,0.9999,true,true,0.9999,0.0,0.996,0.084,74.5,light (I–II),melanocytic_Nevi,melanocytic_Nevi,true
ISIC_0027115,melanocytic_Nevi,melanocytic_Nevi,0.9911,true,true,0.9911,0.0001,0.988,0.685,66.3,light (I–II),melanocytic_Nevi,melanocytic_Nevi,true
ISIC_0027130,melanoma,melanoma,0.7905,true,true,0.7905,0.0674,0.786,0.505,37.0,medium (III–IV),melanoma,melanoma,true
ISIC_0027131,melanocytic_Nevi,melanocytic_Nevi,0.9985,true,true,0.9985,0.0,0.975,0.858,52.3,light (I–II),melanocytic_Nevi,melanocytic_Nevi,true
ISIC_0027135,basal_cell_carcinoma,basal_cell_carcinoma,0.9834,true,true,0.9834,0.0005,0.983,0.975,52.3,light (I–II),basal_cell_carcinoma,basal_cell_carcinoma,true
ISIC_0027140,melanocytic_Nevi,melanocytic_Nevi,0.9045,true,true,0.9045,0.0176,0.902,0.199,99.9,light (I–II),melanocytic_Nevi,melanocytic_Nevi,true
ISIC_0027142,benign_keratosis-like_lesions,benign_keratosis-like_lesions,0.5496,true,true,0.5496,0.4055,0.527,0.153,75.6,light (I–II),benign_keratosis-like_lesions,benign_keratosis-like_lesions,true
ISIC_0027168,melanocytic_Nevi,melanocytic_Nevi,0.9997,true,true,0.9997,0.0,0.956,0.027,60.7,light (I–II),melanocytic_Nevi,melanocytic_Nevi,true
ISIC_0027198,melanocytic_Nevi,melanocytic_Nevi,0.9681,true,true,0.9681,0.0017,0.961,0.948,35.2,medium (III–IV),melanocytic_Nevi,melanocytic_Nevi,true
ISIC_0027202,benign_keratosis-like_lesions,benign_keratosis-like_lesions,0.7056,true,true,0.7056,0.139,0.697,0.12,65.5,light (I–II),benign_keratosis-like_lesions,benign_keratosis-like_lesions,true
ISIC_0027210,vascular_lesions,vascular_lesions,0.9999,true,true,0.9999,0.0,0.005,0.012,98.5,light (I–II),vascular_lesions,vascular_lesions,true
ISIC_0027213,melanocytic_Nevi,benign_keratosis-like_lesions,0.6237,false,true,0.6237,1.1864,0.569,0.587,111.9,light (I–II),melanocytic_Nevi,benign_keratosis-like_lesions,false
ISIC_0027214,melanocytic_Nevi,melanocytic_Nevi,1.0,true,true,1.0,0.0,0.991,0.937,30.3,medium (III–IV),melanocytic_Nevi,melanocytic_Nevi,true
ISIC_0027217,melanocytic_Nevi,melanocytic_Nevi,0.9979,true,true,0.9979,0.0,0.997,0.48,57.2,light (I–II),melanocytic_Nevi,melanocytic_Nevi,true
ISIC_0027220,melanocytic_Nevi,melanocytic_Nevi,0.999,true,true,0.999,0.0,0.986,0.984,44.5,light (I–II),melanocytic_Nevi,melanocytic_Nevi,true
ISIC_0027221,melanocytic_Nevi,melanocytic_Nevi,0.9987,true,true,0.9987,0.0,0.963,0.673,66.2,light (I–II),melanocytic_Nevi,melanocytic_Nevi,true
ISIC_0027238,melanoma,melanocytic_Nevi,0.5071,false,true,0.5071,0.5149,0.253,0.231,110.4,light (I–II),melanoma,melanocytic_Nevi,false
ISIC_0027262,melanocytic_Nevi,vascular_lesions,0.4438,false,true,0.4438,0.6853,0.0,0.0,101.9,light (I–II),melanocytic_Nevi,vascular_lesions,false
ISIC_0027266,melanocytic_Nevi,melanocytic_Nevi,0.6361,true,true,0.6361,0.1912,0.626,0.374,101.4,light (I–II),melanocytic_Nevi,melanocytic_Nevi,true
ISIC_0027268,melanocytic_Nevi,melanocytic_Nevi,0.9604,true,true,0.9604,0.0024,0.538,0.581,23.2,medium (III–IV),melanocytic_Nevi,melanocytic_Nevi,true
ISIC_0027281,basal_cell_carcinoma,basal_cell_carcinoma,0.9987,true,true,0.9987,0.0,0.998,0.734,101.2,light (I–II),basal_cell_carcinoma,basal_cell_carcinoma,true
ISIC_0027284,melanocytic_Nevi,melanocytic_Nevi,0.8175,true,true,0.8175,0.0609,0.814,0.69,96.2,light (I–II),melanocytic_Nevi,melanocytic_Nevi,true
ISIC_0027291,basal_cell_carcinoma,basal_cell_carcinoma,0.9974,true,true,0.9974,0.0,0.997,0.938,101.2,light (I–II),basal_cell_carcinoma,basal_cell_carcinoma,true
ISIC_0027293,melanocytic_Nevi,melanocytic_Nevi,0.8123,true,true,0.8123,0.048,0.804,0.137,76.4,light (I–II),melanocytic_Nevi,melanocytic_Nevi,true
ISIC_0027303,actinic_keratoses,actinic_keratoses,0.8726,true,true,0.8726,0.0206,0.789,0.341,84.7,light (I–II),actinic_keratoses,actinic_keratoses,true
ISIC_0027333,melanocytic_Nevi,melanocytic_Nevi,0.9825,true,true,0.9825,0.0004,0.592,0.404,26.3,medium (III–IV),melanocytic_Nevi,melanocytic_Nevi,true
ISIC_0027335,benign_keratosis-like_lesions,benign_keratosis-like_lesions,0.9388,true,true,0.9388,0.0053,0.302,0.015,84.1,light (I–II),benign_keratosis-like_lesions,benign_keratosis-like_lesions,true
ISIC_0027345,melanocytic_Nevi,melanocytic_Nevi,0.6767,true,true,0.6767,0.1674,0.662,0.054,114.7,light (I–II),melanocytic_Nevi,melanocytic_Nevi,true
ISIC_0027348,melanocytic_Nevi,melanocytic_Nevi,0.3922,true,true,0.3922,0.5266,0.244,0.0,79.5,light (I–II),melanocytic_Nevi,melanocytic_Nevi,true
ISIC_0027352,melanoma,melanoma,0.7775,true,true,0.7775,0.0943,0.772,0.748,5.3,dark (V–VI),melanoma,melanoma,true
ISIC_0027362,melanocytic_Nevi,melanocytic_Nevi,0.9993,true,true,0.9993,0.0,0.999,0.149,56.7,light (I–II),melanocytic_Nevi,melanocytic_Nevi,true
ISIC_0027380,melanocytic_Nevi,melanocytic_Nevi,0.9934,true,true,0.9934,0.0001,0.99,0.641,85.1,light (I–II),melanocytic_Nevi,melanocytic_Nevi,true
ISIC_0027389,melanocytic_Nevi,melanocytic_Nevi,0.9994,true,true,0.9994,0.0,0.995,0.828,29.5,medium (III–IV),melanocytic_Nevi,melanocytic_Nevi,true
ISIC_0027410,melanocytic_Nevi,melanocytic_Nevi,0.5212,true,true,0.5212,0.3672,0.49,0.38,-10.2,dark (V–VI),melanocytic_Nevi,melanocytic_Nevi,true
ISIC_0027423,melanocytic_Nevi,melanocytic_Nevi,0.8129,true,true,0.8129,0.0442,0.806,0.803,60.6,light (I–II),melanocytic_Nevi,melanocytic_Nevi,true
ISIC_0027435,benign_keratosis-like_lesions,benign_keratosis-like_lesions,0.735,true,true,0.735,0.0968,0.587,0.373,115.1,light (I–II),benign_keratosis-like_lesions,benign_keratosis-like_lesions,true
ISIC_0027437,benign_keratosis-like_lesions,melanocytic_Nevi,0.4941,false,true,0.4941,0.8839,0.483,0.005,11.2,dark (V–VI),benign_keratosis-like_lesions,melanocytic_Nevi,false
ISIC_0027439,melanocytic_Nevi,melanocytic_Nevi,0.7964,true,true,0.7964,0.0638,0.561,0.312,59.9,light (I–II),melanocytic_Nevi,melanocytic_Nevi,true
ISIC_0027441,melanocytic_Nevi,melanocytic_Nevi,1.0,true,true,1.0,0.0,0.998,0.585,38.2,medium (III–IV),melanocytic_Nevi,melanocytic_Nevi,true
ISIC_0027447,actinic_keratoses,actinic_keratoses,0.9983,true,true,0.9983,0.0,0.995,0.998,46.1,light (I–II),actinic_keratoses,actinic_keratoses,true
ISIC_0027454,benign_keratosis-like_lesions,benign_keratosis-like_lesions,0.9765,true,true,0.9765,0.0008,0.403,0.446,86.6,light (I–II),benign_keratosis-like_lesions,benign_keratosis-like_lesions,true
ISIC_0027455,benign_keratosis-like_lesions,melanocytic_Nevi,0.6247,false,true,0.6247,1.2874,0.622,0.156,107.0,light (I–II),benign_keratosis-like_lesions,melanocytic_Nevi,false
ISIC_0027456,melanocytic_Nevi,melanocytic_Nevi,0.9997,true,true,0.9997,0.0,0.962,0.026,57.7,light (I–II),melanocytic_Nevi,melanocytic_Nevi,true
ISIC_0027462,melanocytic_Nevi,melanocytic_Nevi,0.6541,true,true,0.6541,0.2373,0.595,0.32,71.8,light (I–II),melanocytic_Nevi,melanocytic_Nevi,true
ISIC_0027483,melanocytic_Nevi,melanocytic_Nevi,1.0,true,true,1.0,0.0,0.999,0.72,77.4,light (I–II),melanocytic_Nevi,melanocytic_Nevi,true
ISIC_0027487,melanoma,melanoma,0.925,true,true,0.925,0.0092,0.925,0.144,59.9,light (I–II),melanoma,melanoma,true
ISIC_0027489,melanocytic_Nevi,melanocytic_Nevi,0.9995,true,true,0.9995,0.0,0.998,0.008,80.3,light (I–II),melanocytic_Nevi,melanocytic_Nevi,true
ISIC_0027496,melanocytic_Nevi,melanocytic_Nevi,1.0,true,true,1.0,0.0,0.996,0.004,70.0,light (I–II),melanocytic_Nevi,melanocytic_Nevi,true
ISIC_0027497,melanocytic_Nevi,melanocytic_Nevi,0.7196,true,true,0.7196,0.1267,0.665,0.135,106.6,light (I–II),melanocytic_Nevi,melanocytic_Nevi,true
ISIC_0027503,melanocytic_Nevi,melanocytic_Nevi,0.9292,true,true,0.9292,0.01,0.928,0.095,91.5,light (I–II),melanocytic_Nevi,melanocytic_Nevi,true
ISIC_0027505,melanocytic_Nevi,melanocytic_Nevi,0.9847,true,true,0.9847,0.0004,0.737,0.07,97.2,light (I–II),melanocytic_Nevi,melanocytic_Nevi,true
ISIC_0027515,melanocytic_Nevi,melanocytic_Nevi,0.9993,true,true,0.9993,0.0,0.996,0.994,70.8,light (I–II),melanocytic_Nevi,melanocytic_Nevi,true
ISIC_0027516,melanocytic_Nevi,melanocytic_Nevi,0.9988,true,true,0.9988,0.0,0.954,0.058,35.5,medium (III–IV),melanocytic_Nevi,melanocytic_Nevi,true
ISIC_0027536,actinic_keratoses,actinic_keratoses,0.9981,true,true,0.9981,0.0,0.989,0.009,48.7,light (I–II),actinic_keratoses,actinic_keratoses,true
ISIC_0027546,basal_cell_carcinoma,basal_cell_carcinoma,0.6703,true,true,0.6703,0.1756,0.67,0.582,89.6,light (I–II),basal_cell_carcinoma,basal_cell_carcinoma,true
ISIC_0027552,melanoma,melanoma,0.6099,true,true,0.6099,0.2924,0.61,0.0,74.6,light (I–II),melanoma,melanoma,true
ISIC_0027560,melanoma,melanoma,0.7316,true,true,0.7316,0.1003,0.718,0.181,89.5,light (I–II),melanoma,melanoma,true
ISIC_0027563,vascular_lesions,vascular_lesions,0.9865,true,true,0.9865,0.0003,0.0,0.0,95.7,light (I–II),vascular_lesions,vascular_lesions,true
ISIC_0027569,melanocytic_Nevi,melanocytic_Nevi,0.6858,true,true,0.6858,0.1481,0.68,0.0,107.9,light (I–II),melanocytic_Nevi,melanocytic_Nevi,true
ISIC_0027570,melanocytic_Nevi,melanocytic_Nevi,0.998,true,true,0.998,0.0,0.91,0.068,79.3,light (I–II),melanocytic_Nevi,melanocytic_Nevi,true
ISIC_0027584,benign_keratosis-like_lesions,benign_keratosis-like_lesions,0.968,true,true,0.968,0.0017,0.223,0.039,14.5,dark (V–VI),benign_keratosis-like_lesions,benign_keratosis-like_lesions,true
ISIC_0027586,melanocytic_Nevi,melanocytic_Nevi,0.999,true,true,0.999,0.0,0.998,0.971,62.7,light (I–II),melanocytic_Nevi,melanocytic_Nevi,true
ISIC_0027588,actinic_keratoses,benign_keratosis-like_lesions,0.4025,false,true,0.4025,0.8168,0.396,0.372,71.8,light (I–II),actinic_keratoses,benign_keratosis-like_lesions,false
ISIC_0027590,melanoma,melanoma,0.6928,true,true,0.6928,0.1366,0.643,0.561,90.2,light (I–II),melanoma,melanoma,true
ISIC_0027603,melanocytic_Nevi,melanocytic_Nevi,0.9951,true,true,0.9951,0.0,0.994,0.044,80.1,light (I–II),melanocytic_Nevi,melanocytic_Nevi,true
ISIC_0027615,actinic_keratoses,actinic_keratoses,0.8923,true,true,0.8923,0.021,0.89,0.256,78.4,light (I–II),actinic_keratoses,actinic_keratoses,true
ISIC_0027620,melanoma,melanocytic_Nevi,0.5884,false,true,0.5884,0.6939,0.58,0.171,73.5,light (I–II),melanoma,melanocytic_Nevi,false
ISIC_0027624,melanocytic_Nevi,melanocytic_Nevi,1.0,true,true,1.0,0.0,0.999,0.003,73.2,light (I–II),melanocytic_Nevi,melanocytic_Nevi,true
ISIC_0027646,melanocytic_Nevi,melanocytic_Nevi,0.9998,true,true,0.9998,0.0,0.996,0.575,64.7,light (I–II),melanocytic_Nevi,melanocytic_Nevi,true
ISIC_0027647,melanocytic_Nevi,melanocytic_Nevi,0.9997,true,true,0.9997,0.0,0.989,0.005,82.4,light (I–II),melanocytic_Nevi,melanocytic_Nevi,true
ISIC_0027655,melanocytic_Nevi,melanocytic_Nevi,0.9999,true,true,0.9999,0.0,0.959,0.235,74.7,light (I–II),melanocytic_Nevi,melanocytic_Nevi,true
ISIC_0027663,melanoma,melanocytic_Nevi,0.5558,false,true,0.5558,1.1488,0.548,0.211,47.1,light (I–II),melanoma,melanocytic_Nevi,false
ISIC_0027674,melanocytic_Nevi,melanocytic_Nevi,0.9996,true,true,0.9996,0.0,0.956,0.007,75.7,light (I–II),melanocytic_Nevi,melanocytic_Nevi,true
ISIC_0027677,basal_cell_carcinoma,basal_cell_carcinoma,0.9086,true,true,0.9086,0.0121,0.908,0.908,75.4,light (I–II),basal_cell_carcinoma,basal_cell_carcinoma,true
ISIC_0027683,melanocytic_Nevi,melanocytic_Nevi,0.9999,true,true,0.9999,0.0,0.985,0.013,39.2,medium (III–IV),melanocytic_Nevi,melanocytic_Nevi,true
ISIC_0027686,melanocytic_Nevi,melanocytic_Nevi,0.9887,true,true,0.9887,0.0002,0.979,0.225,63.3,light (I–II),melanocytic_Nevi,melanocytic_Nevi,true
ISIC_0027690,melanocytic_Nevi,melanocytic_Nevi,0.9977,true,true,0.9977,0.0,0.978,0.848,36.8,medium (III–IV),melanocytic_Nevi,melanocytic_Nevi,true
ISIC_0027692,melanocytic_Nevi,melanocytic_Nevi,0.9989,true,true,0.9989,0.0,0.998,0.421,22.3,medium (III–IV),melanocytic_Nevi,melanocytic_Nevi,true
ISIC_0027698,melanocytic_Nevi,melanocytic_Nevi,0.8899,true,true,0.8899,0.0233,0.763,0.489,68.1,light (I–II),melanocytic_Nevi,melanocytic_Nevi,true
ISIC_0027711,melanocytic_Nevi,melanocytic_Nevi,0.7809,true,true,0.7809,0.0834,0.715,0.026,100.9,light (I–II),melanocytic_Nevi,melanocytic_Nevi,true
ISIC_0027720,melanocytic_Nevi,melanocytic_Nevi,0.9988,true,true,0.9988,0.0,0.958,0.027,77.4,light (I–II),melanocytic_Nevi,melanocytic_Nevi,true
ISIC_0027725,melanocytic_Nevi,melanocytic_Nevi,0.9564,true,true,0.9564,0.0038,0.726,0.186,68.3,light (I–II),melanocytic_Nevi,melanocytic_Nevi,true
ISIC_0027726,melanocytic_Nevi,melanocytic_Nevi,1.0,true,true,1.0,0.0,0.999,0.09,63.5,light (I–II),melanocytic_Nevi,melanocytic_Nevi,true
ISIC_0027739,benign_keratosis-like_lesions,benign_keratosis-like_lesions,0.8351,true,true,0.8351,0.0399,0.322,0.411,124.6,light (I–II),benign_keratosis-like_lesions,benign_keratosis-like_lesions,true
ISIC_0027741,melanocytic_Nevi,melanocytic_Nevi,0.9824,true,true,0.9824,0.0004,0.616,0.19,22.8,medium (III–IV),melanocytic_Nevi,melanocytic_Nevi,true
ISIC_0027748,melanocytic_Nevi,melanocytic_Nevi,0.9132,true,true,0.9132,0.0147,0.887,0.711,94.9,light (I–II),melanocytic_Nevi,melanocytic_Nevi,true
ISIC_0027754,benign_keratosis-like_lesions,benign_keratosis-like_lesions,0.9221,true,true,0.9221,0.0093,0.259,0.015,120.4,light (I–II),benign_keratosis-like_lesions,benign_keratosis-like_lesions,true
ISIC_0027764,melanocytic_Nevi,melanocytic_Nevi,0.9676,true,true,0.9676,0.0014,0.958,0.038,88.4,light (I–II),melanocytic_Nevi,melanocytic_Nevi,true
ISIC_0027767,actinic_keratoses,actinic_keratoses,0.9092,true,true,0.9092,0.0118,0.909,0.364,75.9,light (I–II),actinic_keratoses,actinic_keratoses,true
ISIC_0027768,melanocytic_Nevi,melanocytic_Nevi,0.5393,true,true,0.5393,0.308,0.518,0.393,25.0,medium (III–IV),melanocytic_Nevi,melanocytic_Nevi,true
ISIC_0027776,melanoma,actinic_keratoses,0.5876,false,true,0.5876,0.9016,0.587,0.267,90.0,light (I–II),melanoma,actinic_keratoses,false
ISIC_0027777,melanocytic_Nevi,melanocytic_Nevi,1.0,true,true,1.0,0.0,0.989,0.958,66.7,light (I–II),melanocytic_Nevi,melanocytic_Nevi,true
ISIC_0027781,benign_keratosis-like_lesions,benign_keratosis-like_lesions,0.9129,true,true,0.9129,0.0098,0.444,0.0,65.4,light (I–II),benign_keratosis-like_lesions,benign_keratosis-like_lesions,true
ISIC_0027783,melanocytic_Nevi,benign_keratosis-like_lesions,0.4375,false,true,0.4375,0.5428,0.312,0.08,120.7,light (I–II),melanocytic_Nevi,benign_keratosis-like_lesions,false
ISIC_0027795,actinic_keratoses,actinic_keratoses,0.9926,true,true,0.9926,0.0001,0.992,0.309,120.0,light (I–II),actinic_keratoses,actinic_keratoses,true
ISIC_0027800,melanocytic_Nevi,melanocytic_Nevi,0.7099,true,true,0.7099,0.126,0.662,0.196,109.8,light (I–II),melanocytic_Nevi,melanocytic_Nevi,true
ISIC_0027812,melanocytic_Nevi,melanocytic_Nevi,0.8827,true,true,0.8827,0.0171,0.878,0.073,55.8,light (I–II),melanocytic_Nevi,melanocytic_Nevi,true
ISIC_0027814,basal_cell_carcinoma,basal_cell_carcinoma,0.9248,true,true,0.9248,0.009,0.924,0.511,78.2,light (I–II),basal_cell_carcinoma,basal_cell_carcinoma,true
ISIC_0027817,melanocytic_Nevi,melanocytic_Nevi,0.9997,true,true,0.9997,0.0,0.761,0.83,65.9,light (I–II),melanocytic_Nevi,melanocytic_Nevi,true
ISIC_0027824,melanocytic_Nevi,melanocytic_Nevi,0.9991,true,true,0.9991,0.0,0.671,0.32,76.0,light (I–II),melanocytic_Nevi,melanocytic_Nevi,true
ISIC_0027832,melanoma,benign_keratosis-like_lesions,0.8974,false,true,0.8974,1.7166,0.649,0.701,97.6,light (I–II),melanoma,benign_keratosis-like_lesions,false
ISIC_0027833,melanocytic_Nevi,melanocytic_Nevi,0.9881,true,true,0.9881,0.0002,0.987,0.969,73.3,light (I–II),melanocytic_Nevi,melanocytic_Nevi,true
ISIC_0027840,melanocytic_Nevi,melanocytic_Nevi,0.6166,true,true,0.6166,0.2312,0.591,0.0,85.5,light (I–II),melanocytic_Nevi,melanocytic_Nevi,true
ISIC_0027853,melanocytic_Nevi,melanocytic_Nevi,0.7044,true,true,0.7044,0.1277,0.653,0.257,72.2,light (I–II),melanocytic_Nevi,melanocytic_Nevi,true
ISIC_0027867,melanocytic_Nevi,melanocytic_Nevi,0.6711,true,true,0.6711,0.2031,0.67,0.0,99.3,light (I–II),melanocytic_Nevi,melanocytic_Nevi,true
ISIC_0027870,melanocytic_Nevi,melanocytic_Nevi,0.9733,true,true,0.9733,0.001,0.91,0.148,64.4,light (I–II),melanocytic_Nevi,melanocytic_Nevi,true
ISIC_0027876,dermatofibroma,dermatofibroma,0.9986,true,true,0.9986,0.0,0.994,0.983,108.0,light (I–II),dermatofibroma,dermatofibroma,true
ISIC_0027879,melanocytic_Nevi,melanocytic_Nevi,0.9997,true,true,0.9997,0.0,0.996,0.995,55.2,light (I–II),melanocytic_Nevi,melanocytic_Nevi,true
ISIC_0027882,melanocytic_Nevi,melanocytic_Nevi,1.0,true,true,1.0,0.0,0.942,0.049,61.3,light (I–II),melanocytic_Nevi,melanocytic_Nevi,true
ISIC_0027883,melanocytic_Nevi,melanocytic_Nevi,0.8444,true,true,0.8444,0.0476,0.765,0.364,87.0,light (I–II),melanocytic_Nevi,melanocytic_Nevi,true
ISIC_0027896,actinic_keratoses,actinic_keratoses,0.9959,true,true,0.9959,0.0,0.958,0.032,90.7,light (I–II),actinic_keratoses,actinic_keratoses,true
ISIC_0027933,melanocytic_Nevi,melanocytic_Nevi,0.979,true,true,0.979,0.0007,0.5,0.404,85.4,light (I–II),melanocytic_Nevi,melanocytic_Nevi,true
ISIC_0027934,melanocytic_Nevi,melanocytic_Nevi,0.9989,true,true,0.9989,0.0,0.965,0.133,68.5,light (I–II),melanocytic_Nevi,melanocytic_Nevi,true
ISIC_0027935,melanocytic_Nevi,melanocytic_Nevi,0.9918,true,true,0.9918,0.0001,0.991,0.884,60.3,light (I–II),melanocytic_Nevi,melanocytic_Nevi,true
ISIC_0027936,melanocytic_Nevi,melanocytic_Nevi,0.9884,true,true,0.9884,0.0003,0.981,0.334,74.9,light (I–II),melanocytic_Nevi,melanocytic_Nevi,true
ISIC_0027937,vascular_lesions,vascular_lesions,0.9984,true,true,0.9984,0.0,0.003,0.004,59.9,light (I–II),vascular_lesions,vascular_lesions,true
ISIC_0027958,actinic_keratoses,actinic_keratoses,0.9989,true,true,0.9989,0.0,0.915,0.796,88.6,light (I–II),actinic_keratoses,actinic_keratoses,true
ISIC_0027968,melanocytic_Nevi,melanocytic_Nevi,0.9999,true,true,0.9999,0.0,0.997,0.271,29.0,medium (III–IV),melanocytic_Nevi,melanocytic_Nevi,true
ISIC_0027969,benign_keratosis-like_lesions,benign_keratosis-like_lesions,0.82,true,true,0.82,0.0601,0.798,0.038,85.9,light (I–II),benign_keratosis-like_lesions,benign_keratosis-like_lesions,true
ISIC_0027972,melanocytic_Nevi,melanocytic_Nevi,0.9999,true,true,0.9999,0.0,0.997,0.051,71.1,light (I–II),melanocytic_Nevi,melanocytic_Nevi,true
ISIC_0027973,benign_keratosis-like_lesions,benign_keratosis-like_lesions,0.8208,true,true,0.8208,0.0472,0.343,0.224,-150.6,dark (V–VI),benign_keratosis-like_lesions,benign_keratosis-like_lesions,true
ISIC_0027974,melanocytic_Nevi,melanocytic_Nevi,0.993,true,true,0.993,0.0001,0.99,0.263,91.0,light (I–II),melanocytic_Nevi,melanocytic_Nevi,true
ISIC_0027983,vascular_lesions,vascular_lesions,0.9429,true,true,0.9429,0.0053,0.0,0.0,117.1,light (I–II),vascular_lesions,vascular_lesions,true
ISIC_0027984,melanocytic_Nevi,melanocytic_Nevi,0.4562,true,true,0.4562,0.4469,0.277,0.077,84.1,light (I–II),melanocytic_Nevi,melanocytic_Nevi,true
ISIC_0027986,melanocytic_Nevi,melanocytic_Nevi,0.9967,true,true,0.9967,0.0,0.907,0.178,67.5,light (I–II),melanocytic_Nevi,melanocytic_Nevi,true
ISIC_0027988,melanocytic_Nevi,melanocytic_Nevi,0.9607,true,true,0.9607,0.0029,0.957,0.007,94.0,light (I–II),melanocytic_Nevi,melanocytic_Nevi,true
ISIC_0027997,melanocytic_Nevi,basal_cell_carcinoma,0.6077,false,true,0.6077,0.8001,0.608,0.457,60.5,light (I–II),melanocytic_Nevi,basal_cell_carcinoma,false
ISIC_0028004,melanocytic_Nevi,melanocytic_Nevi,0.9991,true,true,0.9991,0.0,0.99,0.281,65.4,light (I–II),melanocytic_Nevi,melanocytic_Nevi,true
ISIC_0028007,melanocytic_Nevi,melanocytic_Nevi,0.9995,true,true,0.9995,0.0,0.995,0.356,56.9,light (I–II),melanocytic_Nevi,melanocytic_Nevi,true
ISIC_0028009,melanocytic_Nevi,melanocytic_Nevi,0.9088,true,true,0.9088,0.0157,0.796,0.676,130.1,light (I–II),melanocytic_Nevi,melanocytic_Nevi,true
ISIC_0028034,melanocytic_Nevi,melanocytic_Nevi,0.9986,true,true,0.9986,0.0,0.989,0.977,80.0,light (I–II),melanocytic_Nevi,melanocytic_Nevi,true
ISIC_0028053,melanocytic_Nevi,melanocytic_Nevi,0.9978,true,true,0.9978,0.0,0.991,0.641,27.6,medium (III–IV),melanocytic_Nevi,melanocytic_Nevi,true
ISIC_0028060,melanocytic_Nevi,melanocytic_Nevi,0.9295,true,true,0.9295,0.0079,0.882,0.622,50.9,light (I–II),melanocytic_Nevi,melanocytic_Nevi,true
ISIC_0028061,melanocytic_Nevi,melanocytic_Nevi,0.9999,true,true,0.9999,0.0,0.99,0.162,63.5,light (I–II),melanocytic_Nevi,melanocytic_Nevi,true
ISIC_0028090,melanocytic_Nevi,melanocytic_Nevi,0.9997,true,true,0.9997,0.0,0.998,0.005,75.3,light (I–II),melanocytic_Nevi,melanocytic_Nevi,true
ISIC_0028098,melanocytic_Nevi,benign_keratosis-like_lesions,0.9605,false,true,0.9605,1.8672,0.75,0.058,36.7,medium (III–IV),melanocytic_Nevi,benign_keratosis-like_lesions,false
ISIC_0028101,melanocytic_Nevi,melanocytic_Nevi,0.9824,true,true,0.9824,0.0005,0.744,0.329,113.3,light (I–II),melanocytic_Nevi,melanocytic_Nevi,true
ISIC_0028125,melanocytic_Nevi,melanocytic_Nevi,0.9997,true,true,0.9997,0.0,0.812,0.702,31.2,medium (III–IV),melanocytic_Nevi,melanocytic_Nevi,true
ISIC_0028127,melanoma,melanoma,0.9073,true,true,0.9073,0.0163,0.135,0.124,76.1,light (I–II),melanoma,melanoma,true
ISIC_0028132,actinic_keratoses,actinic_keratoses,0.7469,true,true,0.7469,0.1226,0.747,0.185,85.7,light (I–II),actinic_keratoses,actinic_keratoses,true
ISIC_0028140,melanocytic_Nevi,melanocytic_Nevi,0.9999,true,true,0.9999,0.0,0.998,0.964,73.7,light (I–II),melanocytic_Nevi,melanocytic_Nevi,true
ISIC_0028142,melanocytic_Nevi,melanocytic_Nevi,0.9945,true,true,0.9945,0.0,0.928,0.191,89.0,light (I–II),melanocytic_Nevi,melanocytic_Nevi,true
ISIC_0028147,basal_cell_carcinoma,basal_cell_carcinoma,0.9427,true,true,0.9427,0.0051,0.943,0.942,38.6,medium (III–IV),basal_cell_carcinoma,basal_cell_carcinoma,true
ISIC_0028156,melanoma,actinic_keratoses,0.296,false,false,0.296,0.8582,0.26,0.277,79.7,light (I–II),melanoma,actinic_keratoses,false
ISIC_0028157,melanocytic_Nevi,melanocytic_Nevi,0.9995,true,true,0.9995,0.0,0.998,0.021,79.2,light (I–II),melanocytic_Nevi,melanocytic_Nevi,true
ISIC_0028159,melanocytic_Nevi,vascular_lesions,0.5677,false,true,0.5677,1.1833,0.0,0.0,63.2,light (I–II),melanocytic_Nevi,vascular_lesions,false
ISIC_0028173,melanoma,melanocytic_Nevi,0.9332,false,true,0.9332,1.8125,0.875,0.719,61.1,light (I–II),melanoma,melanocytic_Nevi,false
ISIC_0028175,melanocytic_Nevi,melanocytic_Nevi,0.9989,true,true,0.9989,0.0,0.973,0.105,91.3,light (I–II),melanocytic_Nevi,melanocytic_Nevi,true
ISIC_0028176,melanocytic_Nevi,melanocytic_Nevi,1.0,true,true,1.0,0.0,0.996,0.016,41.7,light (I–II),melanocytic_Nevi,melanocytic_Nevi,true
ISIC_0028177,melanocytic_Nevi,melanocytic_Nevi,1.0,true,true,1.0,0.0,0.998,0.998,63.0,light (I–II),melanocytic_Nevi,melanocytic_Nevi,true
ISIC_0028180,benign_keratosis-like_lesions,benign_keratosis-like_lesions,0.9821,true,true,0.9821,0.0004,0.946,0.15,119.1,light (I–II),benign_keratosis-like_lesions,benign_keratosis-like_lesions,true
ISIC_0028183,melanocytic_Nevi,melanocytic_Nevi,0.9744,true,true,0.9744,0.0011,0.925,0.696,67.9,light (I–II),melanocytic_Nevi,melanocytic_Nevi,true
ISIC_0028191,melanocytic_Nevi,melanocytic_Nevi,0.9995,true,true,0.9995,0.0,0.998,0.508,45.2,light (I–II),melanocytic_Nevi,melanocytic_Nevi,true
ISIC_0028192,melanocytic_Nevi,melanocytic_Nevi,1.0,true,true,1.0,0.0,0.879,0.022,73.8,light (I–II),melanocytic_Nevi,melanocytic_Nevi,true
ISIC_0028193,melanocytic_Nevi,melanocytic_Nevi,0.9995,true,true,0.9995,0.0,0.99,0.125,45.6,light (I–II),melanocytic_Nevi,melanocytic_Nevi,true
ISIC_0028201,benign_keratosis-like_lesions,benign_keratosis-like_lesions,0.8696,true,true,0.8696,0.0268,0.348,0.0,113.0,light (I–II),benign_keratosis-like_lesions,benign_keratosis-like_lesions,true
ISIC_0028207,melanocytic_Nevi,melanocytic_Nevi,0.998,true,true,0.998,0.0,0.96,0.791,76.9,light (I–II),melanocytic_Nevi,melanocytic_Nevi,true
ISIC_0028208,melanocytic_Nevi,melanocytic_Nevi,0.9995,true,true,0.9995,0.0,0.996,0.082,89.4,light (I–II),melanocytic_Nevi,melanocytic_Nevi,true
ISIC_0028209,benign_keratosis-like_lesions,benign_keratosis-like_lesions,0.6308,true,true,0.6308,0.1929,0.034,0.062,-85.4,dark (V–VI),benign_keratosis-like_lesions,benign_keratosis-like_lesions,true
ISIC_0028211,melanoma,benign_keratosis-like_lesions,0.4905,false,true,0.4905,0.8063,0.114,0.0,110.0,light (I–II),melanoma,benign_keratosis-like_lesions,false
ISIC_0028214,melanocytic_Nevi,basal_cell_carcinoma,0.7781,false,true,0.7781,1.5889,0.769,0.764,5.4,dark (V–VI),melanocytic_Nevi,basal_cell_carcinoma,false
ISIC_0028219,melanoma,melanocytic_Nevi,0.8753,false,true,0.8753,1.6054,0.871,0.068,99.4,light (I–II),melanoma,melanocytic_Nevi,false
ISIC_0028224,actinic_keratoses,actinic_keratoses,0.9965,true,true,0.9965,0.0,0.996,0.175,71.7,light (I–II),actinic_keratoses,actinic_keratoses,true
ISIC_0028240,melanocytic_Nevi,melanocytic_Nevi,0.9965,true,true,0.9965,0.0,0.967,0.34,8.6,dark (V–VI),melanocytic_Nevi,melanocytic_Nevi,true
ISIC_0028243,melanocytic_Nevi,melanocytic_Nevi,0.7742,true,true,0.7742,0.0849,0.635,0.0,98.9,light (I–II),melanocytic_Nevi,melanocytic_Nevi,true
ISIC_0028246,melanocytic_Nevi,melanocytic_Nevi,0.9802,true,true,0.9802,0.0008,0.962,0.37,88.3,light (I–II),melanocytic_Nevi,melanocytic_Nevi,true
ISIC_0028255,melanocytic_Nevi,melanocytic_Nevi,0.6567,true,true,0.6567,0.1582,0.584,0.244,103.9,light (I–II),melanocytic_Nevi,melanocytic_Nevi,true
ISIC_0028260,melanocytic_Nevi,melanocytic_Nevi,0.9983,true,true,0.9983,0.0,0.982,0.977,22.1,medium (III–IV),melanocytic_Nevi,melanocytic_Nevi,true
ISIC_0028277,melanocytic_Nevi,melanocytic_Nevi,0.9998,true,true,0.9998,0.0,0.996,0.017,85.8,light (I–II),melanocytic_Nevi,melanocytic_Nevi,true
ISIC_0028279,melanocytic_Nevi,melanocytic_Nevi,0.9975,true,true,0.9975,0.0,0.848,0.133,25.4,medium (III–IV),melanocytic_Nevi,melanocytic_Nevi,true
ISIC_0028288,melanoma,melanoma,0.4989,true,true,0.4989,0.3803,0.498,0.233,77.2,light (I–II),melanoma,melanoma,true
ISIC_0028302,melanocytic_Nevi,melanocytic_Nevi,0.9309,true,true,0.9309,0.0079,0.911,0.494,96.2,light (I–II),melanocytic_Nevi,melanocytic_Nevi,true
ISIC_0028304,melanocytic_Nevi,melanocytic_Nevi,0.7,true,true,0.7,0.1658,0.645,0.312,52.5,light (I–II),melanocytic_Nevi,melanocytic_Nevi,true
ISIC_0028311,melanocytic_Nevi,melanocytic_Nevi,0.9947,true,true,0.9947,0.0001,0.991,0.984,111.1,light (I–II),melanocytic_Nevi,melanocytic_Nevi,true
ISIC_0028313,melanocytic_Nevi,melanocytic_Nevi,0.9987,true,true,0.9987,0.0,0.985,0.038,63.6,light (I–II),melanocytic_Nevi,melanocytic_Nevi,true
ISIC_0028316,basal_cell_carcinoma,basal_cell_carcinoma,0.8195,true,true,0.8195,0.0491,0.819,0.718,71.4,light (I–II),basal_cell_carcinoma,basal_cell_carcinoma,true
ISIC_0028321,melanocytic_Nevi,melanocytic_Nevi,0.9978,true,true,0.9978,0.0,0.982,0.87,57.1,light (I–II),melanocytic_Nevi,melanocytic_Nevi,true
ISIC_0028344,melanocytic_Nevi,melanocytic_Nevi,0.8596,true,true,0.8596,0.031,0.857,0.126,71.7,light (I–II),melanocytic_Nevi,melanocytic_Nevi,true
ISIC_0028347,benign_keratosis-like_lesions,benign_keratosis-like_lesions,0.878,true,true,0.878,0.0208,0.69,0.114,80.7,light (I–II),benign_keratosis-like_lesions,benign_keratosis-like_lesions,true
ISIC_0028348,melanocytic_Nevi,melanocytic_Nevi,0.9997,true,true,0.9997,0.0,0.961,0.198,76.2,light (I–II),melanocytic_Nevi,melanocytic_Nevi,true
ISIC_0028352,melanoma,benign_keratosis-like_lesions,0.2878,false,true,0.2878,0.6842,0.0,0.0,125.3,light (I–II),melanoma,benign_keratosis-like_lesions,false
ISIC_0028363,melanocytic_Nevi,melanocytic_Nevi,0.9992,true,true,0.9992,0.0,0.921,0.077,53.2,light (I–II),melanocytic_Nevi,melanocytic_Nevi,true
ISIC_0028366,melanocytic_Nevi,melanocytic_Nevi,1.0,true,true,1.0,0.0,0.997,0.052,81.2,light (I–II),melanocytic_Nevi,melanocytic_Nevi,true
ISIC_0028369,melanocytic_Nevi,melanocytic_Nevi,0.9998,true,true,0.9998,0.0,0.999,0.115,55.1,light (I–II),melanocytic_Nevi,melanocytic_Nevi,true
ISIC_0028370,actinic_keratoses,actinic_keratoses,0.9964,true,true,0.9964,0.0,0.983,0.019,59.7,light (I–II),actinic_keratoses,actinic_keratoses,true
ISIC_0028375,melanocytic_Nevi,melanocytic_Nevi,0.9985,true,true,0.9985,0.0,0.995,0.719,56.4,light (I–II),melanocytic_Nevi,melanocytic_Nevi,true
ISIC_0028378,melanocytic_Nevi,melanocytic_Nevi,0.9041,true,true,0.9041,0.0169,0.897,0.078,69.7,light (I–II),melanocytic_Nevi,melanocytic_Nevi,true
ISIC_0028383,melanocytic_Nevi,melanocytic_Nevi,1.0,true,true,1.0,0.0,0.998,0.963,45.9,light (I–II),melanocytic_Nevi,melanocytic_Nevi,true
ISIC_0028384,melanocytic_Nevi,benign_keratosis-like_lesions,0.7703,false,true,0.7703,1.217,0.763,0.307,101.2,light (I–II),melanocytic_Nevi,benign_keratosis-like_lesions,false
ISIC_0028390,melanocytic_Nevi,melanocytic_Nevi,0.9646,true,true,0.9646,0.0024,0.581,0.204,103.6,light (I–II),melanocytic_Nevi,melanocytic_Nevi,true
ISIC_0028420,melanocytic_Nevi,melanocytic_Nevi,0.8169,true,true,0.8169,0.0501,0.75,0.253,13.2,dark (V–VI),melanocytic_Nevi,melanocytic_Nevi,true
ISIC_0028422,melanocytic_Nevi,melanocytic_Nevi,0.9937,true,true,0.9937,0.0001,0.987,0.279,70.7,light (I–II),melanocytic_Nevi,melanocytic_Nevi,true
ISIC_0028425,melanocytic_Nevi,melanocytic_Nevi,0.9228,true,true,0.9228,0.0114,0.801,0.217,41.8,light (I–II),melanocytic_Nevi,melanocytic_Nevi,true
ISIC_0028431,vascular_lesions,vascular_lesions,0.993,true,true,0.993,0.0001,0.056,0.0,67.1,light (I–II),vascular_lesions,vascular_lesions,true
ISIC_0028436,melanocytic_Nevi,melanocytic_Nevi,0.5171,true,true,0.5171,0.3738,0.499,0.077,107.6,light (I–II),melanocytic_Nevi,melanocytic_Nevi,true
ISIC_0028440,melanocytic_Nevi,melanocytic_Nevi,0.9968,true,true,0.9968,0.0,0.977,0.053,76.8,light (I–II),melanocytic_Nevi,melanocytic_Nevi,true
ISIC_0028447,melanocytic_Nevi,benign_keratosis-like_lesions,0.8704,false,true,0.8704,1.6209,0.46,0.215,64.7,light (I–II),melanocytic_Nevi,benign_keratosis-like_lesions,false
ISIC_0028450,melanocytic_Nevi,melanocytic_Nevi,0.5991,true,true,0.5991,0.2642,0.598,0.0,74.0,light (I–II),melanocytic_Nevi,melanocytic_Nevi,true
ISIC_0028456,melanocytic_Nevi,melanocytic_Nevi,1.0,true,true,1.0,0.0,1.0,0.23,22.5,medium (III–IV),melanocytic_Nevi,melanocytic_Nevi,true
ISIC_0028466,melanocytic_Nevi,melanocytic_Nevi,0.9982,true,true,0.9982,0.0,0.998,0.021,45.7,light (I–II),melanocytic_Nevi,melanocytic_Nevi,true
ISIC_0028510,melanocytic_Nevi,melanocytic_Nevi,0.9651,true,true,0.9651,0.0023,0.936,0.386,68.5,light (I–II),melanocytic_Nevi,melanocytic_Nevi,true
ISIC_0028513,melanocytic_Nevi,melanocytic_Nevi,0.9898,true,true,0.9898,0.0002,0.571,0.091,80.2,light (I–II),melanocytic_Nevi,melanocytic_Nevi,true
ISIC_0028525,benign_keratosis-like_lesions,actinic_keratoses,0.6519,false,true,0.6519,1.3733,0.65,0.648,70.2,light (I–II),benign_keratosis-like_lesions,actinic_keratoses,false
ISIC_0028528,melanocytic_Nevi,melanoma,0.8116,false,true,0.8116,1.3722,0.276,0.182,107.6,light (I–II),melanocytic_Nevi,melanoma,false
ISIC_0028533,melanocytic_Nevi,melanocytic_Nevi,0.9234,true,true,0.9234,0.0092,0.915,0.881,86.3,light (I–II),melanocytic_Nevi,melanocytic_Nevi,true
ISIC_0028545,melanocytic_Nevi,melanocytic_Nevi,0.9217,true,true,0.9217,0.0095,0.83,0.611,91.3,light (I–II),melanocytic_Nevi,melanocytic_Nevi,true
ISIC_0028548,melanoma,benign_keratosis-like_lesions,0.3785,false,true,0.3785,0.5939,0.0,0.0,121.9,light (I–II),melanoma,benign_keratosis-like_lesions,false
ISIC_0028551,melanocytic_Nevi,melanocytic_Nevi,0.4617,true,true,0.4617,0.3792,0.352,0.271,65.1,light (I–II),melanocytic_Nevi,melanocytic_Nevi,true
ISIC_0028556,basal_cell_carcinoma,basal_cell_carcinoma,0.9986,true,true,0.9986,0.0,0.999,0.911,92.9,light (I–II),basal_cell_carcinoma,basal_cell_carcinoma,true
ISIC_0028573,melanocytic_Nevi,melanocytic_Nevi,0.9138,true,true,0.9138,0.0146,0.785,0.149,68.4,light (I–II),melanocytic_Nevi,melanocytic_Nevi,true
ISIC_0028575,melanocytic_Nevi,melanocytic_Nevi,0.9993,true,true,0.9993,0.0,0.998,0.073,54.4,light (I–II),melanocytic_Nevi,melanocytic_Nevi,true
ISIC_0028587,benign_keratosis-like_lesions,benign_keratosis-like_lesions,0.9981,true,true,0.9981,0.0,0.778,0.76,91.1,light (I–II),benign_keratosis-like_lesions,benign_keratosis-like_lesions,true
ISIC_0028591,melanocytic_Nevi,melanocytic_Nevi,0.7987,true,true,0.7987,0.0564,0.631,0.128,96.1,light (I–II),melanocytic_Nevi,melanocytic_Nevi,true
ISIC_0028608,melanocytic_Nevi,melanocytic_Nevi,0.2988,true,true,0.2988,0.6076,0.208,0.172,-173.6,dark (V–VI),melanocytic_Nevi,melanocytic_Nevi,true
ISIC_0028641,melanocytic_Nevi,melanocytic_Nevi,0.9997,true,true,0.9997,0.0,0.997,0.005,66.6,light (I–II),melanocytic_Nevi,melanocytic_Nevi,true
ISIC_0028650,benign_keratosis-like_lesions,actinic_keratoses,0.7768,false,true,0.7768,1.335,0.722,0.61,91.4,light (I–II),benign_keratosis-like_lesions,actinic_keratoses,false
ISIC_0028669,melanocytic_Nevi,melanocytic_Nevi,1.0,true,true,1.0,0.0,1.0,0.919,48.5,light (I–II),melanocytic_Nevi,melanocytic_Nevi,true
ISIC_0028672,melanocytic_Nevi,melanocytic_Nevi,0.9996,true,true,0.9996,0.0,0.996,0.038,30.1,medium (III–IV),melanocytic_Nevi,melanocytic_Nevi,true
ISIC_0028680,vascular_lesions,vascular_lesions,0.97,true,true,0.97,0.0018,0.0,0.0,99.6,light (I–II),vascular_lesions,vascular_lesions,true
ISIC_0028681,benign_keratosis-like_lesions,melanocytic_Nevi,0.9544,false,true,0.9544,1.843,0.695,0.46,86.6,light (I–II),benign_keratosis-like_lesions,melanocytic_Nevi,false
ISIC_0028685,melanoma,actinic_keratoses,0.7168,false,true,0.7168,1.3296,0.712,0.512,64.6,light (I–II),melanoma,actinic_keratoses,false
ISIC_0028702,benign_keratosis-like_lesions,benign_keratosis-like_lesions,0.8958,true,true,0.8958,0.0174,0.451,0.208,98.1,light (I–II),benign_keratosis-like_lesions,benign_keratosis-like_lesions,true
ISIC_0028716,melanocytic_Nevi,melanocytic_Nevi,0.9994,true,true,0.9994,0.0,0.831,0.038,71.9,light (I–II),melanocytic_Nevi,melanocytic_Nevi,true
ISIC_0028737,melanocytic_Nevi,melanocytic_Nevi,0.6724,true,true,0.6724,0.1338,0.641,0.632,64.9,light (I–II),melanocytic_Nevi,melanocytic_Nevi,true
ISIC_0028738,melanocytic_Nevi,melanocytic_Nevi,1.0,true,true,1.0,0.0,0.998,0.009,73.4,light (I–II),melanocytic_Nevi,melanocytic_Nevi,true
ISIC_0028745,melanocytic_Nevi,melanocytic_Nevi,0.9994,true,true,0.9994,0.0,0.995,0.956,48.5,light (I–II),melanocytic_Nevi,melanocytic_Nevi,true
ISIC_0028751,melanocytic_Nevi,melanocytic_Nevi,0.942,true,true,0.942,0.0067,0.521,0.15,110.8,light (I–II),melanocytic_Nevi,melanocytic_Nevi,true
ISIC_0028757,melanocytic_Nevi,melanocytic_Nevi,0.4774,true,true,0.4774,0.3924,0.443,0.0,53.4,light (I–II),melanocytic_Nevi,melanocytic_Nevi,true
ISIC_0028778,melanocytic_Nevi,melanocytic_Nevi,0.9996,true,true,0.9996,0.0,0.981,0.997,88.1,light (I–II),melanocytic_Nevi,melanocytic_Nevi,true
ISIC_0028788,melanocytic_Nevi,melanocytic_Nevi,1.0,true,true,1.0,0.0,0.996,0.877,78.4,light (I–II),melanocytic_Nevi,melanocytic_Nevi,true
ISIC_0028807,basal_cell_carcinoma,basal_cell_carcinoma,0.7306,true,true,0.7306,0.1286,0.728,0.411,89.6,light (I–II),basal_cell_carcinoma,basal_cell_carcinoma,true
ISIC_0028815,basal_cell_carcinoma,basal_cell_carcinoma,0.9967,true,true,0.9967,0.0,0.997,0.782,93.0,light (I–II),basal_cell_carcinoma,basal_cell_carcinoma,true
ISIC_0028820,actinic_keratoses,actinic_keratoses,0.9934,true,true,0.9934,0.0001,0.966,0.328,104.2,light (I–II),actinic_keratoses,actinic_keratoses,true
ISIC_0028821,melanocytic_Nevi,actinic_keratoses,0.7382,false,true,0.7382,1.4477,0.738,0.698,-26.3,dark (V–VI),melanocytic_Nevi,actinic_keratoses,false
ISIC_0028827,melanocytic_Nevi,melanocytic_Nevi,0.9999,true,true,0.9999,0.0,0.997,0.393,41.9,light (I–II),melanocytic_Nevi,melanocytic_Nevi,true
ISIC_0028837,melanocytic_Nevi,melanocytic_Nevi,0.9971,true,true,0.9971,0.0,0.987,0.339,0.8,dark (V–VI),melanocytic_Nevi,melanocytic_Nevi,true
ISIC_0028839,melanocytic_Nevi,melanocytic_Nevi,1.0,true,true,1.0,0.0,0.998,0.019,70.5,light (I–II),melanocytic_Nevi,melanocytic_Nevi,true
ISIC_0028840,benign_keratosis-like_lesions,benign_keratosis-like_lesions,0.7274,true,true,0.7274,0.1128,0.202,0.0,86.4,light (I–II),benign_keratosis-like_lesions,benign_keratosis-like_lesions,true
ISIC_0028846,benign_keratosis-like_lesions,benign_keratosis-like_lesions,0.7798,true,true,0.7798,0.0877,0.575,0.084,108.0,light (I–II),benign_keratosis-like_lesions,benign_keratosis-like_lesions,true
ISIC_0028848,melanocytic_Nevi,melanocytic_Nevi,0.999,true,true,0.999,0.0,0.987,0.706,54.1,light (I–II),melanocytic_Nevi,melanocytic_Nevi,true
ISIC_0028863,melanocytic_Nevi,melanocytic_Nevi,0.8035,true,true,0.8035,0.0682,0.795,0.305,89.3,light (I–II),melanocytic_Nevi,melanocytic_Nevi,true
ISIC_0028871,basal_cell_carcinoma,basal_cell_carcinoma,0.8895,true,true,0.8895,0.0194,0.889,0.596,80.6,light (I–II),basal_cell_carcinoma,basal_cell_carcinoma,true
ISIC_0028879,melanocytic_Nevi,melanocytic_Nevi,0.9993,true,true,0.9993,0.0,0.993,0.087,72.4,light (I–II),melanocytic_Nevi,melanocytic_Nevi,true
ISIC_0028897,melanoma,melanoma,0.7378,true,true,0.7378,0.0991,0.714,0.034,104.0,light (I–II),melanoma,melanoma,true
ISIC_0028898,melanoma,melanocytic_Nevi,0.6143,false,true,0.6143,0.7602,0.544,0.0,103.5,light (I–II),melanoma,melanocytic_Nevi,false
ISIC_0028901,melanoma,melanoma,0.9531,true,true,0.9531,0.0032,0.948,0.901,-179.7,dark (V–VI),melanoma,melanoma,true
ISIC_0028905,melanocytic_Nevi,melanocytic_Nevi,0.6452,true,true,0.6452,0.167,0.635,0.348,99.3,light (I–II),melanocytic_Nevi,melanocytic_Nevi,true
ISIC_0028906,melanocytic_Nevi,melanocytic_Nevi,0.9997,true,true,0.9997,0.0,0.998,0.693,74.2,light (I–II),melanocytic_Nevi,melanocytic_Nevi,true
ISIC_0028914,melanocytic_Nevi,melanocytic_Nevi,0.9994,true,true,0.9994,0.0,0.988,0.287,28.3,medium (III–IV),melanocytic_Nevi,melanocytic_Nevi,true
ISIC_0028919,melanocytic_Nevi,melanocytic_Nevi,0.9999,true,true,0.9999,0.0,0.996,0.581,78.7,light (I–II),melanocytic_Nevi,melanocytic_Nevi,true
ISIC_0028924,melanocytic_Nevi,melanocytic_Nevi,0.9998,true,true,0.9998,0.0,0.999,0.173,67.0,light (I–II),melanocytic_Nevi,melanocytic_Nevi,true
ISIC_0028926,dermatofibroma,dermatofibroma,0.9972,true,true,0.9972,0.0,0.938,0.384,69.2,light (I–II),dermatofibroma,dermatofibroma,true
ISIC_0028929,melanoma,melanoma,0.701,true,true,0.701,0.1212,0.692,0.387,67.0,light (I–II),melanoma,melanoma,true
ISIC_0028934,melanocytic_Nevi,melanocytic_Nevi,0.999,true,true,0.999,0.0,0.992,0.123,52.0,light (I–II),melanocytic_Nevi,melanocytic_Nevi,true
ISIC_0028943,benign_keratosis-like_lesions,actinic_keratoses,0.8325,false,true,0.8325,1.4031,0.797,0.02,100.3,light (I–II),benign_keratosis-like_lesions,actinic_keratoses,false
ISIC_0028944,melanocytic_Nevi,melanocytic_Nevi,0.8263,true,true,0.8263,0.048,0.697,0.306,108.5,light (I–II),melanocytic_Nevi,melanocytic_Nevi,true
ISIC_0028946,melanocytic_Nevi,melanocytic_Nevi,0.9999,true,true,0.9999,0.0,0.995,0.078,55.0,light (I–II),melanocytic_Nevi,melanocytic_Nevi,true
ISIC_0028949,melanocytic_Nevi,melanocytic_Nevi,0.9983,true,true,0.9983,0.0,0.979,0.016,66.1,light (I–II),melanocytic_Nevi,melanocytic_Nevi,true
ISIC_0028950,melanocytic_Nevi,melanocytic_Nevi,0.999,true,true,0.999,0.0,0.999,0.129,35.3,medium (III–IV),melanocytic_Nevi,melanocytic_Nevi,true
ISIC_0028951,melanocytic_Nevi,melanocytic_Nevi,0.6482,true,true,0.6482,0.1629,0.625,0.068,48.5,light (I–II),melanocytic_Nevi,melanocytic_Nevi,true
ISIC_0028957,melanocytic_Nevi,melanocytic_Nevi,0.9986,true,true,0.9986,0.0,0.902,0.084,96.5,light (I–II),melanocytic_Nevi,melanocytic_Nevi,true
ISIC_0028981,melanocytic_Nevi,melanocytic_Nevi,0.7332,true,true,0.7332,0.1169,0.0,0.0,-10.1,dark (V–VI),melanocytic_Nevi,melanocytic_Nevi,true
ISIC_0028990,actinic_keratoses,actinic_keratoses,0.8647,true,true,0.8647,0.0266,0.818,0.843,106.6,light (I–II),actinic_keratoses,actinic_keratoses,true
ISIC_0028995,benign_keratosis-like_lesions,melanocytic_Nevi,0.8125,false,true,0.8125,1.657,0.806,0.068,81.3,light (I–II),benign_keratosis-like_lesions,melanocytic_Nevi,false
ISIC_0028999,melanocytic_Nevi,melanocytic_Nevi,0.9707,true,true,0.9707,0.0017,0.823,0.114,56.9,light (I–II),melanocytic_Nevi,melanocytic_Nevi,true
ISIC_0029006,melanocytic_Nevi,melanocytic_Nevi,0.9999,true,true,0.9999,0.0,0.999,0.078,67.7,light (I–II),melanocytic_Nevi,melanocytic_Nevi,true
ISIC_0029009,melanocytic_Nevi,melanocytic_Nevi,0.9997,true,true,0.9997,0.0,0.993,0.003,71.8,light (I–II),melanocytic_Nevi,melanocytic_Nevi,true
ISIC_0029010,benign_keratosis-like_lesions,benign_keratosis-like_lesions,0.8527,true,true,0.8527,0.0328,0.0,0.0,106.6,light (I–II),benign_keratosis-like_lesions,benign_keratosis-like_lesions,true
ISIC_0029011,melanocytic_Nevi,melanocytic_Nevi,0.9996,true,true,0.9996,0.0,0.954,0.517,50.0,light (I–II),melanocytic_Nevi,melanocytic_Nevi,true
ISIC_0029016,melanocytic_Nevi,melanocytic_Nevi,0.9997,true,true,0.9997,0.0,0.997,0.975,77.4,light (I–II),melanocytic_Nevi,melanocytic_Nevi,true
ISIC_0029020,basal_cell_carcinoma,basal_cell_carcinoma,0.773,true,true,0.773,0.0961,0.769,0.584,87.6,light (I–II),basal_cell_carcinoma,basal_cell_carcinoma,true
ISIC_0029022,benign_keratosis-like_lesions,benign_keratosis-like_lesions,0.738,true,true,0.738,0.0993,0.653,0.098,96.6,light (I–II),benign_keratosis-like_lesions,benign_keratosis-like_lesions,true
ISIC_0029033,melanoma,melanocytic_Nevi,0.714,false,true,0.714,1.021,0.625,0.204,100.1,light (I–II),melanoma,melanocytic_Nevi,false
ISIC_0029043,actinic_keratoses,actinic_keratoses,0.969,true,true,0.969,0.0017,0.969,0.933,91.6,light (I–II),actinic_keratoses,actinic_keratoses,true
ISIC_0029061,benign_keratosis-like_lesions,benign_keratosis-like_lesions,0.9877,true,true,0.9877,0.0002,0.733,0.084,115.0,light (I–II),benign_keratosis-like_lesions,benign_keratosis-like_lesions,true
ISIC_0029062,benign_keratosis-like_lesions,benign_keratosis-like_lesions,0.5631,true,true,0.5631,0.3549,0.081,0.0,85.1,light (I–II),benign_keratosis-like_lesions,benign_keratosis-like_lesions,true
ISIC_0029063,melanocytic_Nevi,melanocytic_Nevi,0.9995,true,true,0.9995,0.0,0.817,0.803,69.6,light (I–II),melanocytic_Nevi,melanocytic_Nevi,true
ISIC_0029068,benign_keratosis-like_lesions,actinic_keratoses,0.3332,false,false,0.3332,1.0182,0.333,0.333,58.1,light (I–II),benign_keratosis-like_lesions,actinic_keratoses,false
ISIC_0029071,melanocytic_Nevi,melanocytic_Nevi,0.999,true,true,0.999,0.0,0.994,0.012,73.8,light (I–II),melanocytic_Nevi,melanocytic_Nevi,true
ISIC_0029076,melanocytic_Nevi,melanocytic_Nevi,0.9989,true,true,0.9989,0.0,0.995,0.699,73.7,light (I–II),melanocytic_Nevi,melanocytic_Nevi,true
ISIC_0029083,basal_cell_carcinoma,basal_cell_carcinoma,0.9279,true,true,0.9279,0.009,0.928,0.631,50.9,light (I–II),basal_cell_carcinoma,basal_cell_carcinoma,true
ISIC_0029084,melanocytic_Nevi,melanocytic_Nevi,0.9997,true,true,0.9997,0.0,0.999,0.777,63.7,light (I–II),melanocytic_Nevi,melanocytic_Nevi,true
ISIC_0029092,melanoma,melanocytic_Nevi,0.8267,false,true,0.8267,1.3733,0.818,0.015,64.0,light (I–II),melanoma,melanocytic_Nevi,false
ISIC_0029095,melanocytic_Nevi,basal_cell_carcinoma,0.828,false,true,0.828,1.4663,0.828,0.828,68.4,light (I–II),melanocytic_Nevi,basal_cell_carcinoma,false
ISIC_0029104,melanocytic_Nevi,melanocytic_Nevi,0.9783,true,true,0.9783,0.0007,0.973,0.178,79.4,light (I–II),melanocytic_Nevi,melanocytic_Nevi,true
ISIC_0029119,melanocytic_Nevi,actinic_keratoses,0.5084,false,true,0.5084,0.7959,0.508,0.492,53.2,light (I–II),melanocytic_Nevi,actinic_keratoses,false
ISIC_0029126,benign_keratosis-like_lesions,actinic_keratoses,0.5645,false,true,0.5645,1.3263,0.548,0.266,66.7,light (I–II),benign_keratosis-like_lesions,actinic_keratoses,false
ISIC_0029127,melanocytic_Nevi,melanocytic_Nevi,0.9395,true,true,0.9395,0.0062,0.914,0.043,79.3,light (I–II),melanocytic_Nevi,melanocytic_Nevi,true
ISIC_0029132,melanocytic_Nevi,melanocytic_Nevi,0.9981,true,true,0.9981,0.0,0.996,0.105,74.9,light (I–II),melanocytic_Nevi,melanocytic_Nevi,true
ISIC_0029138,melanocytic_Nevi,melanocytic_Nevi,0.9244,true,true,0.9244,0.0073,0.923,0.688,93.1,light (I–II),melanocytic_Nevi,melanocytic_Nevi,true
ISIC_0029143,melanocytic_Nevi,melanocytic_Nevi,0.9831,true,true,0.9831,0.0005,0.977,0.072,110.3,light (I–II),melanocytic_Nevi,melanocytic_Nevi,true
ISIC_0029145,melanocytic_Nevi,basal_cell_carcinoma,0.4667,false,true,0.4667,0.6014,0.467,0.458,98.0,light (I–II),melanocytic_Nevi,basal_cell_carcinoma,false
ISIC_0029148,melanocytic_Nevi,melanocytic_Nevi,0.9999,true,true,0.9999,0.0,0.961,0.535,80.3,light (I–II),melanocytic_Nevi,melanocytic_Nevi,true
ISIC_0029153,melanocytic_Nevi,melanocytic_Nevi,0.7333,true,true,0.7333,0.1331,0.692,0.573,64.5,light (I–II),melanocytic_Nevi,melanocytic_Nevi,true
ISIC_0029156,melanocytic_Nevi,melanocytic_Nevi,0.9986,true,true,0.9986,0.0,0.995,0.076,87.7,light (I–II),melanocytic_Nevi,melanocytic_Nevi,true
ISIC_0029159,melanocytic_Nevi,melanocytic_Nevi,1.0,true,true,1.0,0.0,0.999,0.29,64.2,light (I–II),melanocytic_Nevi,melanocytic_Nevi,true
ISIC_0029163,melanoma,benign_keratosis-like_lesions,0.7104,false,true,0.7104,1.0273,0.567,0.235,139.0,light (I–II),melanoma,benign_keratosis-like_lesions,false
ISIC_0029171,melanocytic_Nevi,melanocytic_Nevi,0.9996,true,true,0.9996,0.0,0.92,0.157,14.9,dark (V–VI),melanocytic_Nevi,melanocytic_Nevi,true
ISIC_0029176,benign_keratosis-like_lesions,melanocytic_Nevi,0.434,false,true,0.434,0.5294,0.429,0.18,72.6,light (I–II),benign_keratosis-like_lesions,melanocytic_Nevi,false
ISIC_0029178,melanocytic_Nevi,melanocytic_Nevi,0.7554,true,true,0.7554,0.1173,0.696,0.653,65.7,light (I–II),melanocytic_Nevi,melanocytic_Nevi,true
ISIC_0029181,melanocytic_Nevi,melanocytic_Nevi,0.9997,true,true,0.9997,0.0,0.999,0.01,64.2,light (I–II),melanocytic_Nevi,melanocytic_Nevi,true
ISIC_0029185,melanocytic_Nevi,melanocytic_Nevi,0.9989,true,true,0.9989,0.0,0.998,0.401,71.7,light (I–II),melanocytic_Nevi,melanocytic_Nevi,true
ISIC_0029188,melanocytic_Nevi,melanocytic_Nevi,0.9202,true,true,0.9202,0.0091,0.872,0.593,110.5,light (I–II),melanocytic_Nevi,melanocytic_Nevi,true
ISIC_0029192,basal_cell_carcinoma,basal_cell_carcinoma,0.9983,true,true,0.9983,0.0,0.996,0.065,93.7,light (I–II),basal_cell_carcinoma,basal_cell_carcinoma,true
ISIC_0029196,melanocytic_Nevi,melanocytic_Nevi,0.4898,true,true,0.4898,0.4683,0.403,0.162,61.1,light (I–II),melanocytic_Nevi,melanocytic_Nevi,true
ISIC_0029199,melanocytic_Nevi,melanocytic_Nevi,0.982,true,true,0.982,0.0005,0.555,0.3,115.8,light (I–II),melanocytic_Nevi,melanocytic_Nevi,true
ISIC_0029216,melanoma,melanoma,0.8827,true,true,0.8827,0.0193,0.882,0.095,130.5,light (I–II),melanoma,melanoma,true
ISIC_0029217,benign_keratosis-like_lesions,benign_keratosis-like_lesions,0.6815,true,true,0.6815,0.1934,0.484,0.0,90.1,light (I–II),benign_keratosis-like_lesions,benign_keratosis-like_lesions,true
ISIC_0029239,melanocytic_Nevi,melanocytic_Nevi,0.9884,true,true,0.9884,0.0002,0.987,0.948,44.7,light (I–II),melanocytic_Nevi,melanocytic_Nevi,true
ISIC_0029240,melanocytic_Nevi,melanocytic_Nevi,0.9999,true,true,0.9999,0.0,0.995,0.09,88.2,light (I–II),melanocytic_Nevi,melanocytic_Nevi,true
ISIC_0029241,melanoma,melanoma,0.3697,true,true,0.3697,0.5791,0.274,0.13,92.1,light (I–II),melanoma,melanoma,true
ISIC_0029244,melanocytic_Nevi,melanocytic_Nevi,0.9996,true,true,0.9996,0.0,0.999,0.995,58.0,light (I–II),melanocytic_Nevi,melanocytic_Nevi,true
ISIC_0029247,melanocytic_Nevi,melanoma,0.8014,false,true,0.8014,1.2987,0.658,0.78,93.7,light (I–II),melanocytic_Nevi,melanoma,false
ISIC_0029263,basal_cell_carcinoma,basal_cell_carcinoma,0.989,true,true,0.989,0.0002,0.966,0.84,82.4,light (I–II),basal_cell_carcinoma,basal_cell_carcinoma,true
ISIC_0029266,melanocytic_Nevi,melanocytic_Nevi,0.9999,true,true,0.9999,0.0,0.991,0.959,51.6,light (I–II),melanocytic_Nevi,melanocytic_Nevi,true
ISIC_0029267,melanocytic_Nevi,melanocytic_Nevi,0.9997,true,true,0.9997,0.0,0.988,0.876,64.0,light (I–II),melanocytic_Nevi,melanocytic_Nevi,true
ISIC_0029268,actinic_keratoses,actinic_keratoses,0.9944,true,true,0.9944,0.0001,0.993,0.57,98.4,light (I–II),actinic_keratoses,actinic_keratoses,true
ISIC_0029273,melanocytic_Nevi,melanocytic_Nevi,0.9986,true,true,0.9986,0.0,0.979,0.152,42.4,light (I–II),melanocytic_Nevi,melanocytic_Nevi,true
ISIC_0029275,melanocytic_Nevi,melanocytic_Nevi,0.9994,true,true,0.9994,0.0,0.997,0.008,57.1,light (I–II),melanocytic_Nevi,melanocytic_Nevi,true
ISIC_0029277,melanocytic_Nevi,melanocytic_Nevi,0.9108,true,true,0.9108,0.0115,0.903,0.326,73.9,light (I–II),melanocytic_Nevi,melanocytic_Nevi,true
ISIC_0029289,benign_keratosis-like_lesions,melanocytic_Nevi,0.8849,false,true,0.8849,1.6237,0.88,0.877,111.1,light (I–II),benign_keratosis-like_lesions,melanocytic_Nevi,false
ISIC_0029293,melanocytic_Nevi,melanocytic_Nevi,0.9879,true,true,0.9879,0.0003,0.984,0.948,69.3,light (I–II),melanocytic_Nevi,melanocytic_Nevi,true
ISIC_0029297,dermatofibroma,dermatofibroma,0.996,true,true,0.996,0.0,0.996,0.02,37.9,medium (III–IV),dermatofibroma,dermatofibroma,true
ISIC_0029313,melanocytic_Nevi,melanocytic_Nevi,0.9783,true,true,0.9783,0.0007,0.958,0.836,85.0,light (I–II),melanocytic_Nevi,melanocytic_Nevi,true
ISIC_0029315,actinic_keratoses,actinic_keratoses,0.9897,true,true,0.9897,0.0001,0.99,0.713,93.2,light (I–II),actinic_keratoses,actinic_keratoses,true
ISIC_0029316,melanoma,melanoma,0.9761,true,true,0.9761,0.0011,0.352,0.014,62.3,light (I–II),melanoma,melanoma,true
ISIC_0029322,melanocytic_Nevi,melanocytic_Nevi,0.9999,true,true,0.9999,0.0,0.999,0.233,75.2,light (I–II),melanocytic_Nevi,melanocytic_Nevi,true
ISIC_0029326,melanocytic_Nevi,melanocytic_Nevi,1.0,true,true,1.0,0.0,0.923,0.007,69.1,light (I–II),melanocytic_Nevi,melanocytic_Nevi,true
ISIC_0029333,melanocytic_Nevi,melanocytic_Nevi,0.9976,true,true,0.9976,0.0,0.658,0.315,50.7,light (I–II),melanocytic_Nevi,melanocytic_Nevi,true
ISIC_0029346,melanocytic_Nevi,melanocytic_Nevi,0.5448,true,true,0.5448,0.3952,0.511,0.51,67.6,light (I–II),melanocytic_Nevi,melanocytic_Nevi,true
ISIC_0029362,actinic_keratoses,actinic_keratoses,0.965,true,true,0.965,0.0023,0.965,0.806,76.5,light (I–II),actinic_keratoses,actinic_keratoses,true
ISIC_0029364,melanocytic_Nevi,melanocytic_Nevi,0.9995,true,true,0.9995,0.0,0.999,0.571,78.8,light (I–II),melanocytic_Nevi,melanocytic_Nevi,true
ISIC_0029378,melanocytic_Nevi,melanocytic_Nevi,0.9997,true,true,0.9997,0.0,0.997,0.984,77.3,light (I–II),melanocytic_Nevi,melanocytic_Nevi,true
ISIC_0029379,melanocytic_Nevi,melanocytic_Nevi,0.9999,true,true,0.9999,0.0,0.998,0.072,36.7,medium (III–IV),melanocytic_Nevi,melanocytic_Nevi,true
ISIC_0029384,benign_keratosis-like_lesions,benign_keratosis-like_lesions,0.9967,true,true,0.9967,0.0,0.254,0.007,137.2,light (I–II),benign_keratosis-like_lesions,benign_keratosis-like_lesions,true
ISIC_0029396,benign_keratosis-like_lesions,melanocytic_Nevi,0.4053,false,true,0.4053,0.7294,0.378,0.233,85.0,light (I–II),benign_keratosis-like_lesions,melanocytic_Nevi,false
ISIC_0029403,melanocytic_Nevi,melanocytic_Nevi,0.9808,true,true,0.9808,0.0005,0.848,0.002,66.5,light (I–II),melanocytic_Nevi,melanocytic_Nevi,true
ISIC_0029408,melanocytic_Nevi,melanocytic_Nevi,1.0,true,true,1.0,0.0,1.0,0.559,86.5,light (I–II),melanocytic_Nevi,melanocytic_Nevi,true
ISIC_0029414,melanocytic_Nevi,melanocytic_Nevi,0.9975,true,true,0.9975,0.0,0.957,0.014,42.7,light (I–II),melanocytic_Nevi,melanocytic_Nevi,true
ISIC_0029418,benign_keratosis-like_lesions,benign_keratosis-like_lesions,0.442,true,true,0.442,0.5057,0.423,0.163,108.2,light (I–II),benign_keratosis-like_lesions,benign_keratosis-like_lesions,true
ISIC_0029420,benign_keratosis-like_lesions,benign_keratosis-like_lesions,0.9931,true,true,0.9931,0.0001,0.193,0.005,116.9,light (I–II),benign_keratosis-like_lesions,benign_keratosis-like_lesions,true
ISIC_0029441,melanocytic_Nevi,basal_cell_carcinoma,0.6652,false,true,0.6652,1.137,0.665,0.632,91.9,light (I–II),melanocytic_Nevi,basal_cell_carcinoma,false
ISIC_0029446,melanocytic_Nevi,melanocytic_Nevi,1.0,true,true,1.0,0.0,0.928,0.077,72.9,light (I–II),melanocytic_Nevi,melanocytic_Nevi,true
ISIC_0029448,vascular_lesions,vascular_lesions,0.9994,true,true,0.9994,0.0,0.0,0.0,103.3,light (I–II),vascular_lesions,vascular_lesions,true
ISIC_0029457,melanocytic_Nevi,melanocytic_Nevi,0.8318,true,true,0.8318,0.0539,0.813,0.021,78.8,light (I–II),melanocytic_Nevi,melanocytic_Nevi,true
ISIC_0029458,melanocytic_Nevi,melanocytic_Nevi,0.9994,true,true,0.9994,0.0,0.903,0.565,45.3,light (I–II),melanocytic_Nevi,melanocytic_Nevi,true
ISIC_0029469,melanocytic_Nevi,melanocytic_Nevi,0.9316,true,true,0.9316,0.0071,0.921,0.787,57.4,light (I–II),melanocytic_Nevi,melanocytic_Nevi,true
ISIC_0029490,melanocytic_Nevi,melanocytic_Nevi,0.9999,true,true,0.9999,0.0,0.985,0.282,38.9,medium (III–IV),melanocytic_Nevi,melanocytic_Nevi,true
ISIC_0029509,melanocytic_Nevi,melanocytic_Nevi,0.9831,true,true,0.9831,0.0005,0.723,0.358,2.8,dark (V–VI),melanocytic_Nevi,melanocytic_Nevi,true
ISIC_0029518,benign_keratosis-like_lesions,benign_keratosis-like_lesions,0.7448,true,true,0.7448,0.122,0.583,0.0,122.1,light (I–II),benign_keratosis-like_lesions,benign_keratosis-like_lesions,true
ISIC_0029523,melanocytic_Nevi,melanocytic_Nevi,0.9947,true,true,0.9947,0.0,0.994,0.976,59.6,light (I–II),melanocytic_Nevi,melanocytic_Nevi,true
ISIC_0029534,melanocytic_Nevi,vascular_lesions,0.7737,false,true,0.7737,1.465,0.0,0.0,42.3,light (I–II),melanocytic_Nevi,vascular_lesions,false
ISIC_0029538,melanoma,melanocytic_Nevi,0.5918,false,true,0.5918,0.711,0.59,0.233,92.2,light (I–II),melanoma,melanocytic_Nevi,false
ISIC_0029542,melanocytic_Nevi,melanocytic_Nevi,0.9987,true,true,0.9987,0.0,0.997,0.998,52.4,light (I–II),melanocytic_Nevi,melanocytic_Nevi,true
ISIC_0029543,melanocytic_Nevi,melanocytic_Nevi,0.8999,true,true,0.8999,0.0158,0.851,0.826,77.6,light (I–II),melanocytic_Nevi,melanocytic_Nevi,true
ISIC_0029547,melanoma,melanoma,0.6835,true,true,0.6835,0.1311,0.671,0.498,95.9,light (I–II),melanoma,melanoma,true
ISIC_0029557,benign_keratosis-like_lesions,benign_keratosis-like_lesions,0.7591,true,true,0.7591,0.0988,0.188,0.0,79.1,light (I–II),benign_keratosis-like_lesions,benign_keratosis-like_lesions,true
ISIC_0029558,melanoma,melanoma,0.8921,true,true,0.8921,0.0182,0.878,0.849,47.0,light (I–II),melanoma,melanoma,true
ISIC_0029567,actinic_keratoses,actinic_keratoses,0.8529,true,true,0.8529,0.0319,0.853,0.818,99.1,light (I–II),actinic_keratoses,actinic_keratoses,true
ISIC_0029571,melanoma,melanoma,0.6212,true,true,0.6212,0.2802,0.621,0.099,121.2,light (I–II),melanoma,melanoma,true
ISIC_0029574,melanoma,melanoma,0.6402,true,true,0.6402,0.1975,0.504,0.234,68.1,light (I–II),melanoma,melanoma,true
ISIC_0029577,melanocytic_Nevi,melanocytic_Nevi,0.4871,true,true,0.4871,0.3528,0.474,0.0,51.6,light (I–II),melanocytic_Nevi,melanocytic_Nevi,true
ISIC_0029582,actinic_keratoses,actinic_keratoses,0.9925,true,true,0.9925,0.0001,0.992,0.907,58.3,light (I–II),actinic_keratoses,actinic_keratoses,true
ISIC_0029610,actinic_keratoses,actinic_keratoses,0.9925,true,true,0.9925,0.0001,0.989,0.407,102.0,light (I–II),actinic_keratoses,actinic_keratoses,true
ISIC_0029616,melanocytic_Nevi,melanocytic_Nevi,0.9992,true,true,0.9992,0.0,0.999,0.302,61.2,light (I–II),melanocytic_Nevi,melanocytic_Nevi,true
ISIC_0029619,melanocytic_Nevi,melanocytic_Nevi,0.9993,true,true,0.9993,0.0,0.998,0.073,31.8,medium (III–IV),melanocytic_Nevi,melanocytic_Nevi,true
ISIC_0029630,melanoma,melanoma,0.4972,true,true,0.4972,0.4702,0.49,0.324,121.3,light (I–II),melanoma,melanoma,true
ISIC_0029637,melanocytic_Nevi,melanocytic_Nevi,0.9992,true,true,0.9992,0.0,0.994,0.991,74.9,light (I–II),melanocytic_Nevi,melanocytic_Nevi,true
ISIC_0029648,melanocytic_Nevi,melanocytic_Nevi,0.9978,true,true,0.9978,0.0,0.924,0.968,25.3,medium (III–IV),melanocytic_Nevi,melanocytic_Nevi,true
ISIC_0029655,basal_cell_carcinoma,basal_cell_carcinoma,0.985,true,true,0.985,0.0003,0.985,0.191,60.6,light (I–II),basal_cell_carcinoma,basal_cell_carcinoma,true
ISIC_0029665,melanocytic_Nevi,melanocytic_Nevi,0.7486,true,true,0.7486,0.1103,0.723,0.0,81.5,light (I–II),melanocytic_Nevi,melanocytic_Nevi,true
ISIC_0029666,melanocytic_Nevi,melanocytic_Nevi,0.8109,true,true,0.8109,0.067,0.591,0.609,59.8,light (I–II),melanocytic_Nevi,melanocytic_Nevi,true
ISIC_0029683,benign_keratosis-like_lesions,melanoma,0.7277,false,true,0.7277,1.5128,0.645,0.605,95.2,light (I–II),benign_keratosis-like_lesions,melanoma,false
ISIC_0029705,melanoma,melanocytic_Nevi,0.5847,false,true,0.5847,0.9588,0.446,0.257,71.8,light (I–II),melanoma,melanocytic_Nevi,false
ISIC_0029706,melanocytic_Nevi,melanocytic_Nevi,0.9998,true,true,0.9998,0.0,0.986,0.066,51.0,light (I–II),melanocytic_Nevi,melanocytic_Nevi,true
ISIC_0029711,melanocytic_Nevi,melanocytic_Nevi,1.0,true,true,1.0,0.0,0.996,0.537,40.7,medium (III–IV),melanocytic_Nevi,melanocytic_Nevi,true
ISIC_0029723,melanocytic_Nevi,melanocytic_Nevi,0.9144,true,true,0.9144,0.0107,0.912,0.752,42.7,light (I–II),melanocytic_Nevi,melanocytic_Nevi,true
ISIC_0029756,melanocytic_Nevi,melanocytic_Nevi,0.8777,true,true,0.8777,0.024,0.877,0.107,109.4,light (I–II),melanocytic_Nevi,melanocytic_Nevi,true
ISIC_0029761,melanocytic_Nevi,melanocytic_Nevi,0.9999,true,true,0.9999,0.0,0.993,0.275,85.1,light (I–II),melanocytic_Nevi,melanocytic_Nevi,true
ISIC_0029763,melanocytic_Nevi,melanocytic_Nevi,0.9703,true,true,0.9703,0.0012,0.705,0.224,60.3,light (I–II),melanocytic_Nevi,melanocytic_Nevi,true
ISIC_0029766,melanocytic_Nevi,melanocytic_Nevi,0.9998,true,true,0.9998,0.0,0.985,0.017,41.7,light (I–II),melanocytic_Nevi,melanocytic_Nevi,true
ISIC_0029770,benign_keratosis-like_lesions,benign_keratosis-like_lesions,0.455,true,true,0.455,0.4559,0.435,0.0,77.7,light (I–II),benign_keratosis-like_lesions,benign_keratosis-like_lesions,true
ISIC_0029774,melanocytic_Nevi,melanocytic_Nevi,0.9999,true,true,0.9999,0.0,0.987,0.969,84.3,light (I–II),melanocytic_Nevi,melanocytic_Nevi,true
ISIC_0029795,melanocytic_Nevi,melanocytic_Nevi,0.9999,true,true,0.9999,0.0,0.996,0.985,67.7,light (I–II),melanocytic_Nevi,melanocytic_Nevi,true
ISIC_0029796,melanocytic_Nevi,melanocytic_Nevi,0.9999,true,true,0.9999,0.0,0.997,0.014,62.5,light (I–II),melanocytic_Nevi,melanocytic_Nevi,true
ISIC_0029798,melanocytic_Nevi,melanocytic_Nevi,0.7198,true,true,0.7198,0.1442,0.699,0.507,37.1,medium (III–IV),melanocytic_Nevi,melanocytic_Nevi,true
ISIC_0029799,melanocytic_Nevi,melanocytic_Nevi,0.9977,true,true,0.9977,0.0,0.531,0.103,25.0,medium (III–IV),melanocytic_Nevi,melanocytic_Nevi,true
ISIC_0029813,melanocytic_Nevi,melanocytic_Nevi,0.9818,true,true,0.9818,0.0007,0.978,0.536,55.1,light (I–II),melanocytic_Nevi,melanocytic_Nevi,true
ISIC_0029817,melanocytic_Nevi,melanocytic_Nevi,0.9999,true,true,0.9999,0.0,0.999,0.396,66.7,light (I–II),melanocytic_Nevi,melanocytic_Nevi,true
ISIC_0029818,melanocytic_Nevi,melanocytic_Nevi,0.9898,true,true,0.9898,0.0001,0.988,0.878,82.5,light (I–II),melanocytic_Nevi,melanocytic_Nevi,true
ISIC_0029820,basal_cell_carcinoma,actinic_keratoses,0.5973,false,true,0.5973,1.1596,0.49,0.485,28.2,medium (III–IV),basal_cell_carcinoma,actinic_keratoses,false
ISIC_0029835,melanocytic_Nevi,melanocytic_Nevi,0.933,true,true,0.933,0.0085,0.563,0.227,109.0,light (I–II),melanocytic_Nevi,melanocytic_Nevi,true
ISIC_0029871,melanocytic_Nevi,melanocytic_Nevi,1.0,true,true,1.0,0.0,0.993,0.015,67.7,light (I–II),melanocytic_Nevi,melanocytic_Nevi,true
ISIC_0029873,melanocytic_Nevi,melanocytic_Nevi,1.0,true,true,1.0,0.0,0.975,0.118,72.2,light (I–II),melanocytic_Nevi,melanocytic_Nevi,true
ISIC_0029874,melanocytic_Nevi,melanocytic_Nevi,1.0,true,true,1.0,0.0,0.999,0.736,58.2,light (I–II),melanocytic_Nevi,melanocytic_Nevi,true
ISIC_0029875,melanocytic_Nevi,dermatofibroma,0.6057,false,true,0.6057,0.7422,0.603,0.0,91.7,light (I–II),melanocytic_Nevi,dermatofibroma,false
ISIC_0029883,melanocytic_Nevi,melanocytic_Nevi,0.9997,true,true,0.9997,0.0,0.999,0.964,50.1,light (I–II),melanocytic_Nevi,melanocytic_Nevi,true
ISIC_0029898,melanocytic_Nevi,melanocytic_Nevi,0.6465,true,true,0.6465,0.2215,0.645,0.077,85.0,light (I–II),melanocytic_Nevi,melanocytic_Nevi,true
ISIC_0029899,basal_cell_carcinoma,basal_cell_carcinoma,0.9962,true,true,0.9962,0.0,0.996,0.996,95.0,light (I–II),basal_cell_carcinoma,basal_cell_carcinoma,true
ISIC_0029908,melanocytic_Nevi,melanocytic_Nevi,0.858,true,true,0.858,0.0378,0.82,0.699,16.0,dark (V–VI),melanocytic_Nevi,melanocytic_Nevi,true
ISIC_0029912,benign_keratosis-like_lesions,melanocytic_Nevi,0.7007,false,true,0.7007,1.1476,0.699,0.692,111.5,light (I–II),benign_keratosis-like_lesions,melanocytic_Nevi,false
ISIC_0029938,melanocytic_Nevi,benign_keratosis-like_lesions,0.5788,false,true,0.5788,0.6968,0.0,0.0,60.9,light (I–II),melanocytic_Nevi,benign_keratosis-like_lesions,false
ISIC_0029939,melanocytic_Nevi,melanocytic_Nevi,0.9998,true,true,0.9998,0.0,0.976,0.016,54.5,light (I–II),melanocytic_Nevi,melanocytic_Nevi,true
ISIC_0029941,melanocytic_Nevi,melanocytic_Nevi,0.9952,true,true,0.9952,0.0,0.986,0.168,54.3,light (I–II),melanocytic_Nevi,melanocytic_Nevi,true
ISIC_0029945,melanocytic_Nevi,melanoma,0.4039,false,true,0.4039,0.9654,0.4,0.002,126.9,light (I–II),melanocytic_Nevi,melanoma,false
ISIC_0029946,melanocytic_Nevi,melanocytic_Nevi,0.9999,true,true,0.9999,0.0,0.949,0.669,82.8,light (I–II),melanocytic_Nevi,melanocytic_Nevi,true
ISIC_0029967,dermatofibroma,dermatofibroma,0.9855,true,true,0.9855,0.0003,0.985,0.007,69.2,light (I–II),dermatofibroma,dermatofibroma,true
ISIC_0029968,melanocytic_Nevi,melanocytic_Nevi,0.9992,true,true,0.9992,0.0,0.999,0.808,52.0,light (I–II),melanocytic_Nevi,melanocytic_Nevi,true
ISIC_0029986,melanocytic_Nevi,melanoma,0.9327,false,true,0.9327,1.8287,0.929,0.339,69.9,light (I–II),melanocytic_Nevi,melanoma,false
ISIC_0029988,melanocytic_Nevi,melanocytic_Nevi,0.9913,true,true,0.9913,0.0001,0.984,0.591,9.0,dark (V–VI),melanocytic_Nevi,melanocytic_Nevi,true
ISIC_0030004,melanocytic_Nevi,melanocytic_Nevi,0.9962,true,true,0.9962,0.0,0.994,0.117,44.6,light (I–II),melanocytic_Nevi,melanocytic_Nevi,true
ISIC_0030008,melanocytic_Nevi,melanocytic_Nevi,0.4912,true,true,0.4912,0.3428,0.352,0.218,119.1,light (I–II),melanocytic_Nevi,melanocytic_Nevi,true
ISIC_0030013,melanocytic_Nevi,melanocytic_Nevi,0.9981,true,true,0.9981,0.0,0.689,0.092,72.8,light (I–II),melanocytic_Nevi,melanocytic_Nevi,true
ISIC_0030015,dermatofibroma,dermatofibroma,0.9822,true,true,0.9822,0.0004,0.982,0.981,106.0,light (I–II),dermatofibroma,dermatofibroma,true
ISIC_0030019,melanocytic_Nevi,melanocytic_Nevi,0.5878,true,true,0.5878,0.2948,0.57,0.538,36.9,medium (III–IV),melanocytic_Nevi,melanocytic_Nevi,true
ISIC_0030027,melanocytic_Nevi,melanocytic_Nevi,0.9889,true,true,0.9889,0.0002,0.965,0.879,82.1,light (I–II),melanocytic_Nevi,melanocytic_Nevi,true
ISIC_0030038,melanocytic_Nevi,melanocytic_Nevi,0.4908,true,true,0.4908,0.3465,0.465,0.093,85.4,light (I–II),melanocytic_Nevi,melanocytic_Nevi,true
ISIC_0030039,melanocytic_Nevi,melanocytic_Nevi,0.5547,true,true,0.5547,0.2701,0.523,0.429,83.9,light (I–II),melanocytic_Nevi,melanocytic_Nevi,true
ISIC_0030045,melanocytic_Nevi,melanocytic_Nevi,0.9812,true,true,0.9812,0.0005,0.621,0.03,29.3,medium (III–IV),melanocytic_Nevi,melanocytic_Nevi,true
ISIC_0030047,melanoma,melanocytic_Nevi,0.8702,false,true,0.8702,1.5451,0.867,0.0,90.0,light (I–II),melanoma,melanocytic_Nevi,false
ISIC_0030050,melanocytic_Nevi,melanocytic_Nevi,0.9999,true,true,0.9999,0.0,0.998,0.049,52.6,light (I–II),melanocytic_Nevi,melanocytic_Nevi,true
ISIC_0030052,melanocytic_Nevi,melanocytic_Nevi,0.9628,true,true,0.9628,0.0019,0.96,0.416,55.3,light (I–II),melanocytic_Nevi,melanocytic_Nevi,true
ISIC_0030057,melanocytic_Nevi,melanocytic_Nevi,0.7119,true,true,0.7119,0.1133,0.696,0.656,64.5,light (I–II),melanocytic_Nevi,melanocytic_Nevi,true
ISIC_0030069,melanocytic_Nevi,melanocytic_Nevi,0.9342,true,true,0.9342,0.0081,0.653,0.0,80.8,light (I–II),melanocytic_Nevi,melanocytic_Nevi,true
ISIC_0030072,melanocytic_Nevi,melanocytic_Nevi,0.998,true,true,0.998,0.0,0.916,0.035,99.4,light (I–II),melanocytic_Nevi,melanocytic_Nevi,true
ISIC_0030088,benign_keratosis-like_lesions,benign_keratosis-like_lesions,0.9914,true,true,0.9914,0.0001,0.952,0.544,46.2,light (I–II),benign_keratosis-like_lesions,benign_keratosis-like_lesions,true
ISIC_0030099,melanocytic_Nevi,melanocytic_Nevi,0.9997,true,true,0.9997,0.0,0.996,0.809,48.2,light (I–II),melanocytic_Nevi,melanocytic_Nevi,true
ISIC_0030100,melanocytic_Nevi,melanocytic_Nevi,0.9999,true,true,0.9999,0.0,1.0,0.004,50.6,light (I–II),melanocytic_Nevi,melanocytic_Nevi,true
ISIC_0030104,vascular_lesions,vascular_lesions,0.9961,true,true,0.9961,0.0,0.0,0.0,68.6,light (I–II),vascular_lesions,vascular_lesions,true
ISIC_0030112,melanocytic_Nevi,melanocytic_Nevi,0.9999,true,true,0.9999,0.0,0.997,0.995,61.1,light (I–II),melanocytic_Nevi,melanocytic_Nevi,true
ISIC_0030124,benign_keratosis-like_lesions,melanocytic_Nevi,0.3627,false,true,0.3627,0.7133,0.347,0.329,76.7,light (I–II),benign_keratosis-like_lesions,melanocytic_Nevi,false
ISIC_0030126,melanocytic_Nevi,melanocytic_Nevi,0.7662,true,true,0.7662,0.1024,0.669,0.081,91.0,light (I–II),melanocytic_Nevi,melanocytic_Nevi,true
ISIC_0030131,melanocytic_Nevi,melanocytic_Nevi,0.9997,true,true,0.9997,0.0,0.968,0.019,75.1,light (I–II),melanocytic_Nevi,melanocytic_Nevi,true
ISIC_0030137,benign_keratosis-like_lesions,benign_keratosis-like_lesions,0.9037,true,true,0.9037,0.0146,0.46,0.217,54.4,light (I–II),benign_keratosis-like_lesions,benign_keratosis-like_lesions,true
ISIC_0030143,actinic_keratoses,actinic_keratoses,0.9847,true,true,0.9847,0.0003,0.985,0.961,70.4,light (I–II),actinic_keratoses,actinic_keratoses,true
ISIC_0030145,basal_cell_carcinoma,basal_cell_carcinoma,0.9982,true,true,0.9982,0.0,0.997,0.144,81.9,light (I–II),basal_cell_carcinoma,basal_cell_carcinoma,true
ISIC_0030146,melanocytic_Nevi,melanocytic_Nevi,0.9999,true,true,0.9999,0.0,0.996,0.042,61.8,light (I–II),melanocytic_Nevi,melanocytic_Nevi,true
ISIC_0030147,melanocytic_Nevi,melanocytic_Nevi,0.9964,true,true,0.9964,0.0,0.991,0.243,23.2,medium (III–IV),melanocytic_Nevi,melanocytic_Nevi,true
ISIC_0030151,melanocytic_Nevi,benign_keratosis-like_lesions,0.9943,false,true,0.9943,1.9867,0.224,0.026,114.8,light (I–II),melanocytic_Nevi,benign_keratosis-like_lesions,false
ISIC_0030153,melanocytic_Nevi,melanocytic_Nevi,0.9987,true,true,0.9987,0.0,0.983,0.761,74.1,light (I–II),melanocytic_Nevi,melanocytic_Nevi,true
ISIC_0030154,melanocytic_Nevi,melanocytic_Nevi,0.9997,true,true,0.9997,0.0,0.957,0.122,60.9,light (I–II),melanocytic_Nevi,melanocytic_Nevi,true
ISIC_0030155,melanocytic_Nevi,melanocytic_Nevi,0.9909,true,true,0.9909,0.0001,0.981,0.942,100.2,light (I–II),melanocytic_Nevi,melanocytic_Nevi,true
ISIC_0030160,benign_keratosis-like_lesions,melanocytic_Nevi,0.7349,false,true,0.7349,1.5747,0.723,0.704,81.1,light (I–II),benign_keratosis-like_lesions,melanocytic_Nevi,false
ISIC_0030161,melanocytic_Nevi,melanocytic_Nevi,0.9999,true,true,0.9999,0.0,0.999,0.877,46.3,light (I–II),melanocytic_Nevi,melanocytic_Nevi,true
ISIC_0030162,melanocytic_Nevi,melanocytic_Nevi,0.9997,true,true,0.9997,0.0,1.0,0.008,58.6,light (I–II),melanocytic_Nevi,melanocytic_Nevi,true
ISIC_0030165,melanoma,melanoma,0.6042,true,true,0.6042,0.2745,0.603,0.447,57.4,light (I–II),melanoma,melanoma,true
ISIC_0030168,melanocytic_Nevi,melanocytic_Nevi,0.7188,true,true,0.7188,0.1081,0.716,0.63,64.9,light (I–II),melanocytic_Nevi,melanocytic_Nevi,true
ISIC_0030187,melanoma,melanoma,0.8698,true,true,0.8698,0.0212,0.701,0.092,76.9,light (I–II),melanoma,melanoma,true
ISIC_0030188,benign_keratosis-like_lesions,melanoma,0.7465,false,true,0.7465,1.3471,0.703,0.0,88.2,light (I–II),benign_keratosis-like_lesions,melanoma,false
ISIC_0030194,melanocytic_Nevi,melanoma,0.5699,false,true,0.5699,0.6514,0.417,0.0,106.3,light (I–II),melanocytic_Nevi,melanoma,false
ISIC_0030197,basal_cell_carcinoma,basal_cell_carcinoma,0.7077,true,true,0.7077,0.1629,0.707,0.089,96.5,light (I–II),basal_cell_carcinoma,basal_cell_carcinoma,true
ISIC_0030207,benign_keratosis-like_lesions,benign_keratosis-like_lesions,0.7627,true,true,0.7627,0.1123,0.758,0.282,55.5,light (I–II),benign_keratosis-like_lesions,benign_keratosis-like_lesions,true
ISIC_0030217,melanocytic_Nevi,melanocytic_Nevi,0.9985,true,true,0.9985,0.0,0.902,0.175,47.1,light (I–II),melanocytic_Nevi,melanocytic_Nevi,true
ISIC_0030222,melanocytic_Nevi,melanocytic_Nevi,0.998,true,true,0.998,0.0,0.995,0.047,43.4,light (I–II),melanocytic_Nevi,melanocytic_Nevi,true
ISIC_0030227,benign_keratosis-like_lesions,benign_keratosis-like_lesions,0.3504,true,true,0.3504,0.5978,0.092,0.299,81.5,light (I–II),benign_keratosis-like_lesions,benign_keratosis-like_lesions,true
ISIC_0030231,benign_keratosis-like_lesions,actinic_keratoses,0.8928,false,true,0.8928,1.6292,0.893,0.89,64.9,light (I–II),benign_keratosis-like_lesions,actinic_keratoses,false
ISIC_0030233,basal_cell_carcinoma,actinic_keratoses,0.4336,false,true,0.4336,0.5756,0.425,0.411,84.5,light (I–II),basal_cell_carcinoma,actinic_keratoses,false
ISIC_0030240,benign_keratosis-like_lesions,benign_keratosis-like_lesions,0.9152,true,true,0.9152,0.012,0.0,0.015,159.4,light (I–II),benign_keratosis-like_lesions,benign_keratosis-like_lesions,true
ISIC_0030244,dermatofibroma,dermatofibroma,0.999,true,true,0.999,0.0,0.994,0.92,94.5,light (I–II),dermatofibroma,dermatofibroma,true
ISIC_0030245,actinic_keratoses,actinic_keratoses,0.9904,true,true,0.9904,0.0001,0.987,0.048,61.6,light (I–II),actinic_keratoses,actinic_keratoses,true
ISIC_0030250,melanocytic_Nevi,melanocytic_Nevi,0.8068,true,true,0.8068,0.062,0.483,0.491,85.9,light (I–II),melanocytic_Nevi,melanocytic_Nevi,true
ISIC_0030261,basal_cell_carcinoma,basal_cell_carcinoma,0.9615,true,true,0.9615,0.0018,0.96,0.961,73.8,light (I–II),basal_cell_carcinoma,basal_cell_carcinoma,true
ISIC_0030266,melanocytic_Nevi,melanocytic_Nevi,0.9798,true,true,0.9798,0.0006,0.59,0.546,35.9,medium (III–IV),melanocytic_Nevi,melanocytic_Nevi,true
ISIC_0030287,melanocytic_Nevi,melanocytic_Nevi,0.9926,true,true,0.9926,0.0001,0.989,0.944,58.4,light (I–II),melanocytic_Nevi,melanocytic_Nevi,true
ISIC_0030300,melanocytic_Nevi,melanocytic_Nevi,0.9726,true,true,0.9726,0.0012,0.966,0.964,100.4,light (I–II),melanocytic_Nevi,melanocytic_Nevi,true
ISIC_0030303,melanocytic_Nevi,benign_keratosis-like_lesions,0.5217,false,true,0.5217,0.6827,0.453,0.108,111.5,light (I–II),melanocytic_Nevi,benign_keratosis-like_lesions,false
ISIC_0030309,melanocytic_Nevi,melanocytic_Nevi,0.9853,true,true,0.9853,0.0003,0.964,0.128,69.3,light (I–II),melanocytic_Nevi,melanocytic_Nevi,true
ISIC_0030316,benign_keratosis-like_lesions,benign_keratosis-like_lesions,0.9044,true,true,0.9044,0.018,0.903,0.179,54.9,light (I–II),benign_keratosis-like_lesions,benign_keratosis-like_lesions,true
ISIC_0030321,dermatofibroma,dermatofibroma,0.9532,true,true,0.9532,0.0033,0.951,0.007,82.1,light (I–II),dermatofibroma,dermatofibroma,true
ISIC_0030323,benign_keratosis-like_lesions,benign_keratosis-like_lesions,0.9453,true,true,0.9453,0.0055,0.945,0.0,93.9,light (I–II),benign_keratosis-like_lesions,benign_keratosis-like_lesions,true
ISIC_0030324,melanoma,melanoma,0.5188,true,true,0.5188,0.3738,0.498,0.137,42.7,light (I–II),melanoma,melanoma,true
ISIC_0030339,basal_cell_carcinoma,basal_cell_carcinoma,0.8703,true,true,0.8703,0.0237,0.849,0.598,82.6,light (I–II),basal_cell_carcinoma,basal_cell_carcinoma,true
ISIC_0030351,melanocytic_Nevi,melanocytic_Nevi,0.9994,true,true,0.9994,0.0,0.998,0.009,57.7,light (I–II),melanocytic_Nevi,melanocytic_Nevi,true
ISIC_0030361,melanocytic_Nevi,melanocytic_Nevi,0.9912,true,true,0.9912,0.0002,0.445,0.126,87.3,light (I–II),melanocytic_Nevi,melanocytic_Nevi,true
ISIC_0030363,melanocytic_Nevi,melanocytic_Nevi,0.9999,true,true,0.9999,0.0,0.985,0.007,71.0,light (I–II),melanocytic_Nevi,melanocytic_Nevi,true
ISIC_0030366,melanoma,melanocytic_Nevi,0.6316,false,true,0.6316,0.8602,0.625,0.128,83.5,light (I–II),melanoma,melanocytic_Nevi,false
ISIC_0030374,melanocytic_Nevi,melanocytic_Nevi,0.9999,true,true,0.9999,0.0,0.925,0.966,28.6,medium (III–IV),melanocytic_Nevi,melanocytic_Nevi,true
ISIC_0030385,melanocytic_Nevi,melanocytic_Nevi,1.0,true,true,1.0,0.0,0.99,0.486,49.7,light (I–II),melanocytic_Nevi,melanocytic_Nevi,true
ISIC_0030410,melanocytic_Nevi,melanocytic_Nevi,0.9567,true,true,0.9567,0.0037,0.838,0.132,122.2,light (I–II),melanocytic_Nevi,melanocytic_Nevi,true
ISIC_0030414,melanocytic_Nevi,melanocytic_Nevi,0.9991,true,true,0.9991,0.0,0.987,0.828,67.8,light (I–II),melanocytic_Nevi,melanocytic_Nevi,true
ISIC_0030428,melanocytic_Nevi,melanocytic_Nevi,0.9981,true,true,0.9981,0.0,0.997,0.995,46.6,light (I–II),melanocytic_Nevi,melanocytic_Nevi,true
ISIC_0030429,melanocytic_Nevi,basal_cell_carcinoma,0.3667,false,false,0.3667,1.1398,0.367,0.366,91.5,light (I–II),melanocytic_Nevi,basal_cell_carcinoma,false
ISIC_0030431,melanocytic_Nevi,melanocytic_Nevi,0.9994,true,true,0.9994,0.0,0.999,0.979,76.6,light (I–II),melanocytic_Nevi,melanocytic_Nevi,true
ISIC_0030433,melanocytic_Nevi,melanocytic_Nevi,0.9999,true,true,0.9999,0.0,0.988,0.006,69.6,light (I–II),melanocytic_Nevi,melanocytic_Nevi,true
ISIC_0030435,melanocytic_Nevi,melanocytic_Nevi,0.9995,true,true,0.9995,0.0,0.982,0.41,43.6,light (I–II),melanocytic_Nevi,melanocytic_Nevi,true
ISIC_0030439,melanocytic_Nevi,melanocytic_Nevi,0.9746,true,true,0.9746,0.001,0.706,0.078,58.0,light (I–II),melanocytic_Nevi,melanocytic_Nevi,true
ISIC_0030447,melanocytic_Nevi,melanocytic_Nevi,0.7029,true,true,0.7029,0.1746,0.694,0.013,89.3,light (I–II),melanocytic_Nevi,melanocytic_Nevi,true
ISIC_0030450,melanocytic_Nevi,melanocytic_Nevi,0.9991,true,true,0.9991,0.0,0.995,0.937,44.3,light (I–II),melanocytic_Nevi,melanocytic_Nevi,true
ISIC_0030473,melanocytic_Nevi,melanocytic_Nevi,0.8564,true,true,0.8564,0.041,0.845,0.0,73.4,light (I–II),melanocytic_Nevi,melanocytic_Nevi,true
ISIC_0030478,melanocytic_Nevi,melanocytic_Nevi,0.9997,true,true,0.9997,0.0,0.994,0.05,43.8,light (I–II),melanocytic_Nevi,melanocytic_Nevi,true
ISIC_0030481,melanocytic_Nevi,melanocytic_Nevi,0.9899,true,true,0.9899,0.0002,0.986,0.305,62.6,light (I–II),melanocytic_Nevi,melanocytic_Nevi,true
ISIC_0030483,melanocytic_Nevi,melanocytic_Nevi,0.9797,true,true,0.9797,0.0006,0.956,0.977,55.2,light (I–II),melanocytic_Nevi,melanocytic_Nevi,true
ISIC_0030493,melanocytic_Nevi,melanocytic_Nevi,0.9991,true,true,0.9991,0.0,0.995,0.024,61.6,light (I–II),melanocytic_Nevi,melanocytic_Nevi,true
ISIC_0030495,melanocytic_Nevi,melanocytic_Nevi,1.0,true,true,1.0,0.0,0.745,0.956,68.6,light (I–II),melanocytic_Nevi,melanocytic_Nevi,true
ISIC_0030503,melanocytic_Nevi,melanocytic_Nevi,0.998,true,true,0.998,0.0,0.977,0.696,103.9,light (I–II),melanocytic_Nevi,melanocytic_Nevi,true
ISIC_0030504,melanocytic_Nevi,melanocytic_Nevi,0.8584,true,true,0.8584,0.0361,0.841,0.163,25.1,medium (III–IV),melanocytic_Nevi,melanocytic_Nevi,true
ISIC_0030508,melanocytic_Nevi,melanocytic_Nevi,0.9796,true,true,0.9796,0.0007,0.966,0.829,83.1,light (I–II),melanocytic_Nevi,melanocytic_Nevi,true
ISIC_0030520,melanocytic_Nevi,melanocytic_Nevi,0.6733,true,true,0.6733,0.198,0.671,0.645,112.7,light (I–II),melanocytic_Nevi,melanocytic_Nevi,true
ISIC_0030529,melanocytic_Nevi,melanocytic_Nevi,1.0,true,true,1.0,0.0,0.966,0.024,84.6,light (I–II),melanocytic_Nevi,melanocytic_Nevi,true
ISIC_0030530,melanocytic_Nevi,melanocytic_Nevi,1.0,true,true,1.0,0.0,0.997,0.171,66.1,light (I–II),melanocytic_Nevi,melanocytic_Nevi,true
ISIC_0030537,melanocytic_Nevi,melanocytic_Nevi,0.8885,true,true,0.8885,0.0242,0.859,0.396,87.1,light (I–II),melanocytic_Nevi,melanocytic_Nevi,true
ISIC_0030538,melanocytic_Nevi,melanocytic_Nevi,0.9999,true,true,0.9999,0.0,0.995,0.827,63.1,light (I–II),melanocytic_Nevi,melanocytic_Nevi,true
ISIC_0030541,melanocytic_Nevi,melanocytic_Nevi,0.9974,true,true,0.9974,0.0,0.994,0.992,93.6,light (I–II),melanocytic_Nevi,melanocytic_Nevi,true
ISIC_0030546,melanocytic_Nevi,melanocytic_Nevi,0.9071,true,true,0.9071,0.0133,0.901,0.352,70.5,light (I–II),melanocytic_Nevi,melanocytic_Nevi,true
ISIC_0030551,melanocytic_Nevi,benign_keratosis-like_lesions,0.5983,false,true,0.5983,0.7189,0.44,0.111,48.5,light (I–II),melanocytic_Nevi,benign_keratosis-like_lesions,false
ISIC_0030556,melanocytic_Nevi,melanocytic_Nevi,0.9999,true,true,0.9999,0.0,1.0,0.129,67.2,light (I–II),melanocytic_Nevi,melanocytic_Nevi,true
ISIC_0030569,melanocytic_Nevi,melanocytic_Nevi,0.9595,true,true,0.9595,0.0023,0.92,0.218,46.7,light (I–II),melanocytic_Nevi,melanocytic_Nevi,true
ISIC_0030580,melanocytic_Nevi,actinic_keratoses,0.6448,false,false,0.6448,1.4172,0.467,0.581,82.6,light (I–II),melanocytic_Nevi,actinic_keratoses,false
ISIC_0030590,melanocytic_Nevi,melanocytic_Nevi,0.9987,true,true,0.9987,0.0,0.961,0.016,84.4,light (I–II),melanocytic_Nevi,melanocytic_Nevi,true
ISIC_0030593,melanocytic_Nevi,melanocytic_Nevi,0.9103,true,true,0.9103,0.0145,0.708,0.107,86.4,light (I–II),melanocytic_Nevi,melanocytic_Nevi,true
ISIC_0030595,melanocytic_Nevi,melanocytic_Nevi,0.9981,true,true,0.9981,0.0,0.972,0.358,46.8,light (I–II),melanocytic_Nevi,melanocytic_Nevi,true
ISIC_0030602,actinic_keratoses,actinic_keratoses,0.8534,true,true,0.8534,0.0299,0.323,0.655,56.4,light (I–II),actinic_keratoses,actinic_keratoses,true
ISIC_0030611,melanocytic_Nevi,melanocytic_Nevi,0.9999,true,true,0.9999,0.0,0.999,0.005,39.6,medium (III–IV),melanocytic_Nevi,melanocytic_Nevi,true
ISIC_0030612,melanocytic_Nevi,melanocytic_Nevi,0.9999,true,true,0.9999,0.0,0.99,0.012,79.4,light (I–II),melanocytic_Nevi,melanocytic_Nevi,true
ISIC_0030637,melanocytic_Nevi,melanocytic_Nevi,0.9995,true,true,0.9995,0.0,0.924,0.243,32.3,medium (III–IV),melanocytic_Nevi,melanocytic_Nevi,true
ISIC_0030657,melanocytic_Nevi,melanocytic_Nevi,0.9999,true,true,0.9999,0.0,0.996,0.106,54.3,light (I–II),melanocytic_Nevi,melanocytic_Nevi,true
ISIC_0030660,melanocytic_Nevi,melanocytic_Nevi,0.9995,true,true,0.9995,0.0,0.999,0.998,57.3,light (I–II),melanocytic_Nevi,melanocytic_Nevi,true
ISIC_0030662,melanocytic_Nevi,melanocytic_Nevi,0.9992,true,true,0.9992,0.0,0.999,0.853,57.1,light (I–II),melanocytic_Nevi,melanocytic_Nevi,true
ISIC_0030677,benign_keratosis-like_lesions,actinic_keratoses,0.7718,false,true,0.7718,1.4602,0.772,0.686,96.4,light (I–II),benign_keratosis-like_lesions,actinic_keratoses,false
ISIC_0030695,melanoma,melanoma,0.5519,true,true,0.5519,0.2679,0.548,0.309,86.3,light (I–II),melanoma,melanoma,true
ISIC_0030707,actinic_keratoses,actinic_keratoses,0.9027,true,true,0.9027,0.0129,0.699,0.084,65.6,light (I–II),actinic_keratoses,actinic_keratoses,true
ISIC_0030712,basal_cell_carcinoma,basal_cell_carcinoma,0.9998,true,true,0.9998,0.0,1.0,0.258,86.8,light (I–II),basal_cell_carcinoma,basal_cell_carcinoma,true
ISIC_0030715,melanocytic_Nevi,melanocytic_Nevi,0.9999,true,true,0.9999,0.0,0.99,0.945,57.4,light (I–II),melanocytic_Nevi,melanocytic_Nevi,true
ISIC_0030725,melanocytic_Nevi,melanocytic_Nevi,1.0,true,true,1.0,0.0,1.0,0.971,68.7,light (I–II),melanocytic_Nevi,melanocytic_Nevi,true
ISIC_0030727,melanocytic_Nevi,melanocytic_Nevi,0.9709,true,true,0.9709,0.0011,0.969,0.934,36.9,medium (III–IV),melanocytic_Nevi,melanocytic_Nevi,true
ISIC_0030739,melanocytic_Nevi,melanocytic_Nevi,0.9909,true,true,0.9909,0.0001,0.988,0.353,59.6,light (I–II),melanocytic_Nevi,melanocytic_Nevi,true
ISIC_0030743,melanocytic_Nevi,melanocytic_Nevi,0.8339,true,true,0.8339,0.0474,0.82,0.28,27.3,medium (III–IV),melanocytic_Nevi,melanocytic_Nevi,true
ISIC_0030752,melanocytic_Nevi,melanocytic_Nevi,1.0,true,true,1.0,0.0,0.977,0.525,73.2,light (I–II),melanocytic_Nevi,melanocytic_Nevi,true
ISIC_0030754,melanoma,melanoma,0.5943,true,true,0.5943,0.3192,0.573,0.421,48.6,light (I–II),melanoma,melanoma,true
ISIC_0030771,melanocytic_Nevi,melanocytic_Nevi,0.6195,true,true,0.6195,0.2156,0.333,0.055,48.5,light (I–II),melanocytic_Nevi,melanocytic_Nevi,true
ISIC_0030775,melanocytic_Nevi,melanocytic_Nevi,0.9993,true,true,0.9993,0.0,0.995,0.527,85.9,light (I–II),melanocytic_Nevi,melanocytic_Nevi,true
ISIC_0030781,melanocytic_Nevi,melanocytic_Nevi,0.999,true,true,0.999,0.0,0.975,0.308,37.3,medium (III–IV),melanocytic_Nevi,melanocytic_Nevi,true
ISIC_0030785,actinic_keratoses,actinic_keratoses,0.8327,true,true,0.8327,0.0433,0.825,0.298,75.3,light (I–II),actinic_keratoses,actinic_keratoses,true
ISIC_0030793,melanocytic_Nevi,melanocytic_Nevi,0.9099,true,true,0.9099,0.0116,0.908,0.329,87.7,light (I–II),melanocytic_Nevi,melanocytic_Nevi,true
ISIC_0030808,melanocytic_Nevi,melanocytic_Nevi,0.9999,true,true,0.9999,0.0,0.986,0.45,34.2,medium (III–IV),melanocytic_Nevi,melanocytic_Nevi,true
ISIC_0030838,melanocytic_Nevi,melanocytic_Nevi,0.9997,true,true,0.9997,0.0,0.998,0.981,49.3,light (I–II),melanocytic_Nevi,melanocytic_Nevi,true
ISIC_0030843,melanoma,melanocytic_Nevi,0.783,false,true,0.783,1.3651,0.776,0.699,91.0,light (I–II),melanoma,melanocytic_Nevi,false
ISIC_0030861,melanocytic_Nevi,melanocytic_Nevi,0.9974,true,true,0.9974,0.0,0.988,0.394,74.4,light (I–II),melanocytic_Nevi,melanocytic_Nevi,true
ISIC_0030864,melanocytic_Nevi,melanocytic_Nevi,0.9962,true,true,0.9962,0.0,0.983,0.301,81.7,light (I–II),melanocytic_Nevi,melanocytic_Nevi,true
ISIC_0030873,melanocytic_Nevi,benign_keratosis-like_lesions,0.8568,false,true,0.8568,1.5689,0.209,0.015,66.9,light (I–II),melanocytic_Nevi,benign_keratosis-like_lesions,false
ISIC_0030879,melanocytic_Nevi,melanocytic_Nevi,0.9884,true,true,0.9884,0.0002,0.929,0.21,52.3,light (I–II),melanocytic_Nevi,melanocytic_Nevi,true
ISIC_0030881,melanocytic_Nevi,melanocytic_Nevi,0.9913,true,true,0.9913,0.0001,0.13,0.062,47.7,light (I–II),melanocytic_Nevi,melanocytic_Nevi,true
ISIC_0030884,melanocytic_Nevi,melanocytic_Nevi,1.0,true,true,1.0,0.0,0.982,0.043,43.6,light (I–II),melanocytic_Nevi,melanocytic_Nevi,true
ISIC_0030892,melanocytic_Nevi,melanocytic_Nevi,0.8602,true,true,0.8602,0.0309,0.844,0.833,74.7,light (I–II),melanocytic_Nevi,melanocytic_Nevi,true
ISIC_0030894,melanocytic_Nevi,benign_keratosis-like_lesions,0.9169,false,true,0.9169,1.8361,0.674,0.67,72.0,light (I–II),melanocytic_Nevi,benign_keratosis-like_lesions,false
ISIC_0030895,melanocytic_Nevi,melanocytic_Nevi,0.9652,true,true,0.9652,0.0022,0.959,0.932,84.8,light (I–II),melanocytic_Nevi,melanocytic_Nevi,true
ISIC_0030911,melanocytic_Nevi,melanocytic_Nevi,0.9983,true,true,0.9983,0.0,0.998,0.023,62.0,light (I–II),melanocytic_Nevi,melanocytic_Nevi,true
ISIC_0030912,melanocytic_Nevi,melanocytic_Nevi,0.6198,true,true,0.6198,0.2545,0.591,0.132,150.0,light (I–II),melanocytic_Nevi,melanocytic_Nevi,true
ISIC_0030917,melanocytic_Nevi,melanocytic_Nevi,0.9999,true,true,0.9999,0.0,0.999,0.007,57.9,light (I–II),melanocytic_Nevi,melanocytic_Nevi,true
ISIC_0030919,melanocytic_Nevi,benign_keratosis-like_lesions,0.4728,false,true,0.4728,0.6751,0.0,0.277,-156.0,dark (V–VI),melanocytic_Nevi,benign_keratosis-like_lesions,false
ISIC_0030920,melanocytic_Nevi,melanocytic_Nevi,0.5699,true,true,0.5699,0.2524,0.168,0.0,70.8,light (I–II),melanocytic_Nevi,melanocytic_Nevi,true
ISIC_0030933,melanocytic_Nevi,basal_cell_carcinoma,0.8581,false,true,0.8581,1.5091,0.858,0.804,78.2,light (I–II),melanocytic_Nevi,basal_cell_carcinoma,false
ISIC_0030938,melanocytic_Nevi,melanocytic_Nevi,0.9998,true,true,0.9998,0.0,0.998,0.345,68.5,light (I–II),melanocytic_Nevi,melanocytic_Nevi,true
ISIC_0030944,melanocytic_Nevi,melanocytic_Nevi,0.9996,true,true,0.9996,0.0,0.904,0.522,59.8,light (I–II),melanocytic_Nevi,melanocytic_Nevi,true
ISIC_0030953,actinic_keratoses,actinic_keratoses,0.9943,true,true,0.9943,0.0,0.986,0.124,76.9,light (I–II),actinic_keratoses,actinic_keratoses,true
ISIC_0030958,melanocytic_Nevi,melanocytic_Nevi,1.0,true,true,1.0,0.0,0.989,0.664,62.1,light (I–II),melanocytic_Nevi,melanocytic_Nevi,true
ISIC_0030984,melanocytic_Nevi,melanocytic_Nevi,1.0,true,true,1.0,0.0,0.997,0.704,57.4,light (I–II),melanocytic_Nevi,melanocytic_Nevi,true
ISIC_0031003,melanocytic_Nevi,melanocytic_Nevi,1.0,true,true,1.0,0.0,0.989,0.004,65.1,light (I–II),melanocytic_Nevi,melanocytic_Nevi,true
ISIC_0031004,melanocytic_Nevi,melanocytic_Nevi,0.9966,true,true,0.9966,0.0,0.996,0.947,56.3,light (I–II),melanocytic_Nevi,melanocytic_Nevi,true
ISIC_0031026,basal_cell_carcinoma,basal_cell_carcinoma,0.8319,true,true,0.8319,0.0497,0.827,0.333,76.1,light (I–II),basal_cell_carcinoma,basal_cell_carcinoma,true
ISIC_0031032,melanocytic_Nevi,melanocytic_Nevi,0.9985,true,true,0.9985,0.0,0.996,0.995,78.9,light (I–II),melanocytic_Nevi,melanocytic_Nevi,true
ISIC_0031058,melanocytic_Nevi,melanocytic_Nevi,0.9994,true,true,0.9994,0.0,0.992,0.172,66.7,light (I–II),melanocytic_Nevi,melanocytic_Nevi,true
ISIC_0031094,melanocytic_Nevi,melanocytic_Nevi,0.9178,true,true,0.9178,0.0115,0.823,0.449,113.9,light (I–II),melanocytic_Nevi,melanocytic_Nevi,true
ISIC_0031097,melanocytic_Nevi,melanocytic_Nevi,0.9997,true,true,0.9997,0.0,0.999,0.285,78.5,light (I–II),melanocytic_Nevi,melanocytic_Nevi,true
ISIC_0031103,vascular_lesions,vascular_lesions,0.9999,true,true,0.9999,0.0,0.005,0.0,74.3,light (I–II),vascular_lesions,vascular_lesions,true
ISIC_0031105,melanocytic_Nevi,melanocytic_Nevi,0.9524,true,true,0.9524,0.0039,0.913,0.06,125.6,light (I–II),melanocytic_Nevi,melanocytic_Nevi,true
ISIC_0031110,melanocytic_Nevi,melanocytic_Nevi,0.9996,true,true,0.9996,0.0,0.997,0.026,67.3,light (I–II),melanocytic_Nevi,melanocytic_Nevi,true
ISIC_0031111,melanocytic_Nevi,melanocytic_Nevi,0.4629,true,true,0.4629,0.4176,0.44,0.0,67.1,light (I–II),melanocytic_Nevi,melanocytic_Nevi,true
ISIC_0031124,melanocytic_Nevi,melanocytic_Nevi,0.9989,true,true,0.9989,0.0,0.939,0.023,86.0,light (I–II),melanocytic_Nevi,melanocytic_Nevi,true
ISIC_0031126,melanocytic_Nevi,benign_keratosis-like_lesions,0.3605,false,true,0.3605,0.8741,0.146,0.107,106.2,light (I–II),melanocytic_Nevi,benign_keratosis-like_lesions,false
ISIC_0031147,melanocytic_Nevi,melanocytic_Nevi,0.9996,true,true,0.9996,0.0,0.999,0.976,66.8,light (I–II),melanocytic_Nevi,melanocytic_Nevi,true
ISIC_0031148,melanocytic_Nevi,melanocytic_Nevi,0.8735,true,true,0.8735,0.0234,0.829,0.345,114.8,light (I–II),melanocytic_Nevi,melanocytic_Nevi,true
ISIC_0031149,melanocytic_Nevi,melanocytic_Nevi,0.9974,true,true,0.9974,0.0,0.949,0.035,82.2,light (I–II),melanocytic_Nevi,melanocytic_Nevi,true
ISIC_0031155,melanocytic_Nevi,melanocytic_Nevi,0.9997,true,true,0.9997,0.0,0.998,0.756,71.4,light (I–II),melanocytic_Nevi,melanocytic_Nevi,true
ISIC_0031165,melanocytic_Nevi,melanocytic_Nevi,0.8315,true,true,0.8315,0.0564,0.827,0.748,71.0,light (I–II),melanocytic_Nevi,melanocytic_Nevi,true
ISIC_0031185,melanocytic_Nevi,melanocytic_Nevi,0.9989,true,true,0.9989,0.0,0.992,0.032,72.4,light (I–II),melanocytic_Nevi,melanocytic_Nevi,true
ISIC_0031192,melanocytic_Nevi,benign_keratosis-like_lesions,0.8437,false,false,0.8437,1.695,0.647,0.038,112.2,light (I–II),melanocytic_Nevi,benign_keratosis-like_lesions,false
ISIC_0031202,melanocytic_Nevi,melanocytic_Nevi,0.9579,true,true,0.9579,0.0028,0.9,0.297,64.8,light (I–II),melanocytic_Nevi,melanocytic_Nevi,true
ISIC_0031203,melanoma,melanoma,0.343,true,true,0.343,0.5825,0.339,0.322,78.5,light (I–II),melanoma,melanoma,true
ISIC_0031206,melanocytic_Nevi,melanocytic_Nevi,0.9873,true,true,0.9873,0.0003,0.981,0.07,67.1,light (I–II),melanocytic_Nevi,melanocytic_Nevi,true
ISIC_0031210,melanocytic_Nevi,melanocytic_Nevi,0.9999,true,true,0.9999,0.0,0.964,0.889,32.6,medium (III–IV),melanocytic_Nevi,melanocytic_Nevi,true
ISIC_0031218,benign_keratosis-like_lesions,benign_keratosis-like_lesions,0.6455,true,true,0.6455,0.1735,0.489,0.227,-71.9,dark (V–VI),benign_keratosis-like_lesions,benign_keratosis-like_lesions,true
ISIC_0031221,melanocytic_Nevi,melanocytic_Nevi,0.7447,true,true,0.7447,0.0902,0.736,0.559,80.7,light (I–II),melanocytic_Nevi,melanocytic_Nevi,true
ISIC_0031242,melanocytic_Nevi,melanocytic_Nevi,0.9989,true,true,0.9989,0.0,0.999,0.805,64.5,light (I–II),melanocytic_Nevi,melanocytic_Nevi,true
ISIC_0031248,melanocytic_Nevi,melanocytic_Nevi,0.9998,true,true,0.9998,0.0,0.939,0.005,57.7,light (I–II),melanocytic_Nevi,melanocytic_Nevi,true
ISIC_0031259,melanocytic_Nevi,melanocytic_Nevi,0.9878,true,true,0.9878,0.0002,0.979,0.014,113.5,light (I–II),melanocytic_Nevi,melanocytic_Nevi,true
ISIC_0031261,benign_keratosis-like_lesions,benign_keratosis-like_lesions,0.8932,true,true,0.8932,0.018,0.507,0.399,108.9,light (I–II),benign_keratosis-like_lesions,benign_keratosis-like_lesions,true
ISIC_0031269,melanocytic_Nevi,melanocytic_Nevi,0.9967,true,true,0.9967,0.0,0.989,0.793,87.7,light (I–II),melanocytic_Nevi,melanocytic_Nevi,true
ISIC_0031271,dermatofibroma,dermatofibroma,1.0,true,true,1.0,0.0,1.0,0.013,83.9,light (I–II),dermatofibroma,dermatofibroma,true
ISIC_0031280,melanocytic_Nevi,melanocytic_Nevi,0.9971,true,true,0.9971,0.0,0.855,0.607,64.3,light (I–II),melanocytic_Nevi,melanocytic_Nevi,true
ISIC_0031288,melanocytic_Nevi,melanocytic_Nevi,0.9495,true,true,0.9495,0.004,0.949,0.104,94.0,light (I–II),melanocytic_Nevi,melanocytic_Nevi,true
ISIC_0031290,melanocytic_Nevi,melanocytic_Nevi,0.7725,true,true,0.7725,0.0759,0.751,0.675,105.5,light (I–II),melanocytic_Nevi,melanocytic_Nevi,true
ISIC_0031291,melanocytic_Nevi,melanocytic_Nevi,0.9971,true,true,0.9971,0.0,0.996,0.351,52.0,light (I–II),melanocytic_Nevi,melanocytic_Nevi,true
ISIC_0031300,melanocytic_Nevi,melanocytic_Nevi,1.0,true,true,1.0,0.0,0.839,0.019,71.4,light (I–II),melanocytic_Nevi,melanocytic_Nevi,true
ISIC_0031301,melanocytic_Nevi,melanoma,0.6972,false,true,0.6972,1.232,0.632,0.008,82.6,light (I–II),melanocytic_Nevi,melanoma,false
ISIC_0031302,melanocytic_Nevi,melanocytic_Nevi,0.9629,true,true,0.9629,0.0021,0.954,0.94,74.6,light (I–II),melanocytic_Nevi,melanocytic_Nevi,true
ISIC_0031303,melanoma,benign_keratosis-like_lesions,0.5339,false,true,0.5339,0.8693,0.409,0.0,117.7,light (I–II),melanoma,benign_keratosis-like_lesions,false
ISIC_0031308,melanocytic_Nevi,melanocytic_Nevi,0.6592,true,true,0.6592,0.1619,0.415,0.294,9.3,dark (V–VI),melanocytic_Nevi,melanocytic_Nevi,true
ISIC_0031316,melanocytic_Nevi,melanocytic_Nevi,0.9998,true,true,0.9998,0.0,0.994,0.034,65.6,light (I–II),melanocytic_Nevi,melanocytic_Nevi,true
ISIC_0031320,melanocytic_Nevi,melanocytic_Nevi,0.9144,true,true,0.9144,0.0112,0.91,0.026,71.1,light (I–II),melanocytic_Nevi,melanocytic_Nevi,true
ISIC_0031322,melanocytic_Nevi,melanocytic_Nevi,0.5878,true,true,0.5878,0.2514,0.583,0.004,90.3,light (I–II),melanocytic_Nevi,melanocytic_Nevi,true
ISIC_0031326,benign_keratosis-like_lesions,actinic_keratoses,0.5796,false,true,0.5796,0.6936,0.58,0.55,107.8,light (I–II),benign_keratosis-like_lesions,actinic_keratoses,false
ISIC_0031346,vascular_lesions,vascular_lesions,0.978,true,true,0.978,0.0006,0.019,0.126,141.3,light (I–II),vascular_lesions,vascular_lesions,true
ISIC_0031365,melanocytic_Nevi,melanocytic_Nevi,0.9998,true,true,0.9998,0.0,0.997,0.063,34.1,medium (III–IV),melanocytic_Nevi,melanocytic_Nevi,true
ISIC_0031385,melanocytic_Nevi,benign_keratosis-like_lesions,0.5107,false,true,0.5107,0.6212,0.494,0.0,119.7,light (I–II),melanocytic_Nevi,benign_keratosis-like_lesions,false
ISIC_0031386,melanoma,melanoma,0.7045,true,true,0.7045,0.1438,0.465,0.171,127.9,light (I–II),melanoma,melanoma,true
ISIC_0031387,melanocytic_Nevi,melanocytic_Nevi,0.9989,true,true,0.9989,0.0,0.843,0.644,66.1,light (I–II),melanocytic_Nevi,melanocytic_Nevi,true
ISIC_0031399,melanocytic_Nevi,melanocytic_Nevi,0.8148,true,true,0.8148,0.0474,0.728,0.664,72.0,light (I–II),melanocytic_Nevi,melanocytic_Nevi,true
ISIC_0031414,melanocytic_Nevi,melanocytic_Nevi,0.9992,true,true,0.9992,0.0,0.99,0.003,67.4,light (I–II),melanocytic_Nevi,melanocytic_Nevi,true
ISIC_0031424,benign_keratosis-like_lesions,benign_keratosis-like_lesions,0.8155,true,true,0.8155,0.0548,0.749,0.106,89.4,light (I–II),benign_keratosis-like_lesions,benign_keratosis-like_lesions,true
ISIC_0031432,melanocytic_Nevi,melanocytic_Nevi,0.9992,true,true,0.9992,0.0,0.998,0.337,69.3,light (I–II),melanocytic_Nevi,melanocytic_Nevi,true
ISIC_0031434,melanocytic_Nevi,melanocytic_Nevi,0.9997,true,true,0.9997,0.0,0.834,0.062,66.1,light (I–II),melanocytic_Nevi,melanocytic_Nevi,true
ISIC_0031438,melanocytic_Nevi,melanocytic_Nevi,0.9989,true,true,0.9989,0.0,0.986,0.006,108.7,light (I–II),melanocytic_Nevi,melanocytic_Nevi,true
ISIC_0031452,melanocytic_Nevi,melanocytic_Nevi,0.9999,true,true,0.9999,0.0,0.991,0.277,71.1,light (I–II),melanocytic_Nevi,melanocytic_Nevi,true
ISIC_0031455,melanocytic_Nevi,melanocytic_Nevi,0.8417,true,true,0.8417,0.0379,0.82,0.539,54.8,light (I–II),melanocytic_Nevi,melanocytic_Nevi,true
ISIC_0031456,melanocytic_Nevi,melanocytic_Nevi,0.9958,true,true,0.9958,0.0,0.982,0.914,52.0,light (I–II),melanocytic_Nevi,melanocytic_Nevi,true
ISIC_0031472,melanocytic_Nevi,melanocytic_Nevi,1.0,true,true,1.0,0.0,0.999,0.081,76.3,light (I–II),melanocytic_Nevi,melanocytic_Nevi,true
ISIC_0031479,melanoma,melanoma,0.8848,true,true,0.8848,0.0211,0.455,0.387,94.9,light (I–II),melanoma,melanoma,true
ISIC_0031484,melanocytic_Nevi,melanocytic_Nevi,0.9891,true,true,0.9891,0.0001,0.945,0.024,79.2,light (I–II),melanocytic_Nevi,melanocytic_Nevi,true
ISIC_0031485,benign_keratosis-like_lesions,benign_keratosis-like_lesions,0.8755,true,true,0.8755,0.0284,0.873,0.057,129.3,light (I–II),benign_keratosis-like_lesions,benign_keratosis-like_lesions,true
ISIC_0031493,melanocytic_Nevi,melanocytic_Nevi,0.9999,true,true,0.9999,0.0,0.964,0.81,44.1,light (I–II),melanocytic_Nevi,melanocytic_Nevi,true
ISIC_0031500,melanocytic_Nevi,melanocytic_Nevi,0.9998,true,true,0.9998,0.0,0.976,0.037,42.6,light (I–II),melanocytic_Nevi,melanocytic_Nevi,true
ISIC_0031504,melanocytic_Nevi,melanocytic_Nevi,0.9771,true,true,0.9771,0.0008,0.973,0.957,62.3,light (I–II),melanocytic_Nevi,melanocytic_Nevi,true
ISIC_0031507,melanocytic_Nevi,melanocytic_Nevi,0.9974,true,true,0.9974,0.0,0.981,0.064,27.0,medium (III–IV),melanocytic_Nevi,melanocytic_Nevi,true
ISIC_0031523,melanocytic_Nevi,melanocytic_Nevi,0.9996,true,true,0.9996,0.0,0.996,0.131,40.2,medium (III–IV),melanocytic_Nevi,melanocytic_Nevi,true
ISIC_0031524,melanocytic_Nevi,melanocytic_Nevi,0.889,true,true,0.889,0.0242,0.886,0.0,97.8,light (I–II),melanocytic_Nevi,melanocytic_Nevi,true
ISIC_0031529,melanoma,melanocytic_Nevi,0.7484,false,true,0.7484,1.1214,0.743,0.093,87.3,light (I–II),melanoma,melanocytic_Nevi,false
ISIC_0031537,benign_keratosis-like_lesions,actinic_keratoses,0.8172,false,true,0.8172,1.3683,0.812,0.365,96.1,light (I–II),benign_keratosis-like_lesions,actinic_keratoses,false
ISIC_0031538,melanocytic_Nevi,melanocytic_Nevi,0.9993,true,true,0.9993,0.0,0.996,0.456,66.4,light (I–II),melanocytic_Nevi,melanocytic_Nevi,true
ISIC_0031539,basal_cell_carcinoma,actinic_keratoses,0.5494,false,true,0.5494,0.8498,0.487,0.513,49.0,light (I–II),basal_cell_carcinoma,actinic_keratoses,false
ISIC_0031553,melanocytic_Nevi,melanocytic_Nevi,0.9998,true,true,0.9998,0.0,0.998,0.029,63.8,light (I–II),melanocytic_Nevi,melanocytic_Nevi,true
ISIC_0031561,melanoma,melanoma,0.4607,true,true,0.4607,0.4124,0.424,0.167,63.8,light (I–II),melanoma,melanoma,true
ISIC_0031562,melanocytic_Nevi,melanocytic_Nevi,0.9998,true,true,0.9998,0.0,0.999,0.441,73.4,light (I–II),melanocytic_Nevi,melanocytic_Nevi,true
ISIC_0031569,basal_cell_carcinoma,dermatofibroma,0.6765,false,true,0.6765,1.036,0.651,0.618,61.4,light (I–II),basal_cell_carcinoma,dermatofibroma,false
ISIC_0031571,melanocytic_Nevi,melanocytic_Nevi,0.9984,true,true,0.9984,0.0,0.993,0.217,16.1,dark (V–VI),melanocytic_Nevi,melanocytic_Nevi,true
ISIC_0031575,melanocytic_Nevi,melanocytic_Nevi,0.9999,true,true,0.9999,0.0,0.976,0.512,72.5,light (I–II),melanocytic_Nevi,melanocytic_Nevi,true
ISIC_0031587,melanocytic_Nevi,melanocytic_Nevi,0.9989,true,true,0.9989,0.0,0.992,0.992,63.3,light (I–II),melanocytic_Nevi,melanocytic_Nevi,true
ISIC_0031595,melanocytic_Nevi,melanocytic_Nevi,0.6164,true,true,0.6164,0.2263,0.615,0.61,118.5,light (I–II),melanocytic_Nevi,melanocytic_Nevi,true
ISIC_0031600,benign_keratosis-like_lesions,benign_keratosis-like_lesions,0.8881,true,true,0.8881,0.0201,0.708,0.199,87.6,light (I–II),benign_keratosis-like_lesions,benign_keratosis-like_lesions,true
ISIC_0031607,melanocytic_Nevi,melanocytic_Nevi,0.9999,true,true,0.9999,0.0,0.999,0.875,43.2,light (I–II),melanocytic_Nevi,melanocytic_Nevi,true
ISIC_0031612,melanocytic_Nevi,melanocytic_Nevi,0.6082,true,true,0.6082,0.2215,0.595,0.273,56.3,light (I–II),melanocytic_Nevi,melanocytic_Nevi,true
ISIC_0031616,melanocytic_Nevi,melanocytic_Nevi,0.9993,true,true,0.9993,0.0,0.93,0.557,40.4,medium (III–IV),melanocytic_Nevi,melanocytic_Nevi,true
ISIC_0031618,melanocytic_Nevi,melanocytic_Nevi,0.6381,true,true,0.6381,0.2133,0.617,0.0,139.0,light (I–II),melanocytic_Nevi,melanocytic_Nevi,true
ISIC_0031619,benign_keratosis-like_lesions,benign_keratosis-like_lesions,0.8717,true,true,0.8717,0.0236,0.871,0.189,49.1,light (I–II),benign_keratosis-like_lesions,benign_keratosis-like_lesions,true
ISIC_0031632,melanocytic_Nevi,melanocytic_Nevi,0.9995,true,true,0.9995,0.0,0.998,0.02,73.6,light (I–II),melanocytic_Nevi,melanocytic_Nevi,true
ISIC_0031639,benign_keratosis-like_lesions,benign_keratosis-like_lesions,0.8559,true,true,0.8559,0.026,0.787,0.844,104.2,light (I–II),benign_keratosis-like_lesions,benign_keratosis-like_lesions,true
ISIC_0031645,melanocytic_Nevi,melanocytic_Nevi,0.8931,true,true,0.8931,0.0215,0.892,0.606,23.0,medium (III–IV),melanocytic_Nevi,melanocytic_Nevi,true
ISIC_0031646,melanocytic_Nevi,melanoma,0.5418,false,true,0.5418,0.7749,0.53,0.296,130.1,light (I–II),melanocytic_Nevi,melanoma,false
ISIC_0031648,vascular_lesions,vascular_lesions,0.9999,true,true,0.9999,0.0,0.0,0.002,86.8,light (I–II),vascular_lesions,vascular_lesions,true
ISIC_0031651,basal_cell_carcinoma,actinic_keratoses,0.8663,false,true,0.8663,1.523,0.866,0.866,77.3,light (I–II),basal_cell_carcinoma,actinic_keratoses,false
ISIC_0031653,melanocytic_Nevi,melanocytic_Nevi,0.9983,true,true,0.9983,0.0,0.992,0.042,60.8,light (I–II),melanocytic_Nevi,melanocytic_Nevi,true
ISIC_0031655,melanocytic_Nevi,melanocytic_Nevi,0.9999,true,true,0.9999,0.0,0.997,0.259,19.7,medium (III–IV),melanocytic_Nevi,melanocytic_Nevi,true
ISIC_0031662,melanocytic_Nevi,melanocytic_Nevi,0.7705,true,true,0.7705,0.0861,0.718,0.357,71.7,light (I–II),melanocytic_Nevi,melanocytic_Nevi,true
ISIC_0031665,melanocytic_Nevi,melanocytic_Nevi,0.9992,true,true,0.9992,0.0,0.886,0.009,82.2,light (I–II),melanocytic_Nevi,melanocytic_Nevi,true
ISIC_0031690,melanocytic_Nevi,melanocytic_Nevi,0.9998,true,true,0.9998,0.0,0.968,0.531,78.1,light (I–II),melanocytic_Nevi,melanocytic_Nevi,true
ISIC_0031693,melanocytic_Nevi,melanocytic_Nevi,0.9999,true,true,0.9999,0.0,0.994,0.047,43.5,light (I–II),melanocytic_Nevi,melanocytic_Nevi,true
ISIC_0031696,melanocytic_Nevi,melanocytic_Nevi,0.889,true,true,0.889,0.0244,0.871,0.112,80.1,light (I–II),melanocytic_Nevi,melanocytic_Nevi,true
ISIC_0031713,melanocytic_Nevi,melanocytic_Nevi,0.8899,true,true,0.8899,0.023,0.882,0.08,127.6,light (I–II),melanocytic_Nevi,melanocytic_Nevi,true
ISIC_0031724,melanocytic_Nevi,melanocytic_Nevi,0.8687,true,true,0.8687,0.0334,0.831,0.569,91.4,light (I–II),melanocytic_Nevi,melanocytic_Nevi,true
ISIC_0031726,melanocytic_Nevi,melanocytic_Nevi,0.9756,true,true,0.9756,0.0011,0.974,0.789,33.8,medium (III–IV),melanocytic_Nevi,melanocytic_Nevi,true
ISIC_0031729,melanocytic_Nevi,melanocytic_Nevi,0.9477,true,true,0.9477,0.005,0.922,0.139,78.1,light (I–II),melanocytic_Nevi,melanocytic_Nevi,true
ISIC_0031739,melanocytic_Nevi,melanocytic_Nevi,0.9999,true,true,0.9999,0.0,0.997,0.003,65.9,light (I–II),melanocytic_Nevi,melanocytic_Nevi,true
ISIC_0031740,melanocytic_Nevi,melanocytic_Nevi,0.9999,true,true,0.9999,0.0,0.991,0.949,63.8,light (I–II),melanocytic_Nevi,melanocytic_Nevi,true
ISIC_0031774,melanocytic_Nevi,melanocytic_Nevi,1.0,true,true,1.0,0.0,0.984,0.918,56.6,light (I–II),melanocytic_Nevi,melanocytic_Nevi,true
ISIC_0031775,melanocytic_Nevi,melanocytic_Nevi,0.9995,true,true,0.9995,0.0,0.987,0.03,77.1,light (I–II),melanocytic_Nevi,melanocytic_Nevi,true
ISIC_0031777,melanocytic_Nevi,melanocytic_Nevi,0.9972,true,true,0.9972,0.0,0.954,0.882,42.2,light (I–II),melanocytic_Nevi,melanocytic_Nevi,true
ISIC_0031778,melanoma,benign_keratosis-like_lesions,0.4228,false,true,0.4228,0.9277,0.0,0.0,90.1,light (I–II),melanoma,benign_keratosis-like_lesions,false
ISIC_0031780,melanocytic_Nevi,melanocytic_Nevi,1.0,true,true,1.0,0.0,0.999,0.002,63.8,light (I–II),melanocytic_Nevi,melanocytic_Nevi,true
ISIC_0031783,benign_keratosis-like_lesions,benign_keratosis-like_lesions,0.7305,true,true,0.7305,0.1244,0.692,0.0,-15.6,dark (V–VI),benign_keratosis-like_lesions,benign_keratosis-like_lesions,true
ISIC_0031785,melanocytic_Nevi,melanocytic_Nevi,0.9999,true,true,0.9999,0.0,0.993,0.79,7.1,dark (V–VI),melanocytic_Nevi,melanocytic_Nevi,true
ISIC_0031793,melanocytic_Nevi,melanocytic_Nevi,0.9874,true,true,0.9874,0.0003,0.962,0.09,63.2,light (I–II),melanocytic_Nevi,melanocytic_Nevi,true
ISIC_0031800,melanocytic_Nevi,melanocytic_Nevi,0.9957,true,true,0.9957,0.0,0.966,0.96,25.8,medium (III–IV),melanocytic_Nevi,melanocytic_Nevi,true
ISIC_0031814,melanocytic_Nevi,vascular_lesions,0.9693,false,true,0.9693,1.8833,0.0,0.0,71.4,light (I–II),melanocytic_Nevi,vascular_lesions,false
ISIC_0031824,basal_cell_carcinoma,basal_cell_carcinoma,0.992,true,true,0.992,0.0001,0.992,0.992,67.0,light (I–II),basal_cell_carcinoma,basal_cell_carcinoma,true
ISIC_0031825,benign_keratosis-like_lesions,actinic_keratoses,0.599,false,true,0.599,0.9678,0.599,0.599,119.8,light (I–II),benign_keratosis-like_lesions,actinic_keratoses,false
ISIC_0031827,dermatofibroma,dermatofibroma,0.999,true,true,0.999,0.0,0.998,0.93,103.1,light (I–II),dermatofibroma,dermatofibroma,true
ISIC_0031834,melanocytic_Nevi,melanocytic_Nevi,0.9854,true,true,0.9854,0.0004,0.982,0.815,105.8,light (I–II),melanocytic_Nevi,melanocytic_Nevi,true
ISIC_0031843,melanocytic_Nevi,melanocytic_Nevi,0.9987,true,true,0.9987,0.0,0.992,0.051,55.8,light (I–II),melanocytic_Nevi,melanocytic_Nevi,true
ISIC_0031850,melanocytic_Nevi,melanocytic_Nevi,0.9974,true,true,0.9974,0.0,0.789,0.115,22.5,medium (III–IV),melanocytic_Nevi,melanocytic_Nevi,true
ISIC_0031856,melanocytic_Nevi,melanocytic_Nevi,0.9999,true,true,0.9999,0.0,0.999,0.236,57.5,light (I–II),melanocytic_Nevi,melanocytic_Nevi,true
ISIC_0031866,melanocytic_Nevi,melanocytic_Nevi,0.8088,true,true,0.8088,0.0489,0.794,0.144,85.0,light (I–II),melanocytic_Nevi,melanocytic_Nevi,true
ISIC_0031868,melanocytic_Nevi,melanocytic_Nevi,0.996,true,true,0.996,0.0,0.936,0.004,76.2,light (I–II),melanocytic_Nevi,melanocytic_Nevi,true
ISIC_0031870,melanocytic_Nevi,melanocytic_Nevi,0.9962,true,true,0.9962,0.0,0.983,0.081,68.2,light (I–II),melanocytic_Nevi,melanocytic_Nevi,true
ISIC_0031874,actinic_keratoses,actinic_keratoses,0.9993,true,true,0.9993,0.0,0.999,0.017,64.2,light (I–II),actinic_keratoses,actinic_keratoses,true
ISIC_0031878,melanocytic_Nevi,melanocytic_Nevi,0.9991,true,true,0.9991,0.0,0.951,0.123,36.5,medium (III–IV),melanocytic_Nevi,melanocytic_Nevi,true
ISIC_0031893,benign_keratosis-like_lesions,benign_keratosis-like_lesions,0.9449,true,true,0.9449,0.005,0.709,0.312,124.9,light (I–II),benign_keratosis-like_lesions,benign_keratosis-like_lesions,true
ISIC_0031899,melanocytic_Nevi,melanocytic_Nevi,0.9976,true,true,0.9976,0.0,0.996,0.827,87.9,light (I–II),melanocytic_Nevi,melanocytic_Nevi,true
ISIC_0031904,melanocytic_Nevi,melanocytic_Nevi,0.489,true,true,0.489,0.4682,0.444,0.064,88.9,light (I–II),melanocytic_Nevi,melanocytic_Nevi,true
ISIC_0031909,melanocytic_Nevi,melanocytic_Nevi,0.9975,true,true,0.9975,0.0,0.996,0.243,101.8,light (I–II),melanocytic_Nevi,melanocytic_Nevi,true
ISIC_0031919,melanocytic_Nevi,benign_keratosis-like_lesions,0.7599,false,true,0.7599,1.4247,0.349,0.235,62.0,light (I–II),melanocytic_Nevi,benign_keratosis-like_lesions,false
ISIC_0031920,melanocytic_Nevi,melanocytic_Nevi,0.9997,true,true,0.9997,0.0,0.997,0.176,64.8,light (I–II),melanocytic_Nevi,melanocytic_Nevi,true
ISIC_0031921,melanocytic_Nevi,melanocytic_Nevi,1.0,true,true,1.0,0.0,0.999,0.103,52.2,light (I–II),melanocytic_Nevi,melanocytic_Nevi,true
ISIC_0031925,basal_cell_carcinoma,actinic_keratoses,0.4374,false,true,0.4374,0.9127,0.437,0.437,108.5,light (I–II),basal_cell_carcinoma,actinic_keratoses,false
ISIC_0031926,melanocytic_Nevi,melanocytic_Nevi,0.9996,true,true,0.9996,0.0,0.977,0.409,82.4,light (I–II),melanocytic_Nevi,melanocytic_Nevi,true
ISIC_0031928,melanocytic_Nevi,melanocytic_Nevi,0.9999,true,true,0.9999,0.0,0.994,0.513,55.9,light (I–II),melanocytic_Nevi,melanocytic_Nevi,true
ISIC_0031930,melanocytic_Nevi,melanocytic_Nevi,0.7398,true,true,0.7398,0.1042,0.731,0.303,100.6,light (I–II),melanocytic_Nevi,melanocytic_Nevi,true
ISIC_0031935,melanocytic_Nevi,melanocytic_Nevi,0.9984,true,true,0.9984,0.0,0.983,0.018,81.6,light (I–II),melanocytic_Nevi,melanocytic_Nevi,true
ISIC_0031940,actinic_keratoses,actinic_keratoses,0.9866,true,true,0.9866,0.0002,0.983,0.187,66.3,light (I–II),actinic_keratoses,actinic_keratoses,true
ISIC_0031946,melanocytic_Nevi,melanocytic_Nevi,0.9999,true,true,0.9999,0.0,0.992,0.229,54.7,light (I–II),melanocytic_Nevi,melanocytic_Nevi,true
ISIC_0031948,melanocytic_Nevi,melanoma,0.4273,false,true,0.4273,0.6372,0.426,0.417,59.6,light (I–II),melanocytic_Nevi,melanoma,false
ISIC_0031950,vascular_lesions,vascular_lesions,0.9776,true,true,0.9776,0.0006,0.023,0.003,98.1,light (I–II),vascular_lesions,vascular_lesions,true
ISIC_0031954,melanocytic_Nevi,melanocytic_Nevi,0.9997,true,true,0.9997,0.0,0.998,0.087,45.8,light (I–II),melanocytic_Nevi,melanocytic_Nevi,true
ISIC_0031960,melanocytic_Nevi,melanocytic_Nevi,0.5537,true,true,0.5537,0.2568,0.551,0.497,105.2,light (I–II),melanocytic_Nevi,melanocytic_Nevi,true
ISIC_0031966,melanocytic_Nevi,melanocytic_Nevi,0.9967,true,true,0.9967,0.0,0.996,0.971,70.9,light (I–II),melanocytic_Nevi,melanocytic_Nevi,true
ISIC_0031968,melanocytic_Nevi,melanocytic_Nevi,0.9998,true,true,0.9998,0.0,0.978,0.047,24.5,medium (III–IV),melanocytic_Nevi,melanocytic_Nevi,true
ISIC_0031970,melanocytic_Nevi,melanocytic_Nevi,0.9714,true,true,0.9714,0.0013,0.893,0.762,67.0,light (I–II),melanocytic_Nevi,melanocytic_Nevi,true
ISIC_0031981,melanocytic_Nevi,benign_keratosis-like_lesions,0.5013,false,true,0.5013,0.7139,0.0,0.273,82.5,light (I–II),melanocytic_Nevi,benign_keratosis-like_lesions,false
ISIC_0031994,melanocytic_Nevi,melanocytic_Nevi,0.9997,true,true,0.9997,0.0,0.997,0.21,32.0,medium (III–IV),melanocytic_Nevi,melanocytic_Nevi,true
ISIC_0031997,melanocytic_Nevi,melanocytic_Nevi,0.9806,true,true,0.9806,0.0007,0.98,0.089,63.9,light (I–II),melanocytic_Nevi,melanocytic_Nevi,true
ISIC_0032013,benign_keratosis-like_lesions,benign_keratosis-like_lesions,0.9834,true,true,0.9834,0.0004,0.933,0.322,107.4,light (I–II),benign_keratosis-like_lesions,benign_keratosis-like_lesions,true
ISIC_0032016,melanocytic_Nevi,melanocytic_Nevi,0.9908,true,true,0.9908,0.0001,0.913,0.323,66.9,light (I–II),melanocytic_Nevi,melanocytic_Nevi,true
ISIC_0032027,melanocytic_Nevi,melanocytic_Nevi,0.4782,true,true,0.4782,0.4336,0.471,0.231,128.0,light (I–II),melanocytic_Nevi,melanocytic_Nevi,true
ISIC_0032037,melanocytic_Nevi,melanocytic_Nevi,0.9785,true,true,0.9785,0.0009,0.96,0.334,55.2,light (I–II),melanocytic_Nevi,melanocytic_Nevi,true
ISIC_0032048,melanocytic_Nevi,melanocytic_Nevi,0.6248,true,true,0.6248,0.2041,0.622,0.139,65.4,light (I–II),melanocytic_Nevi,melanocytic_Nevi,true
ISIC_0032050,melanocytic_Nevi,melanocytic_Nevi,0.9996,true,true,0.9996,0.0,0.955,0.017,75.8,light (I–II),melanocytic_Nevi,melanocytic_Nevi,true
ISIC_0032051,benign_keratosis-like_lesions,benign_keratosis-like_lesions,0.9934,true,true,0.9934,0.0001,0.13,0.001,111.5,light (I–II),benign_keratosis-like_lesions,benign_keratosis-like_lesions,true
ISIC_0032072,melanoma,melanoma,0.7637,true,true,0.7637,0.0706,0.759,0.0,83.1,light (I–II),melanoma,melanoma,true
ISIC_0032080,melanocytic_Nevi,melanocytic_Nevi,0.9999,true,true,0.9999,0.0,0.988,0.053,53.8,light (I–II),melanocytic_Nevi,melanocytic_Nevi,true
ISIC_0032092,basal_cell_carcinoma,actinic_keratoses,0.8246,false,true,0.8246,1.4777,0.822,0.819,69.9,light (I–II),basal_cell_carcinoma,actinic_keratoses,false
ISIC_0032096,melanocytic_Nevi,benign_keratosis-like_lesions,0.4751,false,true,0.4751,1.1807,0.208,0.167,1.5,dark (V–VI),melanocytic_Nevi,benign_keratosis-like_lesions,false
ISIC_0032098,melanoma,melanoma,0.9653,true,true,0.9653,0.0017,0.848,0.101,-94.6,dark (V–VI),melanoma,melanoma,true
ISIC_0032106,melanocytic_Nevi,melanocytic_Nevi,0.9999,true,true,0.9999,0.0,0.997,0.954,22.6,medium (III–IV),melanocytic_Nevi,melanocytic_Nevi,true
ISIC_0032109,melanocytic_Nevi,melanocytic_Nevi,0.5586,true,true,0.5586,0.3506,0.528,0.0,104.5,light (I–II),melanocytic_Nevi,melanocytic_Nevi,true
ISIC_0032113,benign_keratosis-like_lesions,benign_keratosis-like_lesions,0.6715,true,true,0.6715,0.1747,0.66,0.67,57.3,light (I–II),benign_keratosis-like_lesions,benign_keratosis-like_lesions,true
ISIC_0032120,melanocytic_Nevi,melanocytic_Nevi,1.0,true,true,1.0,0.0,0.978,0.006,27.2,medium (III–IV),melanocytic_Nevi,melanocytic_Nevi,true
ISIC_0032123,benign_keratosis-like_lesions,benign_keratosis-like_lesions,0.969,true,true,0.969,0.0017,0.801,0.006,83.3,light (I–II),benign_keratosis-like_lesions,benign_keratosis-like_lesions,true
ISIC_0032136,melanocytic_Nevi,melanocytic_Nevi,0.5904,true,true,0.5904,0.2372,0.564,0.0,30.8,medium (III–IV),melanocytic_Nevi,melanocytic_Nevi,true
ISIC_0032138,dermatofibroma,dermatofibroma,0.9903,true,true,0.9903,0.0002,0.989,0.956,85.7,light (I–II),dermatofibroma,dermatofibroma,true
ISIC_0032140,melanocytic_Nevi,melanocytic_Nevi,0.4843,true,true,0.4843,0.3711,0.328,0.0,88.9,light (I–II),melanocytic_Nevi,melanocytic_Nevi,true
ISIC_0032147,melanocytic_Nevi,melanocytic_Nevi,0.9995,true,true,0.9995,0.0,0.998,0.457,65.9,light (I–II),melanocytic_Nevi,melanocytic_Nevi,true
ISIC_0032152,melanoma,melanocytic_Nevi,0.5362,false,true,0.5362,0.9657,0.469,0.168,101.5,light (I–II),melanoma,melanocytic_Nevi,false
ISIC_0032156,benign_keratosis-like_lesions,benign_keratosis-like_lesions,0.9908,true,true,0.9908,0.0001,0.036,0.027,115.3,light (I–II),benign_keratosis-like_lesions,benign_keratosis-like_lesions,true
ISIC_0032160,melanocytic_Nevi,melanocytic_Nevi,0.9996,true,true,0.9996,0.0,0.992,0.954,52.3,light (I–II),melanocytic_Nevi,melanocytic_Nevi,true
ISIC_0032162,melanocytic_Nevi,melanocytic_Nevi,0.9985,true,true,0.9985,0.0,0.998,0.095,56.3,light (I–II),melanocytic_Nevi,melanocytic_Nevi,true
ISIC_0032170,benign_keratosis-like_lesions,benign_keratosis-like_lesions,0.6323,true,true,0.6323,0.2439,0.631,0.006,111.5,light (I–II),benign_keratosis-like_lesions,benign_keratosis-like_lesions,true
ISIC_0032173,actinic_keratoses,actinic_keratoses,0.9893,true,true,0.9893,0.0002,0.988,0.706,65.0,light (I–II),actinic_keratoses,actinic_keratoses,true
ISIC_0032174,basal_cell_carcinoma,basal_cell_carcinoma,0.9565,true,true,0.9565,0.0029,0.956,0.48,77.4,light (I–II),basal_cell_carcinoma,basal_cell_carcinoma,true
ISIC_0032182,melanoma,melanoma,0.7876,true,true,0.7876,0.0824,0.249,0.0,23.9,medium (III–IV),melanoma,melanoma,true
ISIC_0032187,melanoma,melanoma,0.5102,true,true,0.5102,0.4155,0.509,0.484,60.1,light (I–II),melanoma,melanoma,true
ISIC_0032213,melanocytic_Nevi,melanocytic_Nevi,0.9967,true,true,0.9967,0.0,0.995,0.246,68.8,light (I–II),melanocytic_Nevi,melanocytic_Nevi,true
ISIC_0032222,basal_cell_carcinoma,benign_keratosis-like_lesions,0.7291,false,true,0.7291,1.1537,0.534,0.0,111.4,light (I–II),basal_cell_carcinoma,benign_keratosis-like_lesions,false
ISIC_0032224,melanocytic_Nevi,melanocytic_Nevi,0.9815,true,true,0.9815,0.0005,0.977,0.95,47.6,light (I–II),melanocytic_Nevi,melanocytic_Nevi,true
ISIC_0032229,melanocytic_Nevi,melanocytic_Nevi,1.0,true,true,1.0,0.0,0.998,0.087,40.8,medium (III–IV),melanocytic_Nevi,melanocytic_Nevi,true
ISIC_0032249,benign_keratosis-like_lesions,benign_keratosis-like_lesions,0.3143,true,true,0.3143,0.6176,0.312,0.096,46.1,light (I–II),benign_keratosis-like_lesions,benign_keratosis-like_lesions,true
ISIC_0032251,melanocytic_Nevi,melanocytic_Nevi,0.2941,true,true,0.2941,0.6302,0.287,0.015,77.6,light (I–II),melanocytic_Nevi,melanocytic_Nevi,true
ISIC_0032253,melanocytic_Nevi,basal_cell_carcinoma,0.553,false,false,0.553,1.2024,0.553,0.356,85.9,light (I–II),melanocytic_Nevi,basal_cell_carcinoma,false
ISIC_0032255,melanocytic_Nevi,melanocytic_Nevi,0.9997,true,true,0.9997,0.0,0.991,0.874,64.6,light (I–II),melanocytic_Nevi,melanocytic_Nevi,true
ISIC_0032266,melanocytic_Nevi,melanocytic_Nevi,0.9556,true,true,0.9556,0.0032,0.949,0.546,67.4,light (I–II),melanocytic_Nevi,melanocytic_Nevi,true
ISIC_0032268,melanocytic_Nevi,melanocytic_Nevi,0.9369,true,true,0.9369,0.0055,0.934,0.826,56.6,light (I–II),melanocytic_Nevi,melanocytic_Nevi,true
ISIC_0032277,actinic_keratoses,actinic_keratoses,0.9257,true,true,0.9257,0.0093,0.558,0.823,74.6,light (I–II),actinic_keratoses,actinic_keratoses,true
ISIC_0032300,melanocytic_Nevi,melanocytic_Nevi,0.9825,true,true,0.9825,0.0005,0.981,0.009,100.5,light (I–II),melanocytic_Nevi,melanocytic_Nevi,true
ISIC_0032304,benign_keratosis-like_lesions,benign_keratosis-like_lesions,0.772,true,true,0.772,0.0661,0.747,0.72,154.7,light (I–II),benign_keratosis-like_lesions,benign_keratosis-like_lesions,true
ISIC_0032305,melanocytic_Nevi,melanocytic_Nevi,0.9748,true,true,0.9748,0.001,0.971,0.466,50.2,light (I–II),melanocytic_Nevi,melanocytic_Nevi,true
ISIC_0032307,basal_cell_carcinoma,basal_cell_carcinoma,0.6786,true,true,0.6786,0.1501,0.672,0.661,94.6,light (I–II),basal_cell_carcinoma,basal_cell_carcinoma,true
ISIC_0032314,basal_cell_carcinoma,basal_cell_carcinoma,0.9934,true,true,0.9934,0.0001,0.993,0.993,89.2,light (I–II),basal_cell_carcinoma,basal_cell_carcinoma,true
ISIC_0032320,melanocytic_Nevi,melanocytic_Nevi,0.999,true,true,0.999,0.0,0.993,0.229,75.3,light (I–II),melanocytic_Nevi,melanocytic_Nevi,true
ISIC_0032321,melanocytic_Nevi,melanocytic_Nevi,0.9997,true,true,0.9997,0.0,0.988,0.009,89.4,light (I–II),melanocytic_Nevi,melanocytic_Nevi,true
ISIC_0032329,actinic_keratoses,actinic_keratoses,0.9892,true,true,0.9892,0.0002,0.989,0.417,93.8,light (I–II),actinic_keratoses,actinic_keratoses,true
ISIC_0032335,benign_keratosis-like_lesions,benign_keratosis-like_lesions,0.9977,true,true,0.9977,0.0,0.337,0.068,80.8,light (I–II),benign_keratosis-like_lesions,benign_keratosis-like_lesions,true
ISIC_0032339,melanocytic_Nevi,melanocytic_Nevi,0.9938,true,true,0.9938,0.0001,0.965,0.15,67.9,light (I–II),melanocytic_Nevi,melanocytic_Nevi,true
ISIC_0032341,melanocytic_Nevi,melanocytic_Nevi,0.9922,true,true,0.9922,0.0001,0.991,0.022,77.0,light (I–II),melanocytic_Nevi,melanocytic_Nevi,true
ISIC_0032345,melanocytic_Nevi,melanocytic_Nevi,0.4892,true,true,0.4892,0.4406,0.485,0.0,112.1,light (I–II),melanocytic_Nevi,melanocytic_Nevi,true
ISIC_0032367,melanocytic_Nevi,melanocytic_Nevi,0.9999,true,true,0.9999,0.0,0.985,0.051,25.3,medium (III–IV),melanocytic_Nevi,melanocytic_Nevi,true
ISIC_0032370,melanocytic_Nevi,melanocytic_Nevi,1.0,true,true,1.0,0.0,1.0,0.052,45.0,light (I–II),melanocytic_Nevi,melanocytic_Nevi,true
ISIC_0032373,benign_keratosis-like_lesions,benign_keratosis-like_lesions,0.9807,true,true,0.9807,0.0005,0.37,0.11,111.2,light (I–II),benign_keratosis-like_lesions,benign_keratosis-like_lesions,true
ISIC_0032374,melanocytic_Nevi,actinic_keratoses,0.4217,false,true,0.4217,1.002,0.355,0.325,82.0,light (I–II),melanocytic_Nevi,actinic_keratoses,false
ISIC_0032381,melanocytic_Nevi,melanocytic_Nevi,0.9975,true,true,0.9975,0.0,0.977,0.694,63.2,light (I–II),melanocytic_Nevi,melanocytic_Nevi,true
ISIC_0032397,actinic_keratoses,actinic_keratoses,0.998,true,true,0.998,0.0,0.998,0.209,73.6,light (I–II),actinic_keratoses,actinic_keratoses,true
ISIC_0032401,melanocytic_Nevi,melanocytic_Nevi,1.0,true,true,1.0,0.0,0.996,0.088,54.2,light (I–II),melanocytic_Nevi,melanocytic_Nevi,true
ISIC_0032402,melanocytic_Nevi,melanocytic_Nevi,0.9994,true,true,0.9994,0.0,0.988,0.087,124.1,light (I–II),melanocytic_Nevi,melanocytic_Nevi,true
ISIC_0032410,dermatofibroma,dermatofibroma,0.9965,true,true,0.9965,0.0,0.233,0.125,-0.5,dark (V–VI),dermatofibroma,dermatofibroma,true
ISIC_0032420,melanoma,benign_keratosis-like_lesions,0.7766,false,true,0.7766,1.3383,0.036,0.0,44.4,light (I–II),melanoma,benign_keratosis-like_lesions,false
ISIC_0032437,actinic_keratoses,actinic_keratoses,0.9956,true,true,0.9956,0.0,0.995,0.064,44.9,light (I–II),actinic_keratoses,actinic_keratoses,true
ISIC_0032438,melanocytic_Nevi,melanocytic_Nevi,0.9999,true,true,0.9999,0.0,0.99,0.212,79.0,light (I–II),melanocytic_Nevi,melanocytic_Nevi,true
ISIC_0032443,melanocytic_Nevi,melanocytic_Nevi,0.9813,true,true,0.9813,0.0007,0.325,0.031,135.5,light (I–II),melanocytic_Nevi,melanocytic_Nevi,true
ISIC_0032451,melanocytic_Nevi,melanocytic_Nevi,1.0,true,true,1.0,0.0,0.997,0.343,70.0,light (I–II),melanocytic_Nevi,melanocytic_Nevi,true
ISIC_0032458,melanocytic_Nevi,melanocytic_Nevi,1.0,true,true,1.0,0.0,0.999,0.976,53.0,light (I–II),melanocytic_Nevi,melanocytic_Nevi,true
ISIC_0032459,melanocytic_Nevi,melanocytic_Nevi,0.5742,true,true,0.5742,0.286,0.573,0.544,97.1,light (I–II),melanocytic_Nevi,melanocytic_Nevi,true
ISIC_0032471,melanocytic_Nevi,actinic_keratoses,0.8648,false,true,0.8648,1.7206,0.865,0.694,71.0,light (I–II),melanocytic_Nevi,actinic_keratoses,false
ISIC_0032482,basal_cell_carcinoma,basal_cell_carcinoma,0.9861,true,true,0.9861,0.0002,0.986,0.922,113.8,light (I–II),basal_cell_carcinoma,basal_cell_carcinoma,true
ISIC_0032485,melanocytic_Nevi,melanocytic_Nevi,0.9999,true,true,0.9999,0.0,0.992,0.57,56.5,light (I–II),melanocytic_Nevi,melanocytic_Nevi,true
ISIC_0032486,benign_keratosis-like_lesions,benign_keratosis-like_lesions,0.3731,true,true,0.3731,0.5566,0.0,0.0,83.8,light (I–II),benign_keratosis-like_lesions,benign_keratosis-like_lesions,true
ISIC_0032492,melanocytic_Nevi,melanocytic_Nevi,0.8899,true,true,0.8899,0.0206,0.804,0.816,90.7,light (I–II),melanocytic_Nevi,melanocytic_Nevi,true
ISIC_0032498,benign_keratosis-like_lesions,benign_keratosis-like_lesions,0.8851,true,true,0.8851,0.0203,0.783,0.752,48.3,light (I–II),benign_keratosis-like_lesions,benign_keratosis-like_lesions,true
ISIC_0032499,melanocytic_Nevi,melanocytic_Nevi,0.9548,true,true,0.9548,0.0041,0.954,0.059,79.3,light (I–II),melanocytic_Nevi,melanocytic_Nevi,true
ISIC_0032513,benign_keratosis-like_lesions,melanocytic_Nevi,0.4724,false,true,0.4724,0.7497,0.436,0.182,40.7,medium (III–IV),benign_keratosis-like_lesions,melanocytic_Nevi,false
ISIC_0032526,melanoma,melanoma,0.7736,true,true,0.7736,0.1003,0.673,0.089,93.7,light (I–II),melanoma,melanoma,true
ISIC_0032536,basal_cell_carcinoma,basal_cell_carcinoma,0.9846,true,true,0.9846,0.0003,0.95,0.477,86.8,light (I–II),basal_cell_carcinoma,basal_cell_carcinoma,true
ISIC_0032542,melanocytic_Nevi,melanoma,0.7532,false,true,0.7532,1.1381,0.506,0.0,97.1,light (I–II),melanocytic_Nevi,melanoma,false
ISIC_0032550,melanoma,melanoma,0.9012,true,true,0.9012,0.0186,0.863,0.047,122.7,light (I–II),melanoma,melanoma,true
ISIC_0032559,melanoma,melanoma,0.3004,true,true,0.3004,0.6469,0.3,0.132,106.5,light (I–II),melanoma,melanoma,true
ISIC_0032564,melanoma,melanoma,0.8419,true,true,0.8419,0.0368,0.681,0.043,108.6,light (I–II),melanoma,melanoma,true
ISIC_0032567,benign_keratosis-like_lesions,benign_keratosis-like_lesions,0.9702,true,true,0.9702,0.0013,0.584,0.205,112.1,light (I–II),benign_keratosis-like_lesions,benign_keratosis-like_lesions,true
ISIC_0032571,melanocytic_Nevi,melanocytic_Nevi,0.9322,true,true,0.9322,0.008,0.921,0.172,104.4,light (I–II),melanocytic_Nevi,melanocytic_Nevi,true
ISIC_0032579,melanocytic_Nevi,melanocytic_Nevi,0.3163,true,true,0.3163,0.637,0.267,0.121,115.2,light (I–II),melanocytic_Nevi,melanocytic_Nevi,true
ISIC_0032583,melanoma,dermatofibroma,0.5966,false,true,0.5966,1.0535,0.592,0.382,88.9,light (I–II),melanoma,dermatofibroma,false
ISIC_0032589,melanocytic_Nevi,melanocytic_Nevi,0.9921,true,true,0.9921,0.0001,0.802,0.027,110.4,light (I–II),melanocytic_Nevi,melanocytic_Nevi,true
ISIC_0032591,melanocytic_Nevi,melanocytic_Nevi,0.976,true,true,0.976,0.001,0.669,0.008,99.0,light (I–II),melanocytic_Nevi,melanocytic_Nevi,true
ISIC_0032593,melanocytic_Nevi,melanocytic_Nevi,0.9719,true,true,0.9719,0.0016,0.965,0.032,120.7,light (I–II),melanocytic_Nevi,melanocytic_Nevi,true
ISIC_0032594,melanocytic_Nevi,melanocytic_Nevi,0.9584,true,true,0.9584,0.0032,0.946,0.335,127.8,light (I–II),melanocytic_Nevi,melanocytic_Nevi,true
ISIC_0032611,basal_cell_carcinoma,basal_cell_carcinoma,0.5041,true,true,0.5041,0.3638,0.504,0.482,104.1,light (I–II),basal_cell_carcinoma,basal_cell_carcinoma,true
ISIC_0032618,benign_keratosis-like_lesions,benign_keratosis-like_lesions,0.3723,true,true,0.3723,0.5171,0.017,0.0,81.2,light (I–II),benign_keratosis-like_lesions,benign_keratosis-like_lesions,true
ISIC_0032619,melanocytic_Nevi,benign_keratosis-like_lesions,0.3556,false,true,0.3556,0.7802,0.349,0.0,63.3,light (I–II),melanocytic_Nevi,benign_keratosis-like_lesions,false
ISIC_0032627,melanocytic_Nevi,melanocytic_Nevi,0.89,true,true,0.89,0.0241,0.448,0.367,135.6,light (I–II),melanocytic_Nevi,melanocytic_Nevi,true
ISIC_0032657,melanocytic_Nevi,melanocytic_Nevi,0.5939,true,true,0.5939,0.3158,0.566,0.0,127.7,light (I–II),melanocytic_Nevi,melanocytic_Nevi,true
ISIC_0032658,melanocytic_Nevi,melanocytic_Nevi,0.7179,true,true,0.7179,0.1128,0.704,0.547,97.9,light (I–II),melanocytic_Nevi,melanocytic_Nevi,true
ISIC_0032663,melanocytic_Nevi,melanocytic_Nevi,0.519,true,true,0.519,0.4378,0.517,0.0,98.4,light (I–II),melanocytic_Nevi,melanocytic_Nevi,true
ISIC_0032664,melanocytic_Nevi,melanocytic_Nevi,0.7982,true,true,0.7982,0.066,0.783,0.0,106.5,light (I–II),melanocytic_Nevi,melanocytic_Nevi,true
ISIC_0032672,melanoma,melanoma,0.6387,true,true,0.6387,0.1976,0.632,0.498,104.2,light (I–II),melanoma,melanoma,true
ISIC_0032684,melanoma,melanoma,0.9177,true,true,0.9177,0.0127,0.86,0.228,89.5,light (I–II),melanoma,melanoma,true
ISIC_0032685,melanoma,melanoma,0.6893,true,true,0.6893,0.1471,0.661,0.467,99.4,light (I–II),melanoma,melanoma,true
ISIC_0032699,melanoma,melanoma,0.658,true,true,0.658,0.1604,0.648,0.291,57.9,light (I–II),melanoma,melanoma,true
ISIC_0032710,melanocytic_Nevi,melanocytic_Nevi,0.8609,true,true,0.8609,0.0382,0.86,0.186,117.1,light (I–II),melanocytic_Nevi,melanocytic_Nevi,true
ISIC_0032712,melanocytic_Nevi,melanocytic_Nevi,0.8983,true,true,0.8983,0.0203,0.888,0.182,109.2,light (I–II),melanocytic_Nevi,melanocytic_Nevi,true
ISIC_0032716,melanoma,melanoma,0.8846,true,true,0.8846,0.0265,0.873,0.83,92.4,light (I–II),melanoma,melanoma,true
ISIC_0032717,melanocytic_Nevi,melanocytic_Nevi,0.5962,true,true,0.5962,0.3236,0.333,0.156,108.7,light (I–II),melanocytic_Nevi,melanocytic_Nevi,true
ISIC_0032725,benign_keratosis-like_lesions,benign_keratosis-like_lesions,0.8969,true,true,0.8969,0.0191,0.727,0.007,79.0,light (I–II),benign_keratosis-like_lesions,benign_keratosis-like_lesions,true
ISIC_0032726,melanoma,benign_keratosis-like_lesions,0.5185,false,true,0.5185,0.8326,0.217,0.166,-96.4,dark (V–VI),melanoma,benign_keratosis-like_lesions,false
ISIC_0032733,melanoma,melanoma,0.7263,true,true,0.7263,0.1166,0.648,0.0,129.4,light (I–II),melanoma,melanoma,true
ISIC_0032735,melanocytic_Nevi,melanoma,0.7178,false,true,0.7178,1.0614,0.686,0.048,-90.0,dark (V–VI),melanocytic_Nevi,melanoma,false
ISIC_0032749,melanocytic_Nevi,benign_keratosis-like_lesions,0.3948,false,true,0.3948,0.7779,0.315,0.0,90.7,light (I–II),melanocytic_Nevi,benign_keratosis-like_lesions,false
ISIC_0032756,benign_keratosis-like_lesions,benign_keratosis-like_lesions,0.9461,true,true,0.9461,0.0046,0.834,0.056,172.3,light (I–II),benign_keratosis-like_lesions,benign_keratosis-like_lesions,true
ISIC_0032761,melanocytic_Nevi,melanocytic_Nevi,0.9666,true,true,0.9666,0.0022,0.507,0.255,106.2,light (I–II),melanocytic_Nevi,melanocytic_Nevi,true
ISIC_0032762,melanocytic_Nevi,melanocytic_Nevi,0.9609,true,true,0.9609,0.003,0.921,0.165,114.7,light (I–II),melanocytic_Nevi,melanocytic_Nevi,true
ISIC_0032784,melanocytic_Nevi,melanocytic_Nevi,0.9206,true,true,0.9206,0.0117,0.918,0.916,117.7,light (I–II),melanocytic_Nevi,melanocytic_Nevi,true
ISIC_0032796,melanocytic_Nevi,melanocytic_Nevi,0.8181,true,true,0.8181,0.0492,0.587,0.105,117.1,light (I–II),melanocytic_Nevi,melanocytic_Nevi,true
ISIC_0032808,basal_cell_carcinoma,basal_cell_carcinoma,0.9935,true,true,0.9935,0.0001,0.992,0.211,32.9,medium (III–IV),basal_cell_carcinoma,basal_cell_carcinoma,true
ISIC_0032828,melanocytic_Nevi,melanocytic_Nevi,0.9859,true,true,0.9859,0.0004,0.847,0.169,99.3,light (I–II),melanocytic_Nevi,melanocytic_Nevi,true
ISIC_0032831,melanocytic_Nevi,benign_keratosis-like_lesions,0.394,false,true,0.394,1.0715,0.346,0.0,49.6,light (I–II),melanocytic_Nevi,benign_keratosis-like_lesions,false
ISIC_0032834,basal_cell_carcinoma,basal_cell_carcinoma,0.9995,true,true,0.9995,0.0,1.0,0.096,100.9,light (I–II),basal_cell_carcinoma,basal_cell_carcinoma,true
ISIC_0032835,benign_keratosis-like_lesions,actinic_keratoses,0.4218,false,true,0.4218,0.5903,0.421,0.288,-29.4,dark (V–VI),benign_keratosis-like_lesions,actinic_keratoses,false
ISIC_0032842,benign_keratosis-like_lesions,benign_keratosis-like_lesions,0.5015,true,true,0.5015,0.336,0.275,0.0,9.3,dark (V–VI),benign_keratosis-like_lesions,benign_keratosis-like_lesions,true
ISIC_0032850,basal_cell_carcinoma,basal_cell_carcinoma,0.9972,true,true,0.9972,0.0,0.997,0.994,102.3,light (I–II),basal_cell_carcinoma,basal_cell_carcinoma,true
ISIC_0032864,melanocytic_Nevi,melanocytic_Nevi,0.9127,true,true,0.9127,0.0152,0.91,0.241,114.3,light (I–II),melanocytic_Nevi,melanocytic_Nevi,true
ISIC_0032865,melanocytic_Nevi,melanocytic_Nevi,0.9708,true,true,0.9708,0.0013,0.961,0.018,108.6,light (I–II),melanocytic_Nevi,melanocytic_Nevi,true
ISIC_0032871,melanocytic_Nevi,melanoma,0.5934,false,true,0.5934,0.7075,0.544,0.0,111.0,light (I–II),melanocytic_Nevi,melanoma,false
ISIC_0032881,melanocytic_Nevi,melanoma,0.5453,false,true,0.5453,0.6021,0.541,0.095,106.7,light (I–II),melanocytic_Nevi,melanoma,false
ISIC_0032894,basal_cell_carcinoma,basal_cell_carcinoma,0.9632,true,true,0.9632,0.0022,0.962,0.94,107.6,light (I–II),basal_cell_carcinoma,basal_cell_carcinoma,true
ISIC_0032897,actinic_keratoses,actinic_keratoses,0.9541,true,true,0.9541,0.0029,0.954,0.954,80.2,light (I–II),actinic_keratoses,actinic_keratoses,true
ISIC_0032898,benign_keratosis-like_lesions,benign_keratosis-like_lesions,0.3855,true,true,0.3855,0.5361,0.273,0.0,118.8,light (I–II),benign_keratosis-like_lesions,benign_keratosis-like_lesions,true
ISIC_0032902,melanocytic_Nevi,melanocytic_Nevi,0.9456,true,true,0.9456,0.0057,0.932,0.59,105.9,light (I–II),melanocytic_Nevi,melanocytic_Nevi,true
ISIC_0032903,melanoma,melanoma,0.757,true,true,0.757,0.0812,0.744,0.723,110.1,light (I–II),melanoma,melanoma,true
ISIC_0032904,melanocytic_Nevi,melanocytic_Nevi,0.9927,true,true,0.9927,0.0001,0.966,0.004,87.1,light (I–II),melanocytic_Nevi,melanocytic_Nevi,true
ISIC_0032915,melanoma,melanoma,0.8346,true,true,0.8346,0.0465,0.308,0.0,113.3,light (I–II),melanoma,melanoma,true
ISIC_0032917,melanoma,melanoma,0.9756,true,true,0.9756,0.0011,0.116,0.082,87.4,light (I–II),melanoma,melanoma,true
ISIC_0032922,melanoma,melanoma,0.913,true,true,0.913,0.0113,0.822,0.721,77.6,light (I–II),melanoma,melanoma,true
ISIC_0032925,melanoma,melanoma,0.9546,true,true,0.9546,0.0035,0.953,0.497,84.7,light (I–II),melanoma,melanoma,true
ISIC_0032930,melanocytic_Nevi,melanocytic_Nevi,0.9365,true,true,0.9365,0.0054,0.89,0.012,101.9,light (I–II),melanocytic_Nevi,melanocytic_Nevi,true
ISIC_0032946,melanocytic_Nevi,melanocytic_Nevi,0.9911,true,true,0.9911,0.0001,0.923,0.754,113.8,light (I–II),melanocytic_Nevi,melanocytic_Nevi,true
ISIC_0032948,melanocytic_Nevi,melanocytic_Nevi,0.8368,true,true,0.8368,0.0508,0.514,0.194,100.0,light (I–II),melanocytic_Nevi,melanocytic_Nevi,true
ISIC_0032954,melanocytic_Nevi,melanocytic_Nevi,0.8049,true,true,0.8049,0.0712,0.753,0.018,167.3,light (I–II),melanocytic_Nevi,melanocytic_Nevi,true
ISIC_0032957,melanocytic_Nevi,melanocytic_Nevi,0.9613,true,true,0.9613,0.0018,0.956,0.283,100.3,light (I–II),melanocytic_Nevi,melanocytic_Nevi,true
ISIC_0032958,melanoma,melanoma,0.5942,true,true,0.5942,0.2551,0.547,0.438,83.0,light (I–II),melanoma,melanoma,true
ISIC_0032965,melanoma,melanoma,0.9206,true,true,0.9206,0.0102,0.6,0.126,102.7,light (I–II),melanoma,melanoma,true
ISIC_0032967,benign_keratosis-like_lesions,benign_keratosis-like_lesions,0.8708,true,true,0.8708,0.0255,0.42,0.633,118.2,light (I–II),benign_keratosis-like_lesions,benign_keratosis-like_lesions,true
ISIC_0032969,melanocytic_Nevi,melanoma,0.5358,false,true,0.5358,0.6123,0.526,0.401,52.2,light (I–II),melanocytic_Nevi,melanoma,false
ISIC_0032994,melanocytic_Nevi,melanocytic_Nevi,0.5364,true,true,0.5364,0.3891,0.392,0.336,99.9,light (I–II),melanocytic_Nevi,melanocytic_Nevi,true
ISIC_0032996,melanocytic_Nevi,melanocytic_Nevi,0.9675,true,true,0.9675,0.0019,0.963,0.028,94.4,light (I–II),melanocytic_Nevi,melanocytic_Nevi,true
ISIC_0032997,benign_keratosis-like_lesions,benign_keratosis-like_lesions,0.9129,true,true,0.9129,0.0145,0.273,0.038,104.9,light (I–II),benign_keratosis-like_lesions,benign_keratosis-like_lesions,true
ISIC_0033010,melanocytic_Nevi,melanocytic_Nevi,0.6738,true,true,0.6738,0.2122,0.466,0.325,126.3,light (I–II),melanocytic_Nevi,melanocytic_Nevi,true
ISIC_0033012,basal_cell_carcinoma,basal_cell_carcinoma,0.9956,true,true,0.9956,0.0,0.996,0.222,92.1,light (I–II),basal_cell_carcinoma,basal_cell_carcinoma,true
ISIC_0033024,melanoma,basal_cell_carcinoma,0.8625,false,true,0.8625,1.5903,0.862,0.673,105.3,light (I–II),melanoma,basal_cell_carcinoma,false
ISIC_0033025,melanocytic_Nevi,melanocytic_Nevi,0.9687,true,true,0.9687,0.0014,0.937,0.26,102.3,light (I–II),melanocytic_Nevi,melanocytic_Nevi,true
ISIC_0033030,melanocytic_Nevi,melanocytic_Nevi,0.8206,true,true,0.8206,0.0611,0.731,0.222,109.7,light (I–II),melanocytic_Nevi,melanocytic_Nevi,true
ISIC_0033039,melanocytic_Nevi,melanocytic_Nevi,0.993,true,true,0.993,0.0001,0.987,0.015,98.9,light (I–II),melanocytic_Nevi,melanocytic_Nevi,true
ISIC_0033048,melanocytic_Nevi,melanocytic_Nevi,0.9579,true,true,0.9579,0.0032,0.848,0.078,134.3,light (I–II),melanocytic_Nevi,melanocytic_Nevi,true
ISIC_0033051,melanoma,melanoma,0.6116,true,true,0.6116,0.2526,0.608,0.605,10.3,dark (V–VI),melanoma,melanoma,true
ISIC_0033053,melanocytic_Nevi,melanocytic_Nevi,0.9654,true,true,0.9654,0.0022,0.869,0.617,108.9,light (I–II),melanocytic_Nevi,melanocytic_Nevi,true
ISIC_0033056,benign_keratosis-like_lesions,benign_keratosis-like_lesions,0.9869,true,true,0.9869,0.0002,0.661,0.066,91.0,light (I–II),benign_keratosis-like_lesions,benign_keratosis-like_lesions,true
ISIC_0033060,benign_keratosis-like_lesions,melanocytic_Nevi,0.563,false,true,0.563,0.6412,0.548,0.075,107.5,light (I–II),benign_keratosis-like_lesions,melanocytic_Nevi,false
ISIC_0033061,melanoma,melanoma,0.8697,true,true,0.8697,0.0252,0.815,0.029,74.7,light (I–II),melanoma,melanoma,true
ISIC_0033069,melanocytic_Nevi,melanocytic_Nevi,0.5276,true,true,0.5276,0.3756,0.411,0.0,112.6,light (I–II),melanocytic_Nevi,melanocytic_Nevi,true
ISIC_0033080,melanocytic_Nevi,melanocytic_Nevi,0.9345,true,true,0.9345,0.0084,0.842,0.387,115.8,light (I–II),melanocytic_Nevi,melanocytic_Nevi,true
ISIC_0033085,melanocytic_Nevi,melanocytic_Nevi,0.9225,true,true,0.9225,0.0087,0.917,0.157,118.5,light (I–II),melanocytic_Nevi,melanocytic_Nevi,true
ISIC_0033088,benign_keratosis-like_lesions,benign_keratosis-like_lesions,0.9712,true,true,0.9712,0.0012,0.782,0.597,107.9,light (I–II),benign_keratosis-like_lesions,benign_keratosis-like_lesions,true
ISIC_0033104,melanocytic_Nevi,melanocytic_Nevi,0.7589,true,true,0.7589,0.1151,0.711,0.279,121.9,light (I–II),melanocytic_Nevi,melanocytic_Nevi,true
ISIC_0033111,melanocytic_Nevi,melanocytic_Nevi,0.685,true,true,0.685,0.1693,0.628,0.162,134.4,light (I–II),melanocytic_Nevi,melanocytic_Nevi,true
ISIC_0033114,melanoma,melanoma,0.799,true,true,0.799,0.0545,0.758,0.0,102.4,light (I–II),melanoma,melanoma,true
ISIC_0033117,melanoma,melanocytic_Nevi,0.554,false,true,0.554,0.6231,0.536,0.309,60.8,light (I–II),melanoma,melanocytic_Nevi,false
ISIC_0033123,vascular_lesions,vascular_lesions,0.9993,true,true,0.9993,0.0,0.01,0.0,85.9,light (I–II),vascular_lesions,vascular_lesions,true
ISIC_0033124,benign_keratosis-like_lesions,benign_keratosis-like_lesions,0.8283,true,true,0.8283,0.0429,0.821,0.16,60.1,light (I–II),benign_keratosis-like_lesions,benign_keratosis-like_lesions,true
ISIC_0033136,melanocytic_Nevi,vascular_lesions,0.8916,false,true,0.8916,1.7141,0.0,0.0,114.1,light (I–II),melanocytic_Nevi,vascular_lesions,false
ISIC_0033145,melanocytic_Nevi,melanocytic_Nevi,0.982,true,true,0.982,0.0005,0.969,0.02,61.4,light (I–II),melanocytic_Nevi,melanocytic_Nevi,true
ISIC_0033147,melanocytic_Nevi,melanocytic_Nevi,0.8408,true,true,0.8408,0.0497,0.702,0.609,145.3,light (I–II),melanocytic_Nevi,melanocytic_Nevi,true
ISIC_0033153,melanocytic_Nevi,melanocytic_Nevi,0.9951,true,true,0.9951,0.0,0.962,0.067,114.8,light (I–II),melanocytic_Nevi,melanocytic_Nevi,true
ISIC_0033160,melanocytic_Nevi,melanocytic_Nevi,0.922,true,true,0.922,0.0121,0.918,0.076,107.1,light (I–II),melanocytic_Nevi,melanocytic_Nevi,true
ISIC_0033161,melanocytic_Nevi,melanocytic_Nevi,0.8172,true,true,0.8172,0.0463,0.807,0.273,116.0,light (I–II),melanocytic_Nevi,melanocytic_Nevi,true
ISIC_0033163,melanocytic_Nevi,melanocytic_Nevi,0.9055,true,true,0.9055,0.0178,0.674,0.084,114.7,light (I–II),melanocytic_Nevi,melanocytic_Nevi,true
ISIC_0033164,melanocytic_Nevi,melanocytic_Nevi,0.9463,true,true,0.9463,0.0055,0.942,0.029,99.4,light (I–II),melanocytic_Nevi,melanocytic_Nevi,true
ISIC_0033166,melanoma,melanocytic_Nevi,0.6436,false,true,0.6436,0.8922,0.579,0.558,62.1,light (I–II),melanoma,melanocytic_Nevi,false
ISIC_0033171,melanoma,melanoma,0.9125,true,true,0.9125,0.011,0.9,0.087,66.0,light (I–II),melanoma,melanoma,true
ISIC_0033183,melanoma,melanoma,0.817,true,true,0.817,0.0429,0.793,0.448,105.6,light (I–II),melanoma,melanoma,true
ISIC_0033189,melanocytic_Nevi,melanocytic_Nevi,0.9733,true,true,0.9733,0.0013,0.903,0.043,124.6,light (I–II),melanocytic_Nevi,melanocytic_Nevi,true
ISIC_0033194,melanocytic_Nevi,melanocytic_Nevi,0.9648,true,true,0.9648,0.0016,0.737,0.412,88.3,light (I–II),melanocytic_Nevi,melanocytic_Nevi,true
ISIC_0033209,melanoma,melanoma,0.5045,true,true,0.5045,0.33,0.491,0.502,70.4,light (I–II),melanoma,melanoma,true
ISIC_0033215,melanocytic_Nevi,vascular_lesions,0.8981,false,true,0.8981,1.6716,0.08,0.0,-90.0,dark (V–VI),melanocytic_Nevi,vascular_lesions,false
ISIC_0033221,melanocytic_Nevi,melanocytic_Nevi,0.9407,true,true,0.9407,0.007,0.937,0.312,134.5,light (I–II),melanocytic_Nevi,melanocytic_Nevi,true
ISIC_0033230,vascular_lesions,vascular_lesions,0.9591,true,true,0.9591,0.0032,0.0,0.0,90.4,light (I–II),vascular_lesions,vascular_lesions,true
ISIC_0033234,melanocytic_Nevi,melanocytic_Nevi,0.8175,true,true,0.8175,0.0664,0.786,0.103,113.8,light (I–II),melanocytic_Nevi,melanocytic_Nevi,true
ISIC_0033242,melanocytic_Nevi,benign_keratosis-like_lesions,0.3952,false,true,0.3952,0.6387,0.388,0.0,72.0,light (I–II),melanocytic_Nevi,benign_keratosis-like_lesions,false
ISIC_0033248,basal_cell_carcinoma,basal_cell_carcinoma,0.9987,true,true,0.9987,0.0,0.994,0.791,95.4,light (I–II),basal_cell_carcinoma,basal_cell_carcinoma,true
ISIC_0033250,melanocytic_Nevi,melanocytic_Nevi,0.5489,true,true,0.5489,0.404,0.543,0.484,99.6,light (I–II),melanocytic_Nevi,melanocytic_Nevi,true
ISIC_0033263,melanocytic_Nevi,melanocytic_Nevi,0.9839,true,true,0.9839,0.0004,0.978,0.976,82.6,light (I–II),melanocytic_Nevi,melanocytic_Nevi,true
ISIC_0033264,benign_keratosis-like_lesions,benign_keratosis-like_lesions,0.3843,true,true,0.3843,0.5421,0.159,0.032,70.5,light (I–II),benign_keratosis-like_lesions,benign_keratosis-like_lesions,true
ISIC_0033271,basal_cell_carcinoma,basal_cell_carcinoma,0.9933,true,true,0.9933,0.0001,0.992,0.214,103.0,light (I–II),basal_cell_carcinoma,basal_cell_carcinoma,true
ISIC_0033272,melanoma,benign_keratosis-like_lesions,0.5671,false,true,0.5671,1.1272,0.176,0.0,100.6,light (I–II),melanoma,benign_keratosis-like_lesions,false
ISIC_0033293,melanocytic_Nevi,melanocytic_Nevi,0.8123,true,true,0.8123,0.052,0.801,0.803,87.3,light (I–II),melanocytic_Nevi,melanocytic_Nevi,true
ISIC_0033294,melanocytic_Nevi,melanoma,0.7483,false,true,0.7483,1.127,0.639,0.0,110.3,light (I–II),melanocytic_Nevi,melanoma,false
ISIC_0033312,melanoma,melanoma,0.6672,true,true,0.6672,0.2024,0.516,0.0,77.7,light (I–II),melanoma,melanoma,true
ISIC_0033315,melanocytic_Nevi,melanocytic_Nevi,0.7882,true,true,0.7882,0.086,0.681,0.209,105.3,light (I–II),melanocytic_Nevi,melanocytic_Nevi,true
ISIC_0033317,melanoma,melanoma,0.6573,true,true,0.6573,0.1698,0.626,0.236,-72.5,dark (V–VI),melanoma,melanoma,true
ISIC_0033320,melanoma,melanoma,0.6209,true,true,0.6209,0.2816,0.62,0.0,93.1,light (I–II),melanoma,melanoma,true
ISIC_0033323,melanoma,melanoma,0.6295,true,true,0.6295,0.1983,0.614,0.226,96.8,light (I–II),melanoma,melanoma,true
ISIC_0033324,melanoma,melanoma,0.9447,true,true,0.9447,0.0039,0.932,0.191,-30.8,dark (V–VI),melanoma,melanoma,true
ISIC_0033327,melanocytic_Nevi,melanoma,0.6351,false,true,0.6351,0.8103,0.551,0.45,108.7,light (I–II),melanocytic_Nevi,melanoma,false
ISIC_0033331,melanocytic_Nevi,melanocytic_Nevi,0.7785,true,true,0.7785,0.0964,0.733,0.113,158.1,light (I–II),melanocytic_Nevi,melanocytic_Nevi,true
ISIC_0033334,melanocytic_Nevi,melanocytic_Nevi,0.9621,true,true,0.9621,0.0019,0.957,0.045,100.1,light (I–II),melanocytic_Nevi,melanocytic_Nevi,true
ISIC_0033338,melanocytic_Nevi,melanoma,0.5293,false,true,0.5293,0.5916,0.525,0.453,106.0,light (I–II),melanocytic_Nevi,melanoma,false
ISIC_0033340,melanocytic_Nevi,melanocytic_Nevi,0.9812,true,true,0.9812,0.0006,0.917,0.27,117.4,light (I–II),melanocytic_Nevi,melanocytic_Nevi,true
ISIC_0033343,melanocytic_Nevi,melanocytic_Nevi,0.5122,true,true,0.5122,0.3987,0.347,0.175,128.7,light (I–II),melanocytic_Nevi,melanocytic_Nevi,true
ISIC_0033348,melanocytic_Nevi,melanocytic_Nevi,0.97,true,true,0.97,0.0018,0.843,0.039,110.8,light (I–II),melanocytic_Nevi,melanocytic_Nevi,true
ISIC_0033350,melanocytic_Nevi,melanocytic_Nevi,0.7868,true,true,0.7868,0.0905,0.689,0.177,119.5,light (I–II),melanocytic_Nevi,melanocytic_Nevi,true
ISIC_0033371,melanocytic_Nevi,melanocytic_Nevi,0.965,true,true,0.965,0.0024,0.955,0.517,124.7,light (I–II),melanocytic_Nevi,melanocytic_Nevi,true
ISIC_0033373,melanocytic_Nevi,melanocytic_Nevi,0.6919,true,true,0.6919,0.1831,0.573,0.647,103.4,light (I–II),melanocytic_Nevi,melanocytic_Nevi,true
ISIC_0033375,melanocytic_Nevi,melanocytic_Nevi,0.978,true,true,0.978,0.001,0.943,0.437,119.6,light (I–II),melanocytic_Nevi,melanocytic_Nevi,true
ISIC_0033377,melanoma,melanoma,0.4944,true,true,0.4944,0.4166,0.488,0.284,113.2,light (I–II),melanoma,melanoma,true
ISIC_0033381,melanocytic_Nevi,melanoma,0.7954,false,true,0.7954,1.3019,0.79,0.47,110.1,light (I–II),melanocytic_Nevi,melanoma,false
ISIC_0033382,melanocytic_Nevi,melanocytic_Nevi,0.5576,true,true,0.5576,0.2499,0.332,0.349,-98.2,dark (V–VI),melanocytic_Nevi,melanocytic_Nevi,true
ISIC_0033385,melanocytic_Nevi,melanocytic_Nevi,0.4369,true,true,0.4369,0.4711,0.291,0.113,97.1,light (I–II),melanocytic_Nevi,melanocytic_Nevi,true
ISIC_0033389,melanocytic_Nevi,melanoma,0.4767,false,true,0.4767,0.8305,0.475,0.448,101.8,light (I–II),melanocytic_Nevi,melanoma,false
ISIC_0033407,melanocytic_Nevi,melanocytic_Nevi,0.9357,true,true,0.9357,0.0066,0.93,0.143,112.8,light (I–II),melanocytic_Nevi,melanocytic_Nevi,true
ISIC_0033410,benign_keratosis-like_lesions,benign_keratosis-like_lesions,0.9341,true,true,0.9341,0.0056,0.857,0.034,-73.4,dark (V–VI),benign_keratosis-like_lesions,benign_keratosis-like_lesions,true
ISIC_0033411,melanocytic_Nevi,melanocytic_Nevi,0.7663,true,true,0.7663,0.0801,0.761,0.164,103.6,light (I–II),melanocytic_Nevi,melanocytic_Nevi,true
ISIC_0033423,melanocytic_Nevi,melanocytic_Nevi,0.9745,true,true,0.9745,0.0011,0.964,0.079,104.3,light (I–II),melanocytic_Nevi,melanocytic_Nevi,true
ISIC_0033443,melanocytic_Nevi,melanocytic_Nevi,0.6757,true,true,0.6757,0.2102,0.532,0.448,98.0,light (I–II),melanocytic_Nevi,melanocytic_Nevi,true
ISIC_0033459,melanocytic_Nevi,melanoma,0.7171,false,true,0.7171,1.03,0.586,0.0,110.1,light (I–II),melanocytic_Nevi,melanoma,false
ISIC_0033460,benign_keratosis-like_lesions,benign_keratosis-like_lesions,0.8498,true,true,0.8498,0.0338,0.376,0.0,119.1,light (I–II),benign_keratosis-like_lesions,benign_keratosis-like_lesions,true
ISIC_0033461,melanocytic_Nevi,melanocytic_Nevi,0.9373,true,true,0.9373,0.0059,0.819,0.063,139.5,light (I–II),melanocytic_Nevi,melanocytic_Nevi,true
ISIC_0033468,basal_cell_carcinoma,basal_cell_carcinoma,0.9679,true,true,0.9679,0.0013,0.962,0.949,87.4,light (I–II),basal_cell_carcinoma,basal_cell_carcinoma,true
ISIC_0033470,melanoma,melanoma,0.9294,true,true,0.9294,0.0085,0.929,0.381,115.4,light (I–II),melanoma,melanoma,true
ISIC_0033471,melanocytic_Nevi,benign_keratosis-like_lesions,0.5478,false,true,0.5478,0.862,0.236,0.342,85.2,light (I–II),melanocytic_Nevi,benign_keratosis-like_lesions,false
ISIC_0033480,benign_keratosis-like_lesions,actinic_keratoses,0.4536,false,true,0.4536,0.6431,0.452,0.444,83.4,light (I–II),benign_keratosis-like_lesions,actinic_keratoses,false
ISIC_0033483,basal_cell_carcinoma,basal_cell_carcinoma,0.8746,true,true,0.8746,0.0222,0.87,0.359,75.7,light (I–II),basal_cell_carcinoma,basal_cell_carcinoma,true
ISIC_0033488,benign_keratosis-like_lesions,benign_keratosis-like_lesions,0.8755,true,true,0.8755,0.0245,0.821,0.19,105.0,light (I–II),benign_keratosis-like_lesions,benign_keratosis-like_lesions,true
ISIC_0033495,melanocytic_Nevi,melanocytic_Nevi,0.5425,true,true,0.5425,0.3164,0.476,0.5,133.0,light (I–II),melanocytic_Nevi,melanocytic_Nevi,true
ISIC_0033497,melanocytic_Nevi,melanocytic_Nevi,0.828,true,true,0.828,0.0533,0.755,0.229,152.1,light (I–II),melanocytic_Nevi,melanocytic_Nevi,true
ISIC_0033499,basal_cell_carcinoma,basal_cell_carcinoma,0.7092,true,true,0.7092,0.1517,0.605,0.55,100.1,light (I–II),basal_cell_carcinoma,basal_cell_carcinoma,true
ISIC_0033502,melanocytic_Nevi,melanocytic_Nevi,0.6603,true,true,0.6603,0.1835,0.635,0.0,137.0,light (I–II),melanocytic_Nevi,melanocytic_Nevi,true
ISIC_0033505,benign_keratosis-like_lesions,benign_keratosis-like_lesions,0.4849,true,true,0.4849,0.4944,0.463,0.0,77.2,light (I–II),benign_keratosis-like_lesions,benign_keratosis-like_lesions,true
ISIC_0033506,melanocytic_Nevi,melanocytic_Nevi,0.823,true,true,0.823,0.0621,0.818,0.146,-162.4,dark (V–VI),melanocytic_Nevi,melanocytic_Nevi,true
ISIC_0033529,benign_keratosis-like_lesions,benign_keratosis-like_lesions,0.9843,true,true,0.9843,0.0004,0.869,0.0,123.8,light (I–II),benign_keratosis-like_lesions,benign_keratosis-like_lesions,true
ISIC_0033533,melanoma,melanoma,0.9103,true,true,0.9103,0.0114,0.836,0.193,118.0,light (I–II),melanoma,melanoma,true
ISIC_0033538,melanoma,actinic_keratoses,0.7555,false,true,0.7555,1.29,0.754,0.749,73.0,light (I–II),melanoma,actinic_keratoses,false
ISIC_0033546,melanoma,melanoma,0.6676,true,true,0.6676,0.2204,0.658,0.214,137.3,light (I–II),melanoma,melanoma,true
ISIC_0033556,melanocytic_Nevi,melanocytic_Nevi,0.923,true,true,0.923,0.0083,0.907,0.493,95.6,light (I–II),melanocytic_Nevi,melanocytic_Nevi,true
ISIC_0033559,melanoma,melanoma,0.7132,true,true,0.7132,0.1465,0.578,0.656,-14.3,dark (V–VI),melanoma,melanoma,true
ISIC_0033560,melanoma,melanoma,0.9249,true,true,0.9249,0.0091,0.924,0.033,126.0,light (I–II),melanoma,melanoma,true
ISIC_0033564,melanocytic_Nevi,melanocytic_Nevi,0.868,true,true,0.868,0.034,0.559,0.094,106.5,light (I–II),melanocytic_Nevi,melanocytic_Nevi,true
ISIC_0033565,vascular_lesions,vascular_lesions,1.0,true,true,1.0,0.0,0.0,0.0,84.0,light (I–II),vascular_lesions,vascular_lesions,true
ISIC_0033575,basal_cell_carcinoma,basal_cell_carcinoma,0.9943,true,true,0.9943,0.0,0.993,0.983,100.6,light (I–II),basal_cell_carcinoma,basal_cell_carcinoma,true
ISIC_0033578,melanoma,melanocytic_Nevi,0.4061,false,true,0.4061,0.6404,0.392,0.098,81.2,light (I–II),melanoma,melanocytic_Nevi,false
ISIC_0033589,melanocytic_Nevi,melanocytic_Nevi,0.6887,true,true,0.6887,0.1672,0.651,0.141,123.0,light (I–II),melanocytic_Nevi,melanocytic_Nevi,true
ISIC_0033600,melanocytic_Nevi,melanocytic_Nevi,0.9143,true,true,0.9143,0.0145,0.825,0.524,153.0,light (I–II),melanocytic_Nevi,melanocytic_Nevi,true
ISIC_0033604,melanocytic_Nevi,melanocytic_Nevi,0.7742,true,true,0.7742,0.0907,0.732,0.057,104.2,light (I–II),melanocytic_Nevi,melanocytic_Nevi,true
ISIC_0033625,melanocytic_Nevi,melanocytic_Nevi,0.7876,true,true,0.7876,0.0897,0.741,0.193,97.1,light (I–II),melanocytic_Nevi,melanocytic_Nevi,true
ISIC_0033647,melanocytic_Nevi,melanocytic_Nevi,0.9851,true,true,0.9851,0.0004,0.977,0.014,102.4,light (I–II),melanocytic_Nevi,melanocytic_Nevi,true
ISIC_0033650,melanocytic_Nevi,melanocytic_Nevi,0.8495,true,true,0.8495,0.0452,0.618,0.547,115.1,light (I–II),melanocytic_Nevi,melanocytic_Nevi,true
ISIC_0033652,melanocytic_Nevi,melanoma,0.6738,false,true,0.6738,0.9257,0.477,0.314,101.0,light (I–II),melanocytic_Nevi,melanoma,false
ISIC_0033656,melanocytic_Nevi,melanocytic_Nevi,0.9884,true,true,0.9884,0.0002,0.933,0.018,127.8,light (I–II),melanocytic_Nevi,melanocytic_Nevi,true
ISIC_0033687,melanoma,melanocytic_Nevi,0.5356,false,true,0.5356,0.6159,0.378,0.144,-30.0,dark (V–VI),melanoma,melanocytic_Nevi,false
ISIC_0033689,melanocytic_Nevi,melanocytic_Nevi,0.8664,true,true,0.8664,0.0355,0.847,0.278,117.2,light (I–II),melanocytic_Nevi,melanocytic_Nevi,true
ISIC_0033693,benign_keratosis-like_lesions,benign_keratosis-like_lesions,0.9766,true,true,0.9766,0.0008,0.874,0.007,69.7,light (I–II),benign_keratosis-like_lesions,benign_keratosis-like_lesions,true
ISIC_0033700,melanoma,melanoma,0.8341,true,true,0.8341,0.0546,0.241,0.141,109.5,light (I–II),melanoma,melanoma,true
ISIC_0033709,benign_keratosis-like_lesions,benign_keratosis-like_lesions,0.9654,true,true,0.9654,0.0016,0.14,0.088,108.7,light (I–II),benign_keratosis-like_lesions,benign_keratosis-like_lesions,true
ISIC_0033710,melanoma,melanoma,0.9287,true,true,0.9287,0.0068,0.912,0.244,80.0,light (I–II),melanoma,melanoma,true
ISIC_0033714,melanocytic_Nevi,melanocytic_Nevi,0.9978,true,true,0.9978,0.0,0.972,0.073,105.1,light (I–II),melanocytic_Nevi,melanocytic_Nevi,true
ISIC_0033720,basal_cell_carcinoma,basal_cell_carcinoma,0.9962,true,true,0.9962,0.0,0.996,0.033,99.2,light (I–II),basal_cell_carcinoma,basal_cell_carcinoma,true
ISIC_0033726,melanocytic_Nevi,melanocytic_Nevi,0.9317,true,true,0.9317,0.009,0.926,0.033,106.6,light (I–II),melanocytic_Nevi,melanocytic_Nevi,true
ISIC_0033734,melanocytic_Nevi,melanocytic_Nevi,0.8629,true,true,0.8629,0.0374,0.445,0.131,114.8,light (I–II),melanocytic_Nevi,melanocytic_Nevi,true
ISIC_0033738,melanocytic_Nevi,melanocytic_Nevi,0.4494,true,true,0.4494,0.4112,0.368,0.104,-34.1,dark (V–VI),melanocytic_Nevi,melanocytic_Nevi,true
ISIC_0033742,melanocytic_Nevi,melanocytic_Nevi,0.762,true,true,0.762,0.1129,0.272,0.406,107.4,light (I–II),melanocytic_Nevi,melanocytic_Nevi,true
ISIC_0033755,melanocytic_Nevi,melanocytic_Nevi,0.9512,true,true,0.9512,0.0046,0.943,0.644,101.0,light (I–II),melanocytic_Nevi,melanocytic_Nevi,true
ISIC_0033758,benign_keratosis-like_lesions,benign_keratosis-like_lesions,0.78,true,true,0.78,0.0684,0.759,0.517,109.3,light (I–II),benign_keratosis-like_lesions,benign_keratosis-like_lesions,true
ISIC_0033761,benign_keratosis-like_lesions,benign_keratosis-like_lesions,0.5633,true,true,0.5633,0.3267,0.502,0.539,-40.8,dark (V–VI),benign_keratosis-like_lesions,benign_keratosis-like_lesions,true
ISIC_0033762,vascular_lesions,vascular_lesions,0.9965,true,true,0.9965,0.0,0.063,0.036,86.3,light (I–II),vascular_lesions,vascular_lesions,true
ISIC_0033763,melanocytic_Nevi,melanocytic_Nevi,0.9595,true,true,0.9595,0.0032,0.958,0.017,118.6,light (I–II),melanocytic_Nevi,melanocytic_Nevi,true
ISIC_0033767,melanocytic_Nevi,melanocytic_Nevi,0.8436,true,true,0.8436,0.039,0.743,0.745,123.9,light (I–II),melanocytic_Nevi,melanocytic_Nevi,true
ISIC_0033768,melanocytic_Nevi,melanocytic_Nevi,0.6719,true,true,0.6719,0.1645,0.653,0.368,108.1,light (I–II),melanocytic_Nevi,melanocytic_Nevi,true
ISIC_0033769,melanocytic_Nevi,melanocytic_Nevi,0.9996,true,true,0.9996,0.0,0.979,0.01,111.0,light (I–II),melanocytic_Nevi,melanocytic_Nevi,true
ISIC_0033776,benign_keratosis-like_lesions,benign_keratosis-like_lesions,0.9711,true,true,0.9711,0.0013,0.961,0.0,91.5,light (I–II),benign_keratosis-like_lesions,benign_keratosis-like_lesions,true
ISIC_0033783,benign_keratosis-like_lesions,benign_keratosis-like_lesions,0.9933,true,true,0.9933,0.0001,0.699,0.581,86.7,light (I–II),benign_keratosis-like_lesions,benign_keratosis-like_lesions,true
ISIC_0033799,melanocytic_Nevi,melanocytic_Nevi,0.9536,true,true,0.9536,0.0033,0.947,0.717,82.9,light (I–II),melanocytic_Nevi,melanocytic_Nevi,true
ISIC_0033807,melanoma,melanoma,0.9804,true,true,0.9804,0.0006,0.98,0.002,110.2,light (I–II),melanoma,melanoma,true
ISIC_0033815,melanocytic_Nevi,melanocytic_Nevi,0.9767,true,true,0.9767,0.0008,0.958,0.358,67.1,light (I–II),melanocytic_Nevi,melanocytic_Nevi,true
ISIC_0033822,melanocytic_Nevi,melanocytic_Nevi,0.7702,true,true,0.7702,0.0835,0.77,0.273,117.8,light (I–II),melanocytic_Nevi,melanocytic_Nevi,true
ISIC_0033823,melanocytic_Nevi,melanocytic_Nevi,0.9745,true,true,0.9745,0.0013,0.966,0.469,108.5,light (I–II),melanocytic_Nevi,melanocytic_Nevi,true
ISIC_0033826,melanocytic_Nevi,melanocytic_Nevi,0.9766,true,true,0.9766,0.0009,0.972,0.915,116.2,light (I–II),melanocytic_Nevi,melanocytic_Nevi,true
ISIC_0033827,melanocytic_Nevi,melanocytic_Nevi,0.9792,true,true,0.9792,0.0007,0.961,0.489,120.1,light (I–II),melanocytic_Nevi,melanocytic_Nevi,true
ISIC_0033829,benign_keratosis-like_lesions,benign_keratosis-like_lesions,0.8919,true,true,0.8919,0.0174,0.0,0.078,102.3,light (I–II),benign_keratosis-like_lesions,benign_keratosis-like_lesions,true
ISIC_0033840,melanocytic_Nevi,melanocytic_Nevi,0.4936,true,true,0.4936,0.4172,0.411,0.0,110.8,light (I–II),melanocytic_Nevi,melanocytic_Nevi,true
ISIC_0033841,melanocytic_Nevi,melanocytic_Nevi,0.9942,true,true,0.9942,0.0001,0.982,0.865,100.7,light (I–II),melanocytic_Nevi,melanocytic_Nevi,true
ISIC_0033846,melanocytic_Nevi,melanocytic_Nevi,0.9253,true,true,0.9253,0.0076,0.917,0.156,101.4,light (I–II),melanocytic_Nevi,melanocytic_Nevi,true
ISIC_0033869,actinic_keratoses,actinic_keratoses,0.9721,true,true,0.9721,0.0013,0.972,0.603,87.7,light (I–II),actinic_keratoses,actinic_keratoses,true
ISIC_0033870,melanocytic_Nevi,melanocytic_Nevi,0.9799,true,true,0.9799,0.0008,0.966,0.259,105.7,light (I–II),melanocytic_Nevi,melanocytic_Nevi,true
ISIC_0033877,melanocytic_Nevi,melanocytic_Nevi,0.995,true,true,0.995,0.0,0.961,0.923,115.4,light (I–II),melanocytic_Nevi,melanocytic_Nevi,true
ISIC_0033878,melanoma,benign_keratosis-like_lesions,0.5049,false,true,0.5049,0.5305,0.0,0.0,-166.5,dark (V–VI),melanoma,benign_keratosis-like_lesions,false
ISIC_0033887,melanocytic_Nevi,melanocytic_Nevi,0.76,true,true,0.76,0.1146,0.75,0.031,142.7,light (I–II),melanocytic_Nevi,melanocytic_Nevi,true
ISIC_0033888,melanocytic_Nevi,melanoma,0.4842,false,true,0.4842,0.5104,0.483,0.482,113.2,light (I–II),melanocytic_Nevi,melanoma,false
ISIC_0033892,melanocytic_Nevi,melanocytic_Nevi,0.9355,true,true,0.9355,0.0073,0.93,0.885,100.7,light (I–II),melanocytic_Nevi,melanocytic_Nevi,true
ISIC_0033894,melanocytic_Nevi,melanocytic_Nevi,0.7017,true,true,0.7017,0.1648,0.646,0.023,73.0,light (I–II),melanocytic_Nevi,melanocytic_Nevi,true
ISIC_0033896,melanocytic_Nevi,melanocytic_Nevi,0.9748,true,true,0.9748,0.0009,0.961,0.103,111.3,light (I–II),melanocytic_Nevi,melanocytic_Nevi,true
ISIC_0033901,melanoma,melanoma,0.9303,true,true,0.9303,0.0071,0.929,0.067,77.1,light (I–II),melanoma,melanoma,true
ISIC_0033909,melanocytic_Nevi,melanocytic_Nevi,0.9467,true,true,0.9467,0.0039,0.889,0.774,89.4,light (I–II),melanocytic_Nevi,melanocytic_Nevi,true
ISIC_0033923,melanocytic_Nevi,melanocytic_Nevi,0.9187,true,true,0.9187,0.0132,0.848,0.131,130.1,light (I–II),melanocytic_Nevi,melanocytic_Nevi,true
ISIC_0033930,melanocytic_Nevi,melanocytic_Nevi,0.9157,true,true,0.9157,0.0142,0.497,0.239,107.2,light (I–II),melanocytic_Nevi,melanocytic_Nevi,true
ISIC_0033931,melanoma,actinic_keratoses,0.6567,false,true,0.6567,0.9695,0.657,0.656,58.6,light (I–II),melanoma,actinic_keratoses,false
ISIC_0033935,melanocytic_Nevi,melanocytic_Nevi,0.769,true,true,0.769,0.1066,0.721,0.404,102.9,light (I–II),melanocytic_Nevi,melanocytic_Nevi,true
ISIC_0033936,melanocytic_Nevi,melanocytic_Nevi,0.5604,true,true,0.5604,0.375,0.559,0.1,97.8,light (I–II),melanocytic_Nevi,melanocytic_Nevi,true
ISIC_0033944,melanocytic_Nevi,melanocytic_Nevi,0.5,true,true,0.5,0.4868,0.259,0.0,-164.5,dark (V–VI),melanocytic_Nevi,melanocytic_Nevi,true
ISIC_0033952,benign_keratosis-like_lesions,benign_keratosis-like_lesions,0.9339,true,true,0.9339,0.0062,0.119,0.11,103.0,light (I–II),benign_keratosis-like_lesions,benign_keratosis-like_lesions,true
ISIC_0033955,melanocytic_Nevi,melanocytic_Nevi,0.8525,true,true,0.8525,0.0408,0.845,0.675,110.9,light (I–II),melanocytic_Nevi,melanocytic_Nevi,true
ISIC_0033956,melanoma,melanoma,0.4859,true,true,0.4859,0.3923,0.485,0.478,85.7,light (I–II),melanoma,melanoma,true
ISIC_0033967,melanoma,vascular_lesions,0.6607,false,true,0.6607,0.9458,0.0,0.15,65.7,light (I–II),melanoma,vascular_lesions,false
ISIC_0033973,benign_keratosis-like_lesions,benign_keratosis-like_lesions,0.7765,true,true,0.7765,0.0953,0.759,0.257,37.7,medium (III–IV),benign_keratosis-like_lesions,benign_keratosis-like_lesions,true
ISIC_0033976,melanocytic_Nevi,melanocytic_Nevi,0.9463,true,true,0.9463,0.0049,0.941,0.425,119.8,light (I–II),melanocytic_Nevi,melanocytic_Nevi,true
ISIC_0033997,melanocytic_Nevi,melanocytic_Nevi,0.6164,true,true,0.6164,0.2883,0.59,0.193,-160.6,dark (V–VI),melanocytic_Nevi,melanocytic_Nevi,true
ISIC_0034006,melanoma,melanoma,0.8002,true,true,0.8002,0.0669,0.781,0.024,98.5,light (I–II),melanoma,melanoma,true
ISIC_0034007,benign_keratosis-like_lesions,benign_keratosis-like_lesions,0.934,true,true,0.934,0.0065,0.0,0.258,132.9,light (I–II),benign_keratosis-like_lesions,benign_keratosis-like_lesions,true
ISIC_0034008,melanocytic_Nevi,melanocytic_Nevi,0.9982,true,true,0.9982,0.0,0.993,0.988,102.6,light (I–II),melanocytic_Nevi,melanocytic_Nevi,true
ISIC_0034018,melanocytic_Nevi,melanocytic_Nevi,0.9533,true,true,0.9533,0.004,0.952,0.518,83.5,light (I–II),melanocytic_Nevi,melanocytic_Nevi,true
ISIC_0034023,melanocytic_Nevi,melanocytic_Nevi,0.9746,true,true,0.9746,0.0008,0.66,0.037,-51.3,dark (V–VI),melanocytic_Nevi,melanocytic_Nevi,true
ISIC_0034030,melanocytic_Nevi,melanocytic_Nevi,0.9708,true,true,0.9708,0.0013,0.964,0.062,138.6,light (I–II),melanocytic_Nevi,melanocytic_Nevi,true
ISIC_0034031,benign_keratosis-like_lesions,benign_keratosis-like_lesions,0.593,true,true,0.593,0.2212,0.357,0.419,-120.2,dark (V–VI),benign_keratosis-like_lesions,benign_keratosis-like_lesions,true
ISIC_0034033,melanocytic_Nevi,melanocytic_Nevi,0.5442,true,true,0.5442,0.3281,0.498,0.325,103.5,light (I–II),melanocytic_Nevi,melanocytic_Nevi,true
ISIC_0034046,melanoma,melanoma,0.8446,true,true,0.8446,0.0477,0.668,0.0,111.2,light (I–II),melanoma,melanoma,true
ISIC_0034050,melanoma,melanoma,0.8366,true,true,0.8366,0.0403,0.733,0.065,103.2,light (I–II),melanoma,melanoma,true
ISIC_0034051,melanoma,melanoma,0.6369,true,true,0.6369,0.2387,0.636,0.068,107.3,light (I–II),melanoma,melanoma,true
ISIC_0034052,melanoma,melanoma,0.8796,true,true,0.8796,0.0267,0.858,0.0,87.5,light (I–II),melanoma,melanoma,true
ISIC_0034053,melanocytic_Nevi,melanoma,0.5312,false,true,0.5312,0.5824,0.526,0.0,168.1,light (I–II),melanocytic_Nevi,melanoma,false
ISIC_0034061,melanoma,melanoma,0.9336,true,true,0.9336,0.0083,0.927,0.047,-102.5,dark (V–VI),melanoma,melanoma,true
ISIC_0034070,benign_keratosis-like_lesions,benign_keratosis-like_lesions,0.843,true,true,0.843,0.0337,0.636,0.0,114.4,light (I–II),benign_keratosis-like_lesions,benign_keratosis-like_lesions,true
ISIC_0034074,melanoma,melanoma,0.6565,true,true,0.6565,0.1705,0.556,0.096,-57.4,dark (V–VI),melanoma,melanoma,true
ISIC_0034076,melanoma,melanoma,0.7016,true,true,0.7016,0.1323,0.698,0.401,98.0,light (I–II),melanoma,melanoma,true
ISIC_0034079,melanocytic_Nevi,melanoma,0.5896,false,true,0.5896,0.7117,0.558,0.156,161.7,light (I–II),melanocytic_Nevi,melanoma,false
ISIC_0034085,melanoma,melanoma,0.6022,true,true,0.6022,0.291,0.582,0.491,78.4,light (I–II),melanoma,melanoma,true
ISIC_0034091,melanocytic_Nevi,benign_keratosis-like_lesions,0.3719,false,true,0.3719,0.7213,0.306,0.0,82.1,light (I–II),melanocytic_Nevi,benign_keratosis-like_lesions,false
ISIC_0034094,melanoma,melanoma,0.9964,true,true,0.9964,0.0,0.39,0.006,100.6,light (I–II),melanoma,melanoma,true
ISIC_0034096,melanocytic_Nevi,melanocytic_Nevi,0.5503,true,true,0.5503,0.2605,0.473,0.205,104.7,light (I–II),melanocytic_Nevi,melanocytic_Nevi,true
ISIC_0034100,melanoma,benign_keratosis-like_lesions,0.3874,false,true,0.3874,0.921,0.243,0.0,89.8,light (I–II),melanoma,benign_keratosis-like_lesions,false
ISIC_0034110,melanocytic_Nevi,melanocytic_Nevi,0.5149,true,true,0.5149,0.3257,0.48,0.316,104.3,light (I–II),melanocytic_Nevi,melanocytic_Nevi,true
ISIC_0034121,melanocytic_Nevi,melanocytic_Nevi,0.9676,true,true,0.9676,0.0013,0.949,0.046,86.4,light (I–II),melanocytic_Nevi,melanocytic_Nevi,true
ISIC_0034125,benign_keratosis-like_lesions,benign_keratosis-like_lesions,0.746,true,true,0.746,0.1033,0.447,0.21,129.6,light (I–II),benign_keratosis-like_lesions,benign_keratosis-like_lesions,true
ISIC_0034127,melanocytic_Nevi,melanocytic_Nevi,0.9049,true,true,0.9049,0.0173,0.855,0.018,103.7,light (I–II),melanocytic_Nevi,melanocytic_Nevi,true
ISIC_0034129,melanocytic_Nevi,melanocytic_Nevi,0.9793,true,true,0.9793,0.0007,0.878,0.099,104.1,light (I–II),melanocytic_Nevi,melanocytic_Nevi,true
ISIC_0034134,melanoma,basal_cell_carcinoma,0.9807,false,true,0.9807,1.9456,0.981,0.3,112.1,light (I–II),melanoma,basal_cell_carcinoma,false
ISIC_0034159,melanoma,melanoma,0.8276,true,true,0.8276,0.0592,0.813,0.0,86.2,light (I–II),melanoma,melanoma,true
ISIC_0034162,melanoma,benign_keratosis-like_lesions,0.444,false,true,0.444,0.7409,0.401,0.0,87.8,light (I–II),melanoma,benign_keratosis-like_lesions,false
ISIC_0034192,melanocytic_Nevi,melanocytic_Nevi,0.8892,true,true,0.8892,0.0243,0.673,0.191,108.5,light (I–II),melanocytic_Nevi,melanocytic_Nevi,true
ISIC_0034194,melanocytic_Nevi,melanocytic_Nevi,0.9884,true,true,0.9884,0.0002,0.968,0.875,77.4,light (I–II),melanocytic_Nevi,melanocytic_Nevi,true
ISIC_0034195,melanocytic_Nevi,melanocytic_Nevi,0.7536,true,true,0.7536,0.1213,0.741,0.651,101.6,light (I–II),melanocytic_Nevi,melanocytic_Nevi,true
ISIC_0034214,vascular_lesions,vascular_lesions,0.9997,true,true,0.9997,0.0,0.005,0.0,89.8,light (I–II),vascular_lesions,vascular_lesions,true
ISIC_0034224,melanocytic_Nevi,melanoma,0.6313,false,true,0.6313,0.8135,0.582,0.004,-118.0,dark (V–VI),melanocytic_Nevi,melanoma,false
ISIC_0034231,melanocytic_Nevi,melanocytic_Nevi,0.4761,true,true,0.4761,0.4342,0.459,0.0,106.0,light (I–II),melanocytic_Nevi,melanocytic_Nevi,true
ISIC_0034232,melanocytic_Nevi,melanocytic_Nevi,0.9334,true,true,0.9334,0.0063,0.918,0.207,96.4,light (I–II),melanocytic_Nevi,melanocytic_Nevi,true
ISIC_0034235,benign_keratosis-like_lesions,benign_keratosis-like_lesions,0.8295,true,true,0.8295,0.0424,0.393,0.0,115.1,light (I–II),benign_keratosis-like_lesions,benign_keratosis-like_lesions,true
ISIC_0034239,melanoma,melanoma,0.9895,true,true,0.9895,0.0002,0.572,0.061,103.9,light (I–II),melanoma,melanoma,true
ISIC_0034242,melanoma,melanoma,0.877,true,true,0.877,0.0246,0.822,0.132,66.6,light (I–II),melanoma,melanoma,true
ISIC_0034243,melanoma,melanoma,0.7867,true,true,0.7867,0.0822,0.701,0.362,109.1,light (I–II),melanoma,melanoma,true
ISIC_0034252,benign_keratosis-like_lesions,benign_keratosis-like_lesions,0.6883,true,true,0.6883,0.1375,0.158,0.0,95.0,light (I–II),benign_keratosis-like_lesions,benign_keratosis-like_lesions,true
ISIC_0034255,basal_cell_carcinoma,basal_cell_carcinoma,0.9978,true,true,0.9978,0.0,0.998,0.069,99.7,light (I–II),basal_cell_carcinoma,basal_cell_carcinoma,true
ISIC_0034258,melanocytic_Nevi,melanocytic_Nevi,0.9253,true,true,0.9253,0.0097,0.704,0.681,83.1,light (I–II),melanocytic_Nevi,melanocytic_Nevi,true
ISIC_0034264,melanocytic_Nevi,melanocytic_Nevi,0.7724,true,true,0.7724,0.0882,0.723,0.161,-120.3,dark (V–VI),melanocytic_Nevi,melanocytic_Nevi,true
ISIC_0034269,melanoma,benign_keratosis-like_lesions,0.332,false,true,0.332,0.7356,0.215,0.0,81.7,light (I–II),melanoma,benign_keratosis-like_lesions,false
ISIC_0034286,melanocytic_Nevi,melanocytic_Nevi,0.7009,true,true,0.7009,0.1205,0.628,0.127,-91.6,dark (V–VI),melanocytic_Nevi,melanocytic_Nevi,true
ISIC_0034287,melanoma,melanoma,0.9903,true,true,0.9903,0.0002,0.98,0.1,106.0,light (I–II),melanoma,melanoma,true
ISIC_0034293,melanocytic_Nevi,melanocytic_Nevi,0.6287,true,true,0.6287,0.268,0.603,0.0,124.8,light (I–II),melanocytic_Nevi,melanocytic_Nevi,true
ISIC_0034299,basal_cell_carcinoma,basal_cell_carcinoma,0.985,true,true,0.985,0.0003,0.985,0.081,-17.0,dark (V–VI),basal_cell_carcinoma,basal_cell_carcinoma,true
ISIC_0034302,melanocytic_Nevi,melanocytic_Nevi,0.9745,true,true,0.9745,0.0012,0.97,0.101,91.6,light (I–II),melanocytic_Nevi,melanocytic_Nevi,true
ISIC_0034303,benign_keratosis-like_lesions,benign_keratosis-like_lesions,0.9523,true,true,0.9523,0.0031,0.855,0.029,51.8,light (I–II),benign_keratosis-like_lesions,benign_keratosis-like_lesions,true
ISIC_0034308,melanocytic_Nevi,melanocytic_Nevi,0.8593,true,true,0.8593,0.0312,0.853,0.72,99.6,light (I–II),melanocytic_Nevi,melanocytic_Nevi,true
ISIC_0034315,benign_keratosis-like_lesions,benign_keratosis-like_lesions,0.9153,true,true,0.9153,0.0105,0.57,0.42,126.2,light (I–II),benign_keratosis-like_lesions,benign_keratosis-like_lesions,true
ISIC_0034316,melanoma,melanoma,0.9441,true,true,0.9441,0.0039,0.941,0.03,63.5,light (I–II),melanoma,melanoma,true
